reward_id_2,reward_type_1,period,reward_num_5,reward_id_3,id,reward_id_4,reward_num_4,reward_num_2,reward_type_4,reward_num_1,ranking_bonus_group,reward_type_3,reward_id_1,rank_to,rank_from,reward_type_2,clan_battle_id,reward_num_3,reward_id_5,reward_type_5
90006,8,1,0,31043,1,0,0,5000,0,5000,0,2,91002,30,1,2,1001,30,0,0
90006,8,1,0,31043,2,0,0,4500,0,4500,0,2,91002,100,31,2,1001,25,0,0
90006,8,1,0,31043,3,0,0,4000,0,4000,0,2,91002,300,101,2,1001,20,0,0
90006,8,1,0,31043,4,0,0,3500,0,3500,0,2,91002,1000,301,2,1001,18,0,0
90006,8,1,0,31043,5,0,0,3000,0,3000,0,2,91002,2000,1001,2,1001,16,0,0
90006,8,1,0,31043,6,0,0,2000,0,2000,0,2,91002,5000,2001,2,1001,14,0,0
90006,8,1,0,31043,7,0,0,1500,0,1500,0,2,91002,10000,5001,2,1001,12,0,0
90006,8,1,0,31043,8,0,0,1000,0,1000,0,2,91002,20000,10001,2,1001,10,0,0
90006,8,1,0,31043,9,0,0,500,0,500,0,2,91002,-1,20001,2,1001,5,0,0
90006,8,1,0,31022,10,0,0,5000,0,5000,0,2,91002,20,1,2,1002,30,0,0
90006,8,1,0,31022,11,0,0,4500,0,4500,0,2,91002,100,21,2,1002,25,0,0
90006,8,1,0,31022,12,0,0,4000,0,4000,0,2,91002,250,101,2,1002,20,0,0
90006,8,1,0,31022,13,0,0,3500,0,3500,0,2,91002,500,251,2,1002,18,0,0
90006,8,1,0,31022,14,0,0,3000,0,3000,0,2,91002,1000,501,2,1002,16,0,0
90006,8,1,0,31022,15,0,0,2500,0,2500,0,2,91002,2000,1001,2,1002,14,0,0
90006,8,1,0,31022,16,0,0,2000,0,2000,0,2,91002,3000,2001,2,1002,12,0,0
90006,8,1,0,31022,17,0,0,1500,0,1500,0,2,91002,5000,3001,2,1002,10,0,0
90006,8,1,0,31022,18,0,0,1000,0,1000,0,2,91002,10000,5001,2,1002,8,0,0
90006,8,1,0,31022,19,0,0,500,0,500,0,2,91002,-1,10001,2,1002,5,0,0
90006,8,1,0,31042,20,0,0,5000,0,5000,0,2,91002,20,1,2,1003,30,0,0
90006,8,1,0,31042,21,0,0,4500,0,4500,0,2,91002,100,21,2,1003,25,0,0
90006,8,1,0,31042,22,0,0,4000,0,4000,0,2,91002,250,101,2,1003,20,0,0
90006,8,1,0,31042,23,0,0,3500,0,3500,0,2,91002,500,251,2,1003,18,0,0
90006,8,1,0,31042,24,0,0,3000,0,3000,0,2,91002,1000,501,2,1003,16,0,0
90006,8,1,0,31042,25,0,0,2500,0,2500,0,2,91002,2000,1001,2,1003,14,0,0
90006,8,1,0,31042,26,0,0,2000,0,2000,0,2,91002,3000,2001,2,1003,12,0,0
90006,8,1,0,31042,27,0,0,1500,0,1500,0,2,91002,5000,3001,2,1003,10,0,0
90006,8,1,0,31042,28,0,0,1000,0,1000,0,2,91002,10000,5001,2,1003,8,0,0
90006,8,1,0,31042,29,0,0,500,0,500,0,2,91002,-1,10001,2,1003,5,0,0
90006,8,1,0,31018,30,0,0,5000,0,5000,0,2,91002,20,1,2,1004,30,0,0
90006,8,1,0,31018,31,0,0,4500,0,4500,0,2,91002,100,21,2,1004,25,0,0
90006,8,1,0,31018,32,0,0,4000,0,4000,0,2,91002,250,101,2,1004,20,0,0
90006,8,1,0,31018,33,0,0,3500,0,3500,0,2,91002,500,251,2,1004,18,0,0
90006,8,1,0,31018,34,0,0,3000,0,3000,0,2,91002,1000,501,2,1004,16,0,0
90006,8,1,0,31018,35,0,0,2500,0,2500,0,2,91002,2000,1001,2,1004,14,0,0
90006,8,1,0,31018,36,0,0,2000,0,2000,0,2,91002,3000,2001,2,1004,12,0,0
90006,8,1,0,31018,37,0,0,1500,0,1500,0,2,91002,5000,3001,2,1004,10,0,0
90006,8,1,0,31018,38,0,0,1000,0,1000,0,2,91002,10000,5001,2,1004,8,0,0
90006,8,1,0,31018,39,0,0,500,0,500,0,2,91002,-1,10001,2,1004,5,0,0
90006,8,1,0,31025,40,0,0,5000,0,5000,0,2,91002,20,1,2,1005,30,0,0
90006,8,1,0,31025,41,0,0,4500,0,4500,0,2,91002,100,21,2,1005,25,0,0
90006,8,1,0,31025,42,0,0,4000,0,4000,0,2,91002,250,101,2,1005,20,0,0
90006,8,1,0,31025,43,0,0,3500,0,3500,0,2,91002,500,251,2,1005,18,0,0
90006,8,1,0,31025,44,0,0,3000,0,3000,0,2,91002,1000,501,2,1005,16,0,0
90006,8,1,0,31025,45,0,0,2500,0,2500,0,2,91002,2000,1001,2,1005,14,0,0
90006,8,1,0,31025,46,0,0,2000,0,2000,0,2,91002,3000,2001,2,1005,12,0,0
90006,8,1,0,31025,47,0,0,1500,0,1500,0,2,91002,5000,3001,2,1005,10,0,0
90006,8,1,0,31025,48,0,0,1000,0,1000,0,2,91002,10000,5001,2,1005,8,0,0
90006,8,1,0,31025,49,0,0,500,0,500,0,2,91002,-1,10001,2,1005,5,0,0
90006,8,1,0,31043,50,0,0,5000,0,5000,0,2,91002,20,1,2,1006,30,0,0
90006,8,1,0,31043,51,0,0,4500,0,4500,0,2,91002,100,21,2,1006,25,0,0
90006,8,1,0,31043,52,0,0,4000,0,4000,0,2,91002,250,101,2,1006,20,0,0
90006,8,1,0,31043,53,0,0,3500,0,3500,0,2,91002,500,251,2,1006,18,0,0
90006,8,1,0,31043,54,0,0,3000,0,3000,0,2,91002,1000,501,2,1006,16,0,0
90006,8,1,0,31043,55,0,0,2500,0,2500,0,2,91002,2000,1001,2,1006,14,0,0
90006,8,1,0,31043,56,0,0,2000,0,2000,0,2,91002,3000,2001,2,1006,12,0,0
90006,8,1,0,31043,57,0,0,1500,0,1500,0,2,91002,5000,3001,2,1006,10,0,0
90006,8,1,0,31043,58,0,0,1000,0,1000,0,2,91002,10000,5001,2,1006,8,0,0
90006,8,1,0,31043,59,0,0,500,0,500,0,2,91002,-1,10001,2,1006,5,0,0
90006,8,1,0,31022,60,0,0,5000,0,5000,0,2,91002,20,1,2,1007,30,0,0
90006,8,1,0,31022,61,0,0,4500,0,4500,0,2,91002,100,21,2,1007,25,0,0
90006,8,1,0,31022,62,0,0,4000,0,4000,0,2,91002,250,101,2,1007,20,0,0
90006,8,1,0,31022,63,0,0,3500,0,3500,0,2,91002,500,251,2,1007,18,0,0
90006,8,1,0,31022,64,0,0,3000,0,3000,0,2,91002,1000,501,2,1007,16,0,0
90006,8,1,0,31022,65,0,0,2500,0,2500,0,2,91002,2000,1001,2,1007,14,0,0
90006,8,1,0,31022,66,0,0,2000,0,2000,0,2,91002,3000,2001,2,1007,12,0,0
90006,8,1,0,31022,67,0,0,1500,0,1500,0,2,91002,5000,3001,2,1007,10,0,0
90006,8,1,0,31022,68,0,0,1000,0,1000,0,2,91002,10000,5001,2,1007,8,0,0
90006,8,1,0,31022,69,0,0,500,0,500,0,2,91002,-1,10001,2,1007,5,0,0
90006,8,1,0,31042,70,0,0,5000,0,5000,0,2,91002,20,1,2,1008,30,0,0
90006,8,1,0,31042,71,0,0,4500,0,4500,0,2,91002,100,21,2,1008,25,0,0
90006,8,1,0,31042,72,0,0,4000,0,4000,0,2,91002,250,101,2,1008,20,0,0
90006,8,1,0,31042,73,0,0,3500,0,3500,0,2,91002,500,251,2,1008,18,0,0
90006,8,1,0,31042,74,0,0,3000,0,3000,0,2,91002,1000,501,2,1008,16,0,0
90006,8,1,0,31042,75,0,0,2500,0,2500,0,2,91002,2000,1001,2,1008,14,0,0
90006,8,1,0,31042,76,0,0,2000,0,2000,0,2,91002,3000,2001,2,1008,12,0,0
90006,8,1,0,31042,77,0,0,1500,0,1500,0,2,91002,5000,3001,2,1008,10,0,0
90006,8,1,0,31042,78,0,0,1000,0,1000,0,2,91002,10000,5001,2,1008,8,0,0
90006,8,1,0,31042,79,0,0,500,0,500,0,2,91002,-1,10001,2,1008,5,0,0
90006,8,1,0,31018,80,0,0,5000,0,5000,0,2,91002,20,1,2,1009,30,0,0
90006,8,1,0,31018,81,0,0,4500,0,4500,0,2,91002,100,21,2,1009,25,0,0
90006,8,1,0,31018,82,0,0,4000,0,4000,0,2,91002,250,101,2,1009,20,0,0
90006,8,1,0,31018,83,0,0,3500,0,3500,0,2,91002,500,251,2,1009,18,0,0
90006,8,1,0,31018,84,0,0,3000,0,3000,0,2,91002,1000,501,2,1009,16,0,0
90006,8,1,0,31018,85,0,0,2500,0,2500,0,2,91002,2000,1001,2,1009,14,0,0
90006,8,1,0,31018,86,0,0,2000,0,2000,0,2,91002,3000,2001,2,1009,12,0,0
90006,8,1,0,31018,87,0,0,1500,0,1500,0,2,91002,5000,3001,2,1009,10,0,0
90006,8,1,0,31018,88,0,0,1000,0,1000,0,2,91002,10000,5001,2,1009,8,0,0
90006,8,1,0,31018,89,0,0,500,0,500,0,2,91002,-1,10001,2,1009,5,0,0
90006,8,1,0,31025,90,0,0,5000,0,5000,0,2,91002,20,1,2,1010,30,0,0
90006,8,1,0,31025,91,0,0,4500,0,4500,0,2,91002,100,21,2,1010,25,0,0
90006,8,1,0,31025,92,0,0,4000,0,4000,0,2,91002,250,101,2,1010,20,0,0
90006,8,1,0,31025,93,0,0,3500,0,3500,0,2,91002,500,251,2,1010,18,0,0
90006,8,1,0,31025,94,0,0,3000,0,3000,0,2,91002,1000,501,2,1010,16,0,0
90006,8,1,0,31025,95,0,0,2500,0,2500,0,2,91002,2000,1001,2,1010,14,0,0
90006,8,1,0,31025,96,0,0,2000,0,2000,0,2,91002,3000,2001,2,1010,12,0,0
90006,8,1,0,31025,97,0,0,1500,0,1500,0,2,91002,5000,3001,2,1010,10,0,0
90006,8,1,0,31025,98,0,0,1000,0,1000,0,2,91002,10000,5001,2,1010,8,0,0
90006,8,1,0,31025,99,0,0,500,0,500,0,2,91002,-1,10001,2,1010,5,0,0
90006,8,1,0,31043,100,0,0,5000,0,5000,0,2,91002,20,1,2,1011,30,0,0
90006,8,1,0,31043,101,0,0,4500,0,4500,0,2,91002,100,21,2,1011,25,0,0
90006,8,1,0,31043,102,0,0,4000,0,4000,0,2,91002,250,101,2,1011,20,0,0
90006,8,1,0,31043,103,0,0,3500,0,3500,0,2,91002,500,251,2,1011,18,0,0
90006,8,1,0,31043,104,0,0,3000,0,3000,0,2,91002,1000,501,2,1011,16,0,0
90006,8,1,0,31043,105,0,0,2500,0,2500,0,2,91002,2000,1001,2,1011,14,0,0
90006,8,1,0,31043,106,0,0,2000,0,2000,0,2,91002,3000,2001,2,1011,12,0,0
90006,8,1,0,31043,107,0,0,1500,0,1500,0,2,91002,5000,3001,2,1011,10,0,0
90006,8,1,0,31043,108,0,0,1000,0,1000,0,2,91002,10000,5001,2,1011,8,0,0
90006,8,1,0,31043,109,0,0,500,0,500,0,2,91002,-1,10001,2,1011,5,0,0
90006,8,1,0,31022,110,0,0,5000,0,5000,0,2,91002,20,1,2,1012,30,0,0
90006,8,1,0,31022,111,0,0,4500,0,4500,0,2,91002,100,21,2,1012,25,0,0
90006,8,1,0,31022,112,0,0,4000,0,4000,0,2,91002,250,101,2,1012,20,0,0
90006,8,1,0,31022,113,0,0,3500,0,3500,0,2,91002,500,251,2,1012,18,0,0
90006,8,1,0,31022,114,0,0,3000,0,3000,0,2,91002,1000,501,2,1012,16,0,0
90006,8,1,0,31022,115,0,0,2500,0,2500,0,2,91002,2000,1001,2,1012,14,0,0
90006,8,1,0,31022,116,0,0,2000,0,2000,0,2,91002,3000,2001,2,1012,12,0,0
90006,8,1,0,31022,117,0,0,1500,0,1500,0,2,91002,5000,3001,2,1012,10,0,0
90006,8,1,0,31022,118,0,0,1000,0,1000,0,2,91002,10000,5001,2,1012,8,0,0
90006,8,1,0,31022,119,0,0,500,0,500,0,2,91002,-1,10001,2,1012,5,0,0
90006,8,1,0,31042,120,0,0,5000,0,5000,0,2,91002,20,1,2,1013,30,0,0
90006,8,1,0,31042,121,0,0,4500,0,4500,0,2,91002,100,21,2,1013,25,0,0
90006,8,1,0,31042,122,0,0,4000,0,4000,0,2,91002,250,101,2,1013,20,0,0
90006,8,1,0,31042,123,0,0,3500,0,3500,0,2,91002,500,251,2,1013,18,0,0
90006,8,1,0,31042,124,0,0,3000,0,3000,0,2,91002,1000,501,2,1013,16,0,0
90006,8,1,0,31042,125,0,0,2500,0,2500,0,2,91002,2000,1001,2,1013,14,0,0
90006,8,1,0,31042,126,0,0,2000,0,2000,0,2,91002,3000,2001,2,1013,12,0,0
90006,8,1,0,31042,127,0,0,1500,0,1500,0,2,91002,5000,3001,2,1013,10,0,0
90006,8,1,0,31042,128,0,0,1000,0,1000,0,2,91002,10000,5001,2,1013,8,0,0
90006,8,1,0,31042,129,0,0,500,0,500,0,2,91002,-1,10001,2,1013,5,0,0
90006,8,1,0,31018,130,0,0,5000,0,5000,0,2,91002,20,1,2,1014,30,0,0
90006,8,1,0,31018,131,0,0,4500,0,4500,0,2,91002,100,21,2,1014,25,0,0
90006,8,1,0,31018,132,0,0,4000,0,4000,0,2,91002,250,101,2,1014,20,0,0
90006,8,1,0,31018,133,0,0,3500,0,3500,0,2,91002,500,251,2,1014,18,0,0
90006,8,1,0,31018,134,0,0,3000,0,3000,0,2,91002,1000,501,2,1014,16,0,0
90006,8,1,0,31018,135,0,0,2500,0,2500,0,2,91002,2000,1001,2,1014,14,0,0
90006,8,1,0,31018,136,0,0,2000,0,2000,0,2,91002,3000,2001,2,1014,12,0,0
90006,8,1,0,31018,137,0,0,1500,0,1500,0,2,91002,5000,3001,2,1014,10,0,0
90006,8,1,0,31018,138,0,0,1000,0,1000,0,2,91002,10000,5001,2,1014,8,0,0
90006,8,1,0,31018,139,0,0,500,0,500,0,2,91002,-1,10001,2,1014,5,0,0
90006,8,1,0,31042,140,0,0,5000,0,5000,0,2,91002,20,1,2,1015,30,0,0
90006,8,1,0,31042,141,0,0,4500,0,4500,0,2,91002,100,21,2,1015,25,0,0
90006,8,1,0,31042,142,0,0,4000,0,4000,0,2,91002,250,101,2,1015,20,0,0
90006,8,1,0,31042,143,0,0,3500,0,3500,0,2,91002,500,251,2,1015,18,0,0
90006,8,1,0,31042,144,0,0,3000,0,3000,0,2,91002,1000,501,2,1015,16,0,0
90006,8,1,0,31042,145,0,0,2500,0,2500,0,2,91002,2000,1001,2,1015,14,0,0
90006,8,1,0,31042,146,0,0,2000,0,2000,0,2,91002,3000,2001,2,1015,12,0,0
90006,8,1,0,31042,147,0,0,1500,0,1500,0,2,91002,5000,3001,2,1015,10,0,0
90006,8,1,0,31042,148,0,0,1000,0,1000,0,2,91002,10000,5001,2,1015,8,0,0
90006,8,1,0,31042,149,0,0,500,0,500,0,2,91002,-1,10001,2,1015,5,0,0
90006,8,1,0,31025,150,0,0,5000,0,5000,0,2,91002,50,1,2,1016,30,0,0
90006,8,1,0,31025,151,0,0,4500,0,4500,0,2,91002,150,51,2,1016,25,0,0
90006,8,1,0,31025,152,0,0,4000,0,4000,0,2,91002,300,151,2,1016,20,0,0
90006,8,1,0,31025,153,0,0,3500,0,3500,0,2,91002,700,301,2,1016,18,0,0
90006,8,1,0,31025,154,0,0,3000,0,3000,0,2,91002,1300,701,2,1016,16,0,0
90006,8,1,0,31025,155,0,0,2500,0,2500,0,2,91002,2500,1301,2,1016,14,0,0
90006,8,1,0,31025,156,0,0,2000,0,2000,0,2,91002,4000,2501,2,1016,12,0,0
90006,8,1,0,31025,157,0,0,1500,0,1500,0,2,91002,6000,4001,2,1016,10,0,0
90006,8,1,0,31025,158,0,0,1000,0,1000,0,2,91002,10000,6001,2,1016,8,0,0
90006,8,1,0,31025,159,0,0,750,0,750,0,2,91002,15000,10001,2,1016,7,0,0
90006,8,1,0,31025,160,0,0,500,0,500,0,2,91002,-1,15001,2,1016,5,0,0
90006,8,1,0,31043,165,0,0,5000,0,5000,0,2,91002,50,1,2,1017,30,0,0
90006,8,1,0,31043,166,0,0,4500,0,4500,0,2,91002,150,51,2,1017,25,0,0
90006,8,1,0,31043,167,0,0,4000,0,4000,0,2,91002,300,151,2,1017,20,0,0
90006,8,1,0,31043,168,0,0,3500,0,3500,0,2,91002,700,301,2,1017,18,0,0
90006,8,1,0,31043,169,0,0,3000,0,3000,0,2,91002,1300,701,2,1017,16,0,0
90006,8,1,0,31043,170,0,0,2500,0,2500,0,2,91002,2500,1301,2,1017,14,0,0
90006,8,1,0,31043,171,0,0,2000,0,2000,0,2,91002,4000,2501,2,1017,12,0,0
90006,8,1,0,31043,172,0,0,1500,0,1500,0,2,91002,6000,4001,2,1017,10,0,0
90006,8,1,0,31043,173,0,0,1000,0,1000,0,2,91002,10000,6001,2,1017,8,0,0
90006,8,1,0,31043,174,0,0,750,0,750,0,2,91002,15000,10001,2,1017,7,0,0
90006,8,1,0,31043,175,0,0,500,0,500,0,2,91002,-1,15001,2,1017,5,0,0
90006,8,1,0,31022,176,0,0,5000,0,5000,0,2,91002,50,1,2,1018,30,0,0
90006,8,1,0,31022,177,0,0,4500,0,4500,0,2,91002,150,51,2,1018,25,0,0
90006,8,1,0,31022,178,0,0,4000,0,4000,0,2,91002,300,151,2,1018,20,0,0
90006,8,1,0,31022,179,0,0,3500,0,3500,0,2,91002,700,301,2,1018,18,0,0
90006,8,1,0,31022,180,0,0,3000,0,3000,0,2,91002,1300,701,2,1018,16,0,0
90006,8,1,0,31022,181,0,0,2500,0,2500,0,2,91002,2500,1301,2,1018,14,0,0
90006,8,1,0,31022,182,0,0,2000,0,2000,0,2,91002,4000,2501,2,1018,12,0,0
90006,8,1,0,31022,183,0,0,1500,0,1500,0,2,91002,6000,4001,2,1018,10,0,0
90006,8,1,0,31022,184,0,0,1000,0,1000,0,2,91002,10000,6001,2,1018,8,0,0
90006,8,1,0,31022,185,0,0,750,0,750,0,2,91002,15000,10001,2,1018,7,0,0
90006,8,1,0,31022,186,0,0,500,0,500,0,2,91002,-1,15001,2,1018,5,0,0
90006,8,1,0,31018,187,0,0,5000,0,5000,0,2,91002,50,1,2,1019,30,0,0
90006,8,1,0,31018,188,0,0,4500,0,4500,0,2,91002,150,51,2,1019,25,0,0
90006,8,1,0,31018,189,0,0,4000,0,4000,0,2,91002,300,151,2,1019,20,0,0
90006,8,1,0,31018,190,0,0,3500,0,3500,0,2,91002,700,301,2,1019,18,0,0
90006,8,1,0,31018,191,0,0,3000,0,3000,0,2,91002,1300,701,2,1019,16,0,0
90006,8,1,0,31018,192,0,0,2500,0,2500,0,2,91002,2500,1301,2,1019,14,0,0
90006,8,1,0,31018,193,0,0,2000,0,2000,0,2,91002,4000,2501,2,1019,12,0,0
90006,8,1,0,31018,194,0,0,1500,0,1500,0,2,91002,6000,4001,2,1019,10,0,0
90006,8,1,0,31018,195,0,0,1000,0,1000,0,2,91002,10000,6001,2,1019,8,0,0
90006,8,1,0,31018,196,0,0,750,0,750,0,2,91002,15000,10001,2,1019,7,0,0
90006,8,1,0,31018,197,0,0,500,0,500,0,2,91002,-1,15001,2,1019,5,0,0
90006,8,1,0,31042,198,0,0,5000,0,5000,0,2,91002,50,1,2,1020,30,0,0
90006,8,1,0,31042,199,0,0,4500,0,4500,0,2,91002,150,51,2,1020,25,0,0
90006,8,1,0,31042,200,0,0,4000,0,4000,0,2,91002,300,151,2,1020,20,0,0
90006,8,1,0,31042,201,0,0,3500,0,3500,0,2,91002,700,301,2,1020,18,0,0
90006,8,1,0,31042,202,0,0,3000,0,3000,0,2,91002,1300,701,2,1020,16,0,0
90006,8,1,0,31042,203,0,0,2500,0,2500,0,2,91002,2500,1301,2,1020,14,0,0
90006,8,1,0,31042,204,0,0,2000,0,2000,0,2,91002,4000,2501,2,1020,12,0,0
90006,8,1,0,31042,205,0,0,1500,0,1500,0,2,91002,6000,4001,2,1020,10,0,0
90006,8,1,0,31042,206,0,0,1000,0,1000,0,2,91002,10000,6001,2,1020,8,0,0
90006,8,1,0,31042,207,0,0,750,0,750,0,2,91002,15000,10001,2,1020,7,0,0
90006,8,1,0,31042,208,0,0,500,0,500,0,2,91002,-1,15001,2,1020,5,0,0
90006,8,1,0,31025,209,0,0,5000,0,5000,0,2,91002,50,1,2,1021,30,0,0
90006,8,1,0,31025,210,0,0,4500,0,4500,0,2,91002,150,51,2,1021,25,0,0
90006,8,1,0,31025,211,0,0,4000,0,4000,0,2,91002,300,151,2,1021,20,0,0
90006,8,1,0,31025,212,0,0,3500,0,3500,0,2,91002,700,301,2,1021,18,0,0
90006,8,1,0,31025,213,0,0,3000,0,3000,0,2,91002,1300,701,2,1021,16,0,0
90006,8,1,0,31025,214,0,0,2500,0,2500,0,2,91002,2500,1301,2,1021,14,0,0
90006,8,1,0,31025,215,0,0,2000,0,2000,0,2,91002,4000,2501,2,1021,12,0,0
90006,8,1,0,31025,216,0,0,1500,0,1500,0,2,91002,6000,4001,2,1021,10,0,0
90006,8,1,0,31025,217,0,0,1000,0,1000,0,2,91002,10000,6001,2,1021,8,0,0
90006,8,1,0,31025,218,0,0,750,0,750,0,2,91002,15000,10001,2,1021,7,0,0
90006,8,1,0,31025,219,0,0,500,0,500,0,2,91002,-1,15001,2,1021,5,0,0
90006,8,1,0,31018,220,0,0,5000,0,5000,0,2,91002,50,1,2,1022,30,0,0
90006,8,1,0,31018,221,0,0,4500,0,4500,0,2,91002,150,51,2,1022,25,0,0
90006,8,1,0,31018,222,0,0,4000,0,4000,0,2,91002,300,151,2,1022,20,0,0
90006,8,1,0,31018,223,0,0,3500,0,3500,0,2,91002,700,301,2,1022,18,0,0
90006,8,1,0,31018,224,0,0,3000,0,3000,0,2,91002,1300,701,2,1022,16,0,0
90006,8,1,0,31018,225,0,0,2500,0,2500,0,2,91002,2500,1301,2,1022,14,0,0
90006,8,1,0,31018,226,0,0,2000,0,2000,0,2,91002,4000,2501,2,1022,12,0,0
90006,8,1,0,31018,227,0,0,1500,0,1500,0,2,91002,6000,4001,2,1022,10,0,0
90006,8,1,0,31018,228,0,0,1000,0,1000,0,2,91002,10000,6001,2,1022,8,0,0
90006,8,1,0,31018,229,0,0,750,0,750,0,2,91002,15000,10001,2,1022,7,0,0
90006,8,1,0,31018,230,0,0,500,0,500,0,2,91002,-1,15001,2,1022,5,0,0
90006,8,1,0,31042,231,0,0,5000,0,5000,0,2,91002,50,1,2,1023,30,0,0
90006,8,1,0,31042,232,0,0,4500,0,4500,0,2,91002,150,51,2,1023,25,0,0
90006,8,1,0,31042,233,0,0,4000,0,4000,0,2,91002,300,151,2,1023,20,0,0
90006,8,1,0,31042,234,0,0,3500,0,3500,0,2,91002,700,301,2,1023,18,0,0
90006,8,1,0,31042,235,0,0,3000,0,3000,0,2,91002,1300,701,2,1023,16,0,0
90006,8,1,0,31042,236,0,0,2500,0,2500,0,2,91002,2500,1301,2,1023,14,0,0
90006,8,1,0,31042,237,0,0,2000,0,2000,0,2,91002,4000,2501,2,1023,12,0,0
90006,8,1,0,31042,238,0,0,1500,0,1500,0,2,91002,6000,4001,2,1023,10,0,0
90006,8,1,0,31042,239,0,0,1000,0,1000,0,2,91002,10000,6001,2,1023,8,0,0
90006,8,1,0,31042,240,0,0,750,0,750,0,2,91002,15000,10001,2,1023,7,0,0
90006,8,1,0,31042,241,0,0,500,0,500,0,2,91002,-1,15001,2,1023,5,0,0
90006,8,1,0,31043,242,0,0,5000,0,5000,0,2,91002,50,1,2,1024,30,0,0
90006,8,1,0,31043,243,0,0,4500,0,4500,0,2,91002,150,51,2,1024,25,0,0
90006,8,1,0,31043,244,0,0,4000,0,4000,0,2,91002,300,151,2,1024,20,0,0
90006,8,1,0,31043,245,0,0,3500,0,3500,0,2,91002,700,301,2,1024,18,0,0
90006,8,1,0,31043,246,0,0,3000,0,3000,0,2,91002,1500,701,2,1024,16,0,0
90006,8,1,0,31043,247,0,0,2500,0,2500,0,2,91002,3000,1501,2,1024,14,0,0
90006,8,1,0,31043,248,0,0,2000,0,2000,0,2,91002,5000,3001,2,1024,12,0,0
90006,8,1,0,31043,249,0,0,1500,0,1500,0,2,91002,7000,5001,2,1024,10,0,0
90006,8,1,0,31043,250,0,0,1000,0,1000,0,2,91002,10000,7001,2,1024,8,0,0
90006,8,1,0,31043,251,0,0,750,0,750,0,2,91002,15000,10001,2,1024,7,0,0
90006,8,1,0,31043,252,0,0,500,0,500,0,2,91002,-1,15001,2,1024,5,0,0
90006,8,1,0,31022,253,0,0,5000,0,5000,0,2,91002,50,1,2,1025,30,0,0
90006,8,1,0,31022,254,0,0,4500,0,4500,0,2,91002,150,51,2,1025,25,0,0
90006,8,1,0,31022,255,0,0,4000,0,4000,0,2,91002,300,151,2,1025,20,0,0
90006,8,1,0,31022,256,0,0,3500,0,3500,0,2,91002,700,301,2,1025,18,0,0
90006,8,1,0,31022,257,0,0,3000,0,3000,0,2,91002,1500,701,2,1025,16,0,0
90006,8,1,0,31022,258,0,0,2500,0,2500,0,2,91002,3000,1501,2,1025,14,0,0
90006,8,1,0,31022,259,0,0,2000,0,2000,0,2,91002,5000,3001,2,1025,12,0,0
90006,8,1,0,31022,260,0,0,1500,0,1500,0,2,91002,7000,5001,2,1025,10,0,0
90006,8,1,0,31022,261,0,0,1000,0,1000,0,2,91002,10000,7001,2,1025,8,0,0
90006,8,1,0,31022,262,0,0,750,0,750,0,2,91002,15000,10001,2,1025,7,0,0
90006,8,1,0,31022,263,0,0,500,0,500,0,2,91002,-1,15001,2,1025,5,0,0
90006,8,1,0,31025,264,0,0,5000,0,5000,0,2,91002,50,1,2,1026,30,0,0
90006,8,1,0,31025,265,0,0,4500,0,4500,0,2,91002,150,51,2,1026,25,0,0
90006,8,1,0,31025,266,0,0,4000,0,4000,0,2,91002,300,151,2,1026,20,0,0
90006,8,1,0,31025,267,0,0,3500,0,3500,0,2,91002,700,301,2,1026,18,0,0
90006,8,1,0,31025,268,0,0,3000,0,3000,0,2,91002,1500,701,2,1026,16,0,0
90006,8,1,0,31025,269,0,0,2500,0,2500,0,2,91002,3000,1501,2,1026,14,0,0
90006,8,1,0,31025,270,0,0,2000,0,2000,0,2,91002,5000,3001,2,1026,12,0,0
90006,8,1,0,31025,271,0,0,1500,0,1500,0,2,91002,7000,5001,2,1026,10,0,0
90006,8,1,0,31025,272,0,0,1000,0,1000,0,2,91002,10000,7001,2,1026,8,0,0
90006,8,1,0,31025,273,0,0,750,0,750,0,2,91002,15000,10001,2,1026,7,0,0
90006,8,1,0,31025,274,0,0,500,0,500,0,2,91002,-1,15001,2,1026,5,0,0
90006,8,1,0,31018,275,0,0,5000,0,5000,0,2,91002,50,1,2,1027,30,0,0
90006,8,1,0,31018,276,0,0,4500,0,4500,0,2,91002,150,51,2,1027,25,0,0
90006,8,1,0,31018,277,0,0,4000,0,4000,0,2,91002,300,151,2,1027,20,0,0
90006,8,1,0,31018,278,0,0,3500,0,3500,0,2,91002,700,301,2,1027,18,0,0
90006,8,1,0,31018,279,0,0,3000,0,3000,0,2,91002,1500,701,2,1027,16,0,0
90006,8,1,0,31018,280,0,0,2500,0,2500,0,2,91002,3000,1501,2,1027,14,0,0
90006,8,1,0,31018,281,0,0,2000,0,2000,0,2,91002,5000,3001,2,1027,12,0,0
90006,8,1,0,31018,282,0,0,1500,0,1500,0,2,91002,7000,5001,2,1027,10,0,0
90006,8,1,0,31018,283,0,0,1000,0,1000,0,2,91002,10000,7001,2,1027,8,0,0
90006,8,1,0,31018,284,0,0,750,0,750,0,2,91002,15000,10001,2,1027,7,0,0
90006,8,1,0,31018,285,0,0,500,0,500,0,2,91002,-1,15001,2,1027,5,0,0
90006,8,1,0,31042,286,0,0,5000,0,5000,0,2,91002,50,1,2,1028,30,0,0
90006,8,1,0,31042,287,0,0,4500,0,4500,0,2,91002,150,51,2,1028,25,0,0
90006,8,1,0,31042,288,0,0,4000,0,4000,0,2,91002,300,151,2,1028,20,0,0
90006,8,1,0,31042,289,0,0,3500,0,3500,0,2,91002,700,301,2,1028,18,0,0
90006,8,1,0,31042,290,0,0,3000,0,3000,0,2,91002,1500,701,2,1028,16,0,0
90006,8,1,0,31042,291,0,0,2500,0,2500,0,2,91002,3000,1501,2,1028,14,0,0
90006,8,1,0,31042,292,0,0,2000,0,2000,0,2,91002,5000,3001,2,1028,12,0,0
90006,8,1,0,31042,293,0,0,1500,0,1500,0,2,91002,7000,5001,2,1028,10,0,0
90006,8,1,0,31042,294,0,0,1000,0,1000,0,2,91002,10000,7001,2,1028,8,0,0
90006,8,1,0,31042,295,0,0,750,0,750,0,2,91002,15000,10001,2,1028,7,0,0
90006,8,1,0,31042,296,0,0,500,0,500,0,2,91002,-1,15001,2,1028,5,0,0
90006,8,1,0,31043,297,0,0,5500,0,5500,0,2,91002,50,1,2,1029,35,0,0
90006,8,1,0,31043,298,0,0,5000,0,5000,0,2,91002,150,51,2,1029,30,0,0
90006,8,1,0,31043,299,0,0,4500,0,4500,0,2,91002,300,151,2,1029,25,0,0
90006,8,1,0,31043,300,0,0,4000,0,4000,0,2,91002,700,301,2,1029,20,0,0
90006,8,1,0,31043,301,0,0,3500,0,3500,0,2,91002,1500,701,2,1029,18,0,0
90006,8,1,0,31043,302,0,0,3000,0,3000,0,2,91002,3000,1501,2,1029,16,0,0
90006,8,1,0,31043,303,0,0,2500,0,2500,0,2,91002,5000,3001,2,1029,14,0,0
90006,8,1,0,31043,304,0,0,2000,0,2000,0,2,91002,7000,5001,2,1029,12,0,0
90006,8,1,0,31043,305,0,0,1500,0,1500,0,2,91002,10000,7001,2,1029,10,0,0
90006,8,1,0,31043,306,0,0,1000,0,1000,0,2,91002,15000,10001,2,1029,8,0,0
90006,8,1,0,31043,307,0,0,750,0,750,0,2,91002,-1,15001,2,1029,7,0,0
90006,8,1,0,31025,308,0,0,5000,0,5000,0,2,91002,50,1,2,1030,30,0,0
90006,8,1,0,31025,309,0,0,4500,0,4500,0,2,91002,150,51,2,1030,25,0,0
90006,8,1,0,31025,310,0,0,4000,0,4000,0,2,91002,300,151,2,1030,20,0,0
90006,8,1,0,31025,311,0,0,3500,0,3500,0,2,91002,700,301,2,1030,18,0,0
90006,8,1,0,31025,312,0,0,3000,0,3000,0,2,91002,1500,701,2,1030,16,0,0
90006,8,1,0,31025,313,0,0,2500,0,2500,0,2,91002,3000,1501,2,1030,14,0,0
90006,8,1,0,31025,314,0,0,2000,0,2000,0,2,91002,5000,3001,2,1030,12,0,0
90006,8,1,0,31025,315,0,0,1500,0,1500,0,2,91002,7000,5001,2,1030,10,0,0
90006,8,1,0,31025,316,0,0,1000,0,1000,0,2,91002,10000,7001,2,1030,8,0,0
90006,8,1,0,31025,317,0,0,750,0,750,0,2,91002,15000,10001,2,1030,7,0,0
90006,8,1,0,31025,318,0,0,500,0,500,0,2,91002,-1,15001,2,1030,5,0,0
90006,8,1,0,31022,319,0,0,5000,0,5000,0,2,91002,50,1,2,1031,30,0,0
90006,8,1,0,31022,320,0,0,4500,0,4500,0,2,91002,150,51,2,1031,25,0,0
90006,8,1,0,31022,321,0,0,4000,0,4000,0,2,91002,300,151,2,1031,20,0,0
90006,8,1,0,31022,322,0,0,3500,0,3500,0,2,91002,700,301,2,1031,18,0,0
90006,8,1,0,31022,323,0,0,3000,0,3000,0,2,91002,1500,701,2,1031,16,0,0
90006,8,1,0,31022,324,0,0,2500,0,2500,0,2,91002,3000,1501,2,1031,14,0,0
90006,8,1,0,31022,325,0,0,2000,0,2000,0,2,91002,5000,3001,2,1031,12,0,0
90006,8,1,0,31022,326,0,0,1500,0,1500,0,2,91002,7000,5001,2,1031,10,0,0
90006,8,1,0,31022,327,0,0,1000,0,1000,0,2,91002,10000,7001,2,1031,8,0,0
90006,8,1,0,31022,328,0,0,750,0,750,0,2,91002,15000,10001,2,1031,7,0,0
90006,8,1,0,31022,329,0,0,500,0,500,0,2,91002,-1,15001,2,1031,5,0,0
90006,8,1,0,31018,330,0,0,5000,0,5000,0,2,91002,50,1,2,1032,30,0,0
90006,8,1,0,31018,331,0,0,4500,0,4500,0,2,91002,150,51,2,1032,25,0,0
90006,8,1,0,31018,332,0,0,4000,0,4000,0,2,91002,300,151,2,1032,20,0,0
90006,8,1,0,31018,333,0,0,3500,0,3500,0,2,91002,700,301,2,1032,18,0,0
90006,8,1,0,31018,334,0,0,3000,0,3000,0,2,91002,1500,701,2,1032,16,0,0
90006,8,1,0,31018,335,0,0,2500,0,2500,0,2,91002,3000,1501,2,1032,14,0,0
90006,8,1,0,31018,336,0,0,2000,0,2000,0,2,91002,5000,3001,2,1032,12,0,0
90006,8,1,0,31018,337,0,0,1500,0,1500,0,2,91002,7000,5001,2,1032,10,0,0
90006,8,1,0,31018,338,0,0,1000,0,1000,0,2,91002,10000,7001,2,1032,8,0,0
90006,8,1,0,31018,339,0,0,750,0,750,0,2,91002,15000,10001,2,1032,7,0,0
90006,8,1,0,31018,340,0,0,500,0,500,0,2,91002,-1,15001,2,1032,5,0,0
90006,8,1,0,31042,341,0,0,5000,0,5000,0,2,91002,50,1,2,1033,30,0,0
90006,8,1,0,31042,342,0,0,4500,0,4500,0,2,91002,150,51,2,1033,25,0,0
90006,8,1,0,31042,343,0,0,4000,0,4000,0,2,91002,300,151,2,1033,20,0,0
90006,8,1,0,31042,344,0,0,3500,0,3500,0,2,91002,700,301,2,1033,18,0,0
90006,8,1,0,31042,345,0,0,3000,0,3000,0,2,91002,1500,701,2,1033,16,0,0
90006,8,1,0,31042,346,0,0,2500,0,2500,0,2,91002,3000,1501,2,1033,14,0,0
90006,8,1,0,31042,347,0,0,2000,0,2000,0,2,91002,5000,3001,2,1033,12,0,0
90006,8,1,0,31042,348,0,0,1500,0,1500,0,2,91002,7000,5001,2,1033,10,0,0
90006,8,1,0,31042,349,0,0,1000,0,1000,0,2,91002,10000,7001,2,1033,8,0,0
90006,8,1,0,31042,350,0,0,750,0,750,0,2,91002,15000,10001,2,1033,7,0,0
90006,8,1,0,31042,351,0,0,500,0,500,0,2,91002,-1,15001,2,1033,5,0,0
90006,8,1,0,31043,352,0,0,5000,0,5000,0,2,91002,50,1,2,1034,30,0,0
90006,8,1,0,31043,353,0,0,4500,0,4500,0,2,91002,150,51,2,1034,25,0,0
90006,8,1,0,31043,354,0,0,4000,0,4000,0,2,91002,300,151,2,1034,20,0,0
90006,8,1,0,31043,355,0,0,3500,0,3500,0,2,91002,700,301,2,1034,18,0,0
90006,8,1,0,31043,356,0,0,3000,0,3000,0,2,91002,1500,701,2,1034,16,0,0
90006,8,1,0,31043,357,0,0,2500,0,2500,0,2,91002,3000,1501,2,1034,14,0,0
90006,8,1,0,31043,358,0,0,2000,0,2000,0,2,91002,5000,3001,2,1034,12,0,0
90006,8,1,0,31043,359,0,0,1500,0,1500,0,2,91002,7000,5001,2,1034,10,0,0
90006,8,1,0,31043,360,0,0,1000,0,1000,0,2,91002,10000,7001,2,1034,8,0,0
90006,8,1,0,31043,361,0,0,750,0,750,0,2,91002,15000,10001,2,1034,7,0,0
90006,8,1,0,31043,362,0,0,500,0,500,0,2,91002,-1,15001,2,1034,5,0,0
90006,8,1,0,31025,363,0,0,5000,0,5000,0,2,91002,50,1,2,1035,30,0,0
90006,8,1,0,31025,364,0,0,4500,0,4500,0,2,91002,150,51,2,1035,25,0,0
90006,8,1,0,31025,365,0,0,4000,0,4000,0,2,91002,300,151,2,1035,20,0,0
90006,8,1,0,31025,366,0,0,3500,0,3500,0,2,91002,700,301,2,1035,18,0,0
90006,8,1,0,31025,367,0,0,3000,0,3000,0,2,91002,1500,701,2,1035,16,0,0
90006,8,1,0,31025,368,0,0,2500,0,2500,0,2,91002,3000,1501,2,1035,14,0,0
90006,8,1,0,31025,369,0,0,2000,0,2000,0,2,91002,5000,3001,2,1035,12,0,0
90006,8,1,0,31025,370,0,0,1500,0,1500,0,2,91002,7000,5001,2,1035,10,0,0
90006,8,1,0,31025,371,0,0,1000,0,1000,0,2,91002,10000,7001,2,1035,8,0,0
90006,8,1,0,31025,372,0,0,750,0,750,0,2,91002,15000,10001,2,1035,7,0,0
90006,8,1,0,31025,373,0,0,500,0,500,0,2,91002,-1,15001,2,1035,5,0,0
90006,8,1,0,31022,374,0,0,5000,0,5000,0,2,91002,50,1,2,1036,30,0,0
90006,8,1,0,31022,375,0,0,4500,0,4500,0,2,91002,150,51,2,1036,25,0,0
90006,8,1,0,31022,376,0,0,4000,0,4000,0,2,91002,300,151,2,1036,20,0,0
90006,8,1,0,31022,377,0,0,3500,0,3500,0,2,91002,700,301,2,1036,18,0,0
90006,8,1,0,31022,378,0,0,3000,0,3000,0,2,91002,1500,701,2,1036,16,0,0
90006,8,1,0,31022,379,0,0,2500,0,2500,0,2,91002,3000,1501,2,1036,14,0,0
90006,8,1,0,31022,380,0,0,2000,0,2000,0,2,91002,5000,3001,2,1036,12,0,0
90006,8,1,0,31022,381,0,0,1500,0,1500,0,2,91002,7000,5001,2,1036,10,0,0
90006,8,1,0,31022,382,0,0,1000,0,1000,0,2,91002,10000,7001,2,1036,8,0,0
90006,8,1,0,31022,383,0,0,750,0,750,0,2,91002,15000,10001,2,1036,7,0,0
90006,8,1,0,31022,384,0,0,500,0,500,0,2,91002,-1,15001,2,1036,5,0,0
90006,8,1,0,31018,385,0,0,5000,0,5000,0,2,91002,100,1,2,1037,30,0,0
90006,8,1,0,31018,386,0,0,4500,0,4500,0,2,91002,300,101,2,1037,25,0,0
90006,8,1,0,31018,387,0,0,4000,0,4000,0,2,91002,500,301,2,1037,20,0,0
90006,8,1,0,31018,388,0,0,3500,0,3500,0,2,91002,1000,501,2,1037,18,0,0
90006,8,1,0,31018,389,0,0,3000,0,3000,0,2,91002,2000,1001,2,1037,16,0,0
90006,8,1,0,31018,390,0,0,2500,0,2500,0,2,91002,4500,2001,2,1037,14,0,0
90006,8,1,0,31018,391,0,0,2000,0,2000,0,2,91002,7000,4501,2,1037,12,0,0
90006,8,1,0,31018,392,0,0,1500,0,1500,0,2,91002,10000,7001,2,1037,10,0,0
90006,8,1,0,31018,393,0,0,1000,0,1000,0,2,91002,15000,10001,2,1037,8,0,0
90006,8,1,0,31018,394,0,0,750,0,750,0,2,91002,20000,15001,2,1037,7,0,0
90006,8,1,0,31018,395,0,0,500,0,500,0,2,91002,-1,20001,2,1037,5,0,0
90006,8,1,0,31043,396,0,0,5000,0,5000,0,2,91002,100,1,2,1038,30,0,0
90006,8,1,0,31043,397,0,0,4500,0,4500,0,2,91002,300,101,2,1038,25,0,0
90006,8,1,0,31043,398,0,0,4000,0,4000,0,2,91002,500,301,2,1038,20,0,0
90006,8,1,0,31043,399,0,0,3500,0,3500,0,2,91002,1000,501,2,1038,18,0,0
90006,8,1,0,31043,400,0,0,3000,0,3000,0,2,91002,2000,1001,2,1038,16,0,0
90006,8,1,0,31043,401,0,0,2500,0,2500,0,2,91002,4500,2001,2,1038,14,0,0
90006,8,1,0,31043,402,0,0,2000,0,2000,0,2,91002,7000,4501,2,1038,12,0,0
90006,8,1,0,31043,403,0,0,1500,0,1500,0,2,91002,10000,7001,2,1038,10,0,0
90006,8,1,0,31043,404,0,0,1000,0,1000,0,2,91002,15000,10001,2,1038,8,0,0
90006,8,1,0,31043,405,0,0,750,0,750,0,2,91002,20000,15001,2,1038,7,0,0
90006,8,1,0,31043,406,0,0,500,0,500,0,2,91002,-1,20001,2,1038,5,0,0
90006,8,1,0,31025,407,0,0,5000,0,5000,0,2,91002,100,1,2,1039,30,0,0
90006,8,1,0,31025,408,0,0,4500,0,4500,0,2,91002,300,101,2,1039,25,0,0
90006,8,1,0,31025,409,0,0,4000,0,4000,0,2,91002,500,301,2,1039,20,0,0
90006,8,1,0,31025,410,0,0,3500,0,3500,0,2,91002,1000,501,2,1039,18,0,0
90006,8,1,0,31025,411,0,0,3000,0,3000,0,2,91002,2000,1001,2,1039,16,0,0
90006,8,1,0,31025,412,0,0,2500,0,2500,0,2,91002,4500,2001,2,1039,14,0,0
90006,8,1,0,31025,413,0,0,2000,0,2000,0,2,91002,7000,4501,2,1039,12,0,0
90006,8,1,0,31025,414,0,0,1500,0,1500,0,2,91002,10000,7001,2,1039,10,0,0
90006,8,1,0,31025,415,0,0,1000,0,1000,0,2,91002,15000,10001,2,1039,8,0,0
90006,8,1,0,31025,416,0,0,750,0,750,0,2,91002,20000,15001,2,1039,7,0,0
90006,8,1,0,31025,417,0,0,500,0,500,0,2,91002,-1,20001,2,1039,5,0,0
90006,8,1,0,31042,418,0,0,5000,0,5000,0,2,91002,100,1,2,1040,30,0,0
90006,8,1,0,31042,419,0,0,4500,0,4500,0,2,91002,300,101,2,1040,25,0,0
90006,8,1,0,31042,420,0,0,4000,0,4000,0,2,91002,500,301,2,1040,20,0,0
90006,8,1,0,31042,421,0,0,3500,0,3500,0,2,91002,1000,501,2,1040,18,0,0
90006,8,1,0,31042,422,0,0,3000,0,3000,0,2,91002,2000,1001,2,1040,16,0,0
90006,8,1,0,31042,423,0,0,2500,0,2500,0,2,91002,4500,2001,2,1040,14,0,0
90006,8,1,0,31042,424,0,0,2000,0,2000,0,2,91002,7000,4501,2,1040,12,0,0
90006,8,1,0,31042,425,0,0,1500,0,1500,0,2,91002,10000,7001,2,1040,10,0,0
90006,8,1,0,31042,426,0,0,1000,0,1000,0,2,91002,15000,10001,2,1040,8,0,0
90006,8,1,0,31042,427,0,0,750,0,750,0,2,91002,20000,15001,2,1040,7,0,0
90006,8,1,0,31042,428,0,0,500,0,500,0,2,91002,-1,20001,2,1040,5,0,0
90006,8,1,0,31022,429,0,0,5000,0,5000,0,2,91002,100,1,2,1041,30,0,0
90006,8,1,0,31022,430,0,0,4500,0,4500,0,2,91002,300,101,2,1041,25,0,0
90006,8,1,0,31022,431,0,0,4000,0,4000,0,2,91002,500,301,2,1041,20,0,0
90006,8,1,0,31022,432,0,0,3500,0,3500,0,2,91002,1000,501,2,1041,18,0,0
90006,8,1,0,31022,433,0,0,3000,0,3000,0,2,91002,2000,1001,2,1041,16,0,0
90006,8,1,0,31022,434,0,0,2500,0,2500,0,2,91002,4500,2001,2,1041,14,0,0
90006,8,1,0,31022,435,0,0,2000,0,2000,0,2,91002,7000,4501,2,1041,12,0,0
90006,8,1,0,31022,436,0,0,1500,0,1500,0,2,91002,10000,7001,2,1041,10,0,0
90006,8,1,0,31022,437,0,0,1000,0,1000,0,2,91002,15000,10001,2,1041,8,0,0
90006,8,1,0,31022,438,0,0,750,0,750,0,2,91002,20000,15001,2,1041,7,0,0
90006,8,1,0,31022,439,0,0,500,0,500,0,2,91002,-1,20001,2,1041,5,0,0
90006,8,1,0,31043,440,0,0,5000,0,5000,0,2,91002,100,1,2,1042,30,0,0
90006,8,1,0,31043,441,0,0,4500,0,4500,0,2,91002,300,101,2,1042,25,0,0
90006,8,1,0,31043,442,0,0,4000,0,4000,0,2,91002,500,301,2,1042,20,0,0
90006,8,1,0,31043,443,0,0,3500,0,3500,0,2,91002,1000,501,2,1042,18,0,0
90006,8,1,0,31043,444,0,0,3000,0,3000,0,2,91002,2000,1001,2,1042,16,0,0
90006,8,1,0,31043,445,0,0,2500,0,2500,0,2,91002,4500,2001,2,1042,14,0,0
90006,8,1,0,31043,446,0,0,2000,0,2000,0,2,91002,7000,4501,2,1042,12,0,0
90006,8,1,0,31043,447,0,0,1500,0,1500,0,2,91002,10000,7001,2,1042,10,0,0
90006,8,1,0,31043,448,0,0,1000,0,1000,0,2,91002,15000,10001,2,1042,8,0,0
90006,8,1,0,31043,449,0,0,750,0,750,0,2,91002,20000,15001,2,1042,7,0,0
90006,8,1,0,31043,450,0,0,500,0,500,0,2,91002,-1,20001,2,1042,5,0,0
90006,8,1,0,31018,451,0,0,5000,0,5000,0,2,91002,100,1,2,1043,30,0,0
90006,8,1,0,31018,452,0,0,4500,0,4500,0,2,91002,300,101,2,1043,25,0,0
90006,8,1,0,31018,453,0,0,4000,0,4000,0,2,91002,500,301,2,1043,20,0,0
90006,8,1,0,31018,454,0,0,3500,0,3500,0,2,91002,1000,501,2,1043,18,0,0
90006,8,1,0,31018,455,0,0,3000,0,3000,0,2,91002,2000,1001,2,1043,16,0,0
90006,8,1,0,31018,456,0,0,2500,0,2500,0,2,91002,4500,2001,2,1043,14,0,0
90006,8,1,0,31018,457,0,0,2000,0,2000,0,2,91002,7000,4501,2,1043,12,0,0
90006,8,1,0,31018,458,0,0,1500,0,1500,0,2,91002,10000,7001,2,1043,10,0,0
90006,8,1,0,31018,459,0,0,1000,0,1000,0,2,91002,15000,10001,2,1043,8,0,0
90006,8,1,0,31018,460,0,0,750,0,750,0,2,91002,20000,15001,2,1043,7,0,0
90006,8,1,0,31018,461,0,0,500,0,500,0,2,91002,-1,20001,2,1043,5,0,0
90006,8,1,0,31025,462,0,0,5000,0,5000,0,2,91002,100,1,2,1044,30,0,0
90006,8,1,0,31025,463,0,0,4500,0,4500,0,2,91002,300,101,2,1044,25,0,0
90006,8,1,0,31025,464,0,0,4000,0,4000,0,2,91002,500,301,2,1044,20,0,0
90006,8,1,0,31025,465,0,0,3500,0,3500,0,2,91002,1000,501,2,1044,18,0,0
90006,8,1,0,31025,466,0,0,3000,0,3000,0,2,91002,2000,1001,2,1044,16,0,0
90006,8,1,0,31025,467,0,0,2500,0,2500,0,2,91002,4500,2001,2,1044,14,0,0
90006,8,1,0,31025,468,0,0,2000,0,2000,0,2,91002,7000,4501,2,1044,12,0,0
90006,8,1,0,31025,469,0,0,1500,0,1500,0,2,91002,10000,7001,2,1044,10,0,0
90006,8,1,0,31025,470,0,0,1000,0,1000,0,2,91002,15000,10001,2,1044,8,0,0
90006,8,1,0,31025,471,0,0,750,0,750,0,2,91002,20000,15001,2,1044,7,0,0
90006,8,1,0,31025,472,0,0,500,0,500,0,2,91002,-1,20001,2,1044,5,0,0
90006,8,1,0,31042,473,0,0,5000,0,5000,0,2,91002,100,1,2,1045,30,0,0
90006,8,1,0,31042,474,0,0,4500,0,4500,0,2,91002,300,101,2,1045,25,0,0
90006,8,1,0,31042,475,0,0,4000,0,4000,0,2,91002,500,301,2,1045,20,0,0
90006,8,1,0,31042,476,0,0,3500,0,3500,0,2,91002,1000,501,2,1045,18,0,0
90006,8,1,0,31042,477,0,0,3000,0,3000,0,2,91002,2000,1001,2,1045,16,0,0
90006,8,1,0,31042,478,0,0,2500,0,2500,0,2,91002,4500,2001,2,1045,14,0,0
90006,8,1,0,31042,479,0,0,2000,0,2000,0,2,91002,7000,4501,2,1045,12,0,0
90006,8,1,0,31042,480,0,0,1500,0,1500,0,2,91002,10000,7001,2,1045,10,0,0
90006,8,1,0,31042,481,0,0,1000,0,1000,0,2,91002,15000,10001,2,1045,8,0,0
90006,8,1,0,31042,482,0,0,750,0,750,0,2,91002,20000,15001,2,1045,7,0,0
90006,8,1,0,31042,483,0,0,500,0,500,0,2,91002,-1,20001,2,1045,5,0,0
90006,8,1,0,31022,484,0,0,5000,0,5000,0,2,91002,100,1,2,1046,30,0,0
90006,8,1,0,31022,485,0,0,4500,0,4500,0,2,91002,300,101,2,1046,25,0,0
90006,8,1,0,31022,486,0,0,4000,0,4000,0,2,91002,500,301,2,1046,20,0,0
90006,8,1,0,31022,487,0,0,3500,0,3500,0,2,91002,1000,501,2,1046,18,0,0
90006,8,1,0,31022,488,0,0,3000,0,3000,0,2,91002,2000,1001,2,1046,16,0,0
90006,8,1,0,31022,489,0,0,2500,0,2500,0,2,91002,4500,2001,2,1046,14,0,0
90006,8,1,0,31022,490,0,0,2000,0,2000,0,2,91002,7000,4501,2,1046,12,0,0
90006,8,1,0,31022,491,0,0,1500,0,1500,0,2,91002,10000,7001,2,1046,10,0,0
90006,8,1,0,31022,492,0,0,1000,0,1000,0,2,91002,15000,10001,2,1046,8,0,0
90006,8,1,0,31022,493,0,0,750,0,750,0,2,91002,20000,15001,2,1046,7,0,0
90006,8,1,0,31022,494,0,0,500,0,500,0,2,91002,-1,20001,2,1046,5,0,0
90006,8,1,0,31043,495,0,0,5000,0,5000,0,2,91002,100,1,2,1047,30,0,0
90006,8,1,0,31043,496,0,0,4500,0,4500,0,2,91002,300,101,2,1047,25,0,0
90006,8,1,0,31043,497,0,0,4000,0,4000,0,2,91002,500,301,2,1047,20,0,0
90006,8,1,0,31043,498,0,0,3500,0,3500,0,2,91002,1000,501,2,1047,18,0,0
90006,8,1,0,31043,499,0,0,3000,0,3000,0,2,91002,2000,1001,2,1047,16,0,0
90006,8,1,0,31043,500,0,0,2500,0,2500,0,2,91002,4500,2001,2,1047,14,0,0
90006,8,1,0,31043,501,0,0,2000,0,2000,0,2,91002,7000,4501,2,1047,12,0,0
90006,8,1,0,31043,502,0,0,1500,0,1500,0,2,91002,10000,7001,2,1047,10,0,0
90006,8,1,0,31043,503,0,0,1000,0,1000,0,2,91002,15000,10001,2,1047,8,0,0
90006,8,1,0,31043,504,0,0,750,0,750,0,2,91002,20000,15001,2,1047,7,0,0
90006,8,1,0,31043,505,0,0,500,0,500,0,2,91002,-1,20001,2,1047,5,0,0
90006,8,1,0,31018,506,0,0,5000,0,5000,0,2,91002,100,1,2,1048,30,0,0
90006,8,1,0,31018,507,0,0,4500,0,4500,0,2,91002,300,101,2,1048,25,0,0
90006,8,1,0,31018,508,0,0,4000,0,4000,0,2,91002,500,301,2,1048,20,0,0
90006,8,1,0,31018,509,0,0,3500,0,3500,0,2,91002,1000,501,2,1048,18,0,0
90006,8,1,0,31018,510,0,0,3000,0,3000,0,2,91002,2000,1001,2,1048,16,0,0
90006,8,1,0,31018,511,0,0,2500,0,2500,0,2,91002,4500,2001,2,1048,14,0,0
90006,8,1,0,31018,512,0,0,2000,0,2000,0,2,91002,7000,4501,2,1048,12,0,0
90006,8,1,0,31018,513,0,0,1500,0,1500,0,2,91002,10000,7001,2,1048,10,0,0
90006,8,1,0,31018,514,0,0,1000,0,1000,0,2,91002,15000,10001,2,1048,8,0,0
90006,8,1,0,31018,515,0,0,750,0,750,0,2,91002,20000,15001,2,1048,7,0,0
90006,8,1,0,31018,516,0,0,500,0,500,0,2,91002,-1,20001,2,1048,5,0,0
90006,8,1,0,31145,517,0,0,5000,0,5000,0,2,91002,100,1,2,1049,30,0,0
90006,8,1,0,31145,518,0,0,4500,0,4500,0,2,91002,300,101,2,1049,25,0,0
90006,8,1,0,31145,519,0,0,4000,0,4000,0,2,91002,500,301,2,1049,20,0,0
90006,8,1,0,31145,520,0,0,3500,0,3500,0,2,91002,1000,501,2,1049,18,0,0
90006,8,1,0,31145,521,0,0,3000,0,3000,0,2,91002,2000,1001,2,1049,16,0,0
90006,8,1,0,31145,522,0,0,2500,0,2500,0,2,91002,4500,2001,2,1049,14,0,0
90006,8,1,0,31145,523,0,0,2000,0,2000,0,2,91002,7000,4501,2,1049,12,0,0
90006,8,1,0,31145,524,0,0,1500,0,1500,0,2,91002,10000,7001,2,1049,10,0,0
90006,8,1,0,31145,525,0,0,1000,0,1000,0,2,91002,15000,10001,2,1049,8,0,0
90006,8,1,0,31145,526,0,0,750,0,750,0,2,91002,20000,15001,2,1049,7,0,0
90006,8,1,0,31145,527,0,0,500,0,500,0,2,91002,-1,20001,2,1049,5,0,0
90006,8,1,0,31025,528,0,0,5000,0,5000,0,2,91002,100,1,2,1050,30,0,0
90006,8,1,0,31025,529,0,0,4500,0,4500,0,2,91002,300,101,2,1050,25,0,0
90006,8,1,0,31025,530,0,0,4000,0,4000,0,2,91002,500,301,2,1050,20,0,0
90006,8,1,0,31025,531,0,0,3500,0,3500,0,2,91002,1000,501,2,1050,18,0,0
90006,8,1,0,31025,532,0,0,3000,0,3000,0,2,91002,2000,1001,2,1050,16,0,0
90006,8,1,0,31025,533,0,0,2500,0,2500,0,2,91002,4500,2001,2,1050,14,0,0
90006,8,1,0,31025,534,0,0,2000,0,2000,0,2,91002,7000,4501,2,1050,12,0,0
90006,8,1,0,31025,535,0,0,1500,0,1500,0,2,91002,10000,7001,2,1050,10,0,0
90006,8,1,0,31025,536,0,0,1000,0,1000,0,2,91002,15000,10001,2,1050,8,0,0
90006,8,1,0,31025,537,0,0,750,0,750,0,2,91002,20000,15001,2,1050,7,0,0
90006,8,1,0,31025,538,0,0,500,0,500,0,2,91002,-1,20001,2,1050,5,0,0
90006,8,1,0,31042,539,0,0,5000,0,5000,0,2,91002,100,1,2,1051,30,0,0
90006,8,1,0,31042,540,0,0,4500,0,4500,0,2,91002,300,101,2,1051,25,0,0
90006,8,1,0,31042,541,0,0,4000,0,4000,0,2,91002,500,301,2,1051,20,0,0
90006,8,1,0,31042,542,0,0,3500,0,3500,0,2,91002,1000,501,2,1051,18,0,0
90006,8,1,0,31042,543,0,0,3000,0,3000,0,2,91002,2000,1001,2,1051,16,0,0
90006,8,1,0,31042,544,0,0,2500,0,2500,0,2,91002,4500,2001,2,1051,14,0,0
90006,8,1,0,31042,545,0,0,2000,0,2000,0,2,91002,7000,4501,2,1051,12,0,0
90006,8,1,0,31042,546,0,0,1500,0,1500,0,2,91002,10000,7001,2,1051,10,0,0
90006,8,1,0,31042,547,0,0,1000,0,1000,0,2,91002,15000,10001,2,1051,8,0,0
90006,8,1,0,31042,548,0,0,750,0,750,0,2,91002,20000,15001,2,1051,7,0,0
90006,8,1,0,31042,549,0,0,500,0,500,0,2,91002,-1,20001,2,1051,5,0,0
90006,8,1,0,31022,550,0,0,5000,0,5000,0,2,91002,100,1,2,1052,30,0,0
90006,8,1,0,31022,551,0,0,4500,0,4500,0,2,91002,300,101,2,1052,25,0,0
90006,8,1,0,31022,552,0,0,4000,0,4000,0,2,91002,500,301,2,1052,20,0,0
90006,8,1,0,31022,553,0,0,3500,0,3500,0,2,91002,1000,501,2,1052,18,0,0
90006,8,1,0,31022,554,0,0,3000,0,3000,0,2,91002,2000,1001,2,1052,16,0,0
90006,8,1,0,31022,555,0,0,2500,0,2500,0,2,91002,4500,2001,2,1052,14,0,0
90006,8,1,0,31022,556,0,0,2000,0,2000,0,2,91002,7000,4501,2,1052,12,0,0
90006,8,1,0,31022,557,0,0,1500,0,1500,0,2,91002,10000,7001,2,1052,10,0,0
90006,8,1,0,31022,558,0,0,1000,0,1000,0,2,91002,15000,10001,2,1052,8,0,0
90006,8,1,0,31022,559,0,0,750,0,750,0,2,91002,20000,15001,2,1052,7,0,0
90006,8,1,0,31022,560,0,0,500,0,500,0,2,91002,-1,20001,2,1052,5,0,0
90006,8,1,0,31043,561,0,0,5000,0,5000,0,2,91002,100,1,2,1053,30,0,0
90006,8,1,0,31043,562,0,0,4500,0,4500,0,2,91002,300,101,2,1053,25,0,0
90006,8,1,0,31043,563,0,0,4000,0,4000,0,2,91002,500,301,2,1053,20,0,0
90006,8,1,0,31043,564,0,0,3500,0,3500,0,2,91002,1000,501,2,1053,18,0,0
90006,8,1,0,31043,565,0,0,3000,0,3000,0,2,91002,2000,1001,2,1053,16,0,0
90006,8,1,0,31043,566,0,0,2500,0,2500,0,2,91002,4500,2001,2,1053,14,0,0
90006,8,1,0,31043,567,0,0,2000,0,2000,0,2,91002,7000,4501,2,1053,12,0,0
90006,8,1,0,31043,568,0,0,1500,0,1500,0,2,91002,10000,7001,2,1053,10,0,0
90006,8,1,0,31043,569,0,0,1000,0,1000,0,2,91002,15000,10001,2,1053,8,0,0
90006,8,1,0,31043,570,0,0,750,0,750,0,2,91002,20000,15001,2,1053,7,0,0
90006,8,1,0,31043,571,0,0,500,0,500,0,2,91002,-1,20001,2,1053,5,0,0
90006,8,1,0,31018,572,0,0,5000,0,5000,0,2,91002,100,1,2,1054,30,0,0
90006,8,1,0,31018,573,0,0,4500,0,4500,0,2,91002,300,101,2,1054,25,0,0
90006,8,1,0,31018,574,0,0,4000,0,4000,0,2,91002,500,301,2,1054,20,0,0
90006,8,1,0,31018,575,0,0,3500,0,3500,0,2,91002,1000,501,2,1054,18,0,0
90006,8,1,0,31018,576,0,0,3000,0,3000,0,2,91002,2000,1001,2,1054,16,0,0
90006,8,1,0,31018,577,0,0,2500,0,2500,0,2,91002,4500,2001,2,1054,14,0,0
90006,8,1,0,31018,578,0,0,2000,0,2000,0,2,91002,7000,4501,2,1054,12,0,0
90006,8,1,0,31018,579,0,0,1500,0,1500,0,2,91002,10000,7001,2,1054,10,0,0
90006,8,1,0,31018,580,0,0,1000,0,1000,0,2,91002,15000,10001,2,1054,8,0,0
90006,8,1,0,31018,581,0,0,750,0,750,0,2,91002,20000,15001,2,1054,7,0,0
90006,8,1,0,31018,582,0,0,500,0,500,0,2,91002,-1,20001,2,1054,5,0,0
90006,8,1,0,31145,583,0,0,5000,0,5000,0,2,91002,100,1,2,1055,30,0,0
90006,8,1,0,31145,584,0,0,4500,0,4500,0,2,91002,300,101,2,1055,25,0,0
90006,8,1,0,31145,585,0,0,4000,0,4000,0,2,91002,500,301,2,1055,20,0,0
90006,8,1,0,31145,586,0,0,3500,0,3500,0,2,91002,1000,501,2,1055,18,0,0
90006,8,1,0,31145,587,0,0,3000,0,3000,0,2,91002,2000,1001,2,1055,16,0,0
90006,8,1,0,31145,588,0,0,2500,0,2500,0,2,91002,4500,2001,2,1055,14,0,0
90006,8,1,0,31145,589,0,0,2000,0,2000,0,2,91002,7000,4501,2,1055,12,0,0
90006,8,1,0,31145,590,0,0,1500,0,1500,0,2,91002,10000,7001,2,1055,10,0,0
90006,8,1,0,31145,591,0,0,1000,0,1000,0,2,91002,15000,10001,2,1055,8,0,0
90006,8,1,0,31145,592,0,0,750,0,750,0,2,91002,20000,15001,2,1055,7,0,0
90006,8,1,0,31145,593,0,0,500,0,500,0,2,91002,-1,20001,2,1055,5,0,0
90006,8,1,0,31025,594,0,0,5000,0,5000,0,2,91002,100,1,2,1056,30,0,0
90006,8,1,0,31025,595,0,0,4500,0,4500,0,2,91002,300,101,2,1056,25,0,0
90006,8,1,0,31025,596,0,0,4000,0,4000,0,2,91002,500,301,2,1056,20,0,0
90006,8,1,0,31025,597,0,0,3500,0,3500,0,2,91002,1000,501,2,1056,18,0,0
90006,8,1,0,31025,598,0,0,3000,0,3000,0,2,91002,2000,1001,2,1056,16,0,0
90006,8,1,0,31025,599,0,0,2500,0,2500,0,2,91002,4500,2001,2,1056,14,0,0
90006,8,1,0,31025,600,0,0,2000,0,2000,0,2,91002,7000,4501,2,1056,12,0,0
90006,8,1,0,31025,601,0,0,1500,0,1500,0,2,91002,10000,7001,2,1056,10,0,0
90006,8,1,0,31025,602,0,0,1000,0,1000,0,2,91002,15000,10001,2,1056,8,0,0
90006,8,1,0,31025,603,0,0,750,0,750,0,2,91002,20000,15001,2,1056,7,0,0
90006,8,1,0,31025,604,0,0,500,0,500,0,2,91002,-1,20001,2,1056,5,0,0
90006,8,1,0,31042,605,0,0,5000,0,5000,0,2,91002,100,1,2,1057,30,0,0
90006,8,1,0,31042,606,0,0,4500,0,4500,0,2,91002,300,101,2,1057,25,0,0
90006,8,1,0,31042,607,0,0,4000,0,4000,0,2,91002,500,301,2,1057,20,0,0
90006,8,1,0,31042,608,0,0,3500,0,3500,0,2,91002,1000,501,2,1057,18,0,0
90006,8,1,0,31042,609,0,0,3000,0,3000,0,2,91002,2000,1001,2,1057,16,0,0
90006,8,1,0,31042,610,0,0,2500,0,2500,0,2,91002,4500,2001,2,1057,14,0,0
90006,8,1,0,31042,611,0,0,2000,0,2000,0,2,91002,7000,4501,2,1057,12,0,0
90006,8,1,0,31042,612,0,0,1500,0,1500,0,2,91002,10000,7001,2,1057,10,0,0
90006,8,1,0,31042,613,0,0,1000,0,1000,0,2,91002,15000,10001,2,1057,8,0,0
90006,8,1,0,31042,614,0,0,750,0,750,0,2,91002,20000,15001,2,1057,7,0,0
90006,8,1,0,31042,615,0,0,500,0,500,0,2,91002,-1,20001,2,1057,5,0,0
90006,8,1,0,31022,616,0,0,5000,0,5000,0,2,91002,100,1,2,1058,30,0,0
90006,8,1,0,31022,617,0,0,4500,0,4500,0,2,91002,300,101,2,1058,25,0,0
90006,8,1,0,31022,618,0,0,4000,0,4000,0,2,91002,500,301,2,1058,20,0,0
90006,8,1,0,31022,619,0,0,3500,0,3500,0,2,91002,1000,501,2,1058,18,0,0
90006,8,1,0,31022,620,0,0,3000,0,3000,0,2,91002,2000,1001,2,1058,16,0,0
90006,8,1,0,31022,621,0,0,2500,0,2500,0,2,91002,4500,2001,2,1058,14,0,0
90006,8,1,0,31022,622,0,0,2000,0,2000,0,2,91002,7000,4501,2,1058,12,0,0
90006,8,1,0,31022,623,0,0,1500,0,1500,0,2,91002,10000,7001,2,1058,10,0,0
90006,8,1,0,31022,624,0,0,1000,0,1000,0,2,91002,15000,10001,2,1058,8,0,0
90006,8,1,0,31022,625,0,0,750,0,750,0,2,91002,20000,15001,2,1058,7,0,0
90006,8,1,0,31022,626,0,0,500,0,500,0,2,91002,-1,20001,2,1058,5,0,0
90006,8,1,0,31043,627,0,0,5000,0,5000,0,2,91002,100,1,2,1059,30,0,0
90006,8,1,0,31043,628,0,0,4500,0,4500,0,2,91002,300,101,2,1059,25,0,0
90006,8,1,0,31043,629,0,0,4000,0,4000,0,2,91002,500,301,2,1059,20,0,0
90006,8,1,0,31043,630,0,0,3500,0,3500,0,2,91002,1000,501,2,1059,18,0,0
90006,8,1,0,31043,631,0,0,3000,0,3000,0,2,91002,2000,1001,2,1059,16,0,0
90006,8,1,0,31043,632,0,0,2500,0,2500,0,2,91002,4500,2001,2,1059,14,0,0
90006,8,1,0,31043,633,0,0,2000,0,2000,0,2,91002,7000,4501,2,1059,12,0,0
90006,8,1,0,31043,634,0,0,1500,0,1500,0,2,91002,10000,7001,2,1059,10,0,0
90006,8,1,0,31043,635,0,0,1000,0,1000,0,2,91002,15000,10001,2,1059,8,0,0
90006,8,1,0,31043,636,0,0,750,0,750,0,2,91002,20000,15001,2,1059,7,0,0
90006,8,1,0,31043,637,0,0,500,0,500,0,2,91002,-1,20001,2,1059,5,0,0
90006,8,1,0,31018,638,0,0,5000,0,5000,0,2,91002,100,1,2,1060,30,0,0
90006,8,1,0,31018,639,0,0,4500,0,4500,0,2,91002,300,101,2,1060,25,0,0
90006,8,1,0,31018,640,0,0,4000,0,4000,0,2,91002,500,301,2,1060,20,0,0
90006,8,1,0,31018,641,0,0,3500,0,3500,0,2,91002,1000,501,2,1060,18,0,0
90006,8,1,0,31018,642,0,0,3000,0,3000,0,2,91002,2000,1001,2,1060,16,0,0
90006,8,1,0,31018,643,0,0,2500,0,2500,0,2,91002,4500,2001,2,1060,14,0,0
90006,8,1,0,31018,644,0,0,2000,0,2000,0,2,91002,7000,4501,2,1060,12,0,0
90006,8,1,0,31018,645,0,0,1500,0,1500,0,2,91002,10000,7001,2,1060,10,0,0
90006,8,1,0,31018,646,0,0,1000,0,1000,0,2,91002,15000,10001,2,1060,8,0,0
90006,8,1,0,31018,647,0,0,750,0,750,0,2,91002,20000,15001,2,1060,7,0,0
90006,8,1,0,31018,648,0,0,500,0,500,0,2,91002,-1,20001,2,1060,5,0,0
90006,8,1,0,31145,649,0,0,5000,0,5000,0,2,91002,100,1,2,1061,30,0,0
90006,8,1,0,31145,650,0,0,4500,0,4500,0,2,91002,300,101,2,1061,25,0,0
90006,8,1,0,31145,651,0,0,4000,0,4000,0,2,91002,500,301,2,1061,20,0,0
90006,8,1,0,31145,652,0,0,3500,0,3500,0,2,91002,1000,501,2,1061,18,0,0
90006,8,1,0,31145,653,0,0,3000,0,3000,0,2,91002,2000,1001,2,1061,16,0,0
90006,8,1,0,31145,654,0,0,2500,0,2500,0,2,91002,4500,2001,2,1061,14,0,0
90006,8,1,0,31145,655,0,0,2000,0,2000,0,2,91002,7000,4501,2,1061,12,0,0
90006,8,1,0,31145,656,0,0,1500,0,1500,0,2,91002,10000,7001,2,1061,10,0,0
90006,8,1,0,31145,657,0,0,1000,0,1000,0,2,91002,15000,10001,2,1061,8,0,0
90006,8,1,0,31145,658,0,0,750,0,750,0,2,91002,20000,15001,2,1061,7,0,0
90006,8,1,0,31145,659,0,0,500,0,500,0,2,91002,-1,20001,2,1061,5,0,0
90006,8,1,0,31025,660,0,0,5000,0,5000,0,2,91002,100,1,2,1063,30,0,0
90006,8,1,0,31025,661,0,0,4500,0,4500,0,2,91002,300,101,2,1063,25,0,0
90006,8,1,0,31025,662,0,0,4000,0,4000,0,2,91002,500,301,2,1063,20,0,0
90006,8,1,0,31025,663,0,0,3500,0,3500,0,2,91002,1000,501,2,1063,18,0,0
90006,8,1,0,31025,664,0,0,3000,0,3000,0,2,91002,2000,1001,2,1063,16,0,0
90006,8,1,0,31025,665,0,0,2500,0,2500,0,2,91002,4500,2001,2,1063,14,0,0
90006,8,1,0,31025,666,0,0,2000,0,2000,0,2,91002,7000,4501,2,1063,12,0,0
90006,8,1,0,31025,667,0,0,1500,0,1500,0,2,91002,10000,7001,2,1063,10,0,0
90006,8,1,0,31025,668,0,0,1000,0,1000,0,2,91002,15000,10001,2,1063,8,0,0
90006,8,1,0,31025,669,0,0,750,0,750,0,2,91002,20000,15001,2,1063,7,0,0
90006,8,1,0,31025,670,0,0,500,0,500,0,2,91002,-1,20001,2,1063,5,0,0
90006,8,1,0,31042,671,0,0,5000,0,5000,0,2,91002,100,1,2,1064,30,0,0
90006,8,1,0,31042,672,0,0,4500,0,4500,0,2,91002,300,101,2,1064,25,0,0
90006,8,1,0,31042,673,0,0,4000,0,4000,0,2,91002,500,301,2,1064,20,0,0
90006,8,1,0,31042,674,0,0,3500,0,3500,0,2,91002,1000,501,2,1064,18,0,0
90006,8,1,0,31042,675,0,0,3000,0,3000,0,2,91002,2000,1001,2,1064,16,0,0
90006,8,1,0,31042,676,0,0,2500,0,2500,0,2,91002,4500,2001,2,1064,14,0,0
90006,8,1,0,31042,677,0,0,2000,0,2000,0,2,91002,7000,4501,2,1064,12,0,0
90006,8,1,0,31042,678,0,0,1500,0,1500,0,2,91002,10000,7001,2,1064,10,0,0
90006,8,1,0,31042,679,0,0,1000,0,1000,0,2,91002,15000,10001,2,1064,8,0,0
90006,8,1,0,31042,680,0,0,750,0,750,0,2,91002,20000,15001,2,1064,7,0,0
90006,8,1,0,31042,681,0,0,500,0,500,0,2,91002,-1,20001,2,1064,5,0,0
90006,8,1,0,31022,682,0,0,5000,0,5000,0,2,91002,100,1,2,1065,30,0,0
90006,8,1,0,31022,683,0,0,4500,0,4500,0,2,91002,300,101,2,1065,25,0,0
90006,8,1,0,31022,684,0,0,4000,0,4000,0,2,91002,500,301,2,1065,20,0,0
90006,8,1,0,31022,685,0,0,3500,0,3500,0,2,91002,1000,501,2,1065,18,0,0
90006,8,1,0,31022,686,0,0,3000,0,3000,0,2,91002,2000,1001,2,1065,16,0,0
90006,8,1,0,31022,687,0,0,2500,0,2500,0,2,91002,4500,2001,2,1065,14,0,0
90006,8,1,0,31022,688,0,0,2000,0,2000,0,2,91002,7000,4501,2,1065,12,0,0
90006,8,1,0,31022,689,0,0,1500,0,1500,0,2,91002,10000,7001,2,1065,10,0,0
90006,8,1,0,31022,690,0,0,1000,0,1000,0,2,91002,15000,10001,2,1065,8,0,0
90006,8,1,0,31022,691,0,0,750,0,750,0,2,91002,20000,15001,2,1065,7,0,0
90006,8,1,0,31022,692,0,0,500,0,500,0,2,91002,-1,20001,2,1065,5,0,0
90006,8,1,0,31043,693,0,0,5000,0,5000,0,2,91002,100,1,2,1066,30,0,0
90006,8,1,0,31043,694,0,0,4500,0,4500,0,2,91002,300,101,2,1066,25,0,0
90006,8,1,0,31043,695,0,0,4000,0,4000,0,2,91002,500,301,2,1066,20,0,0
90006,8,1,0,31043,696,0,0,3500,0,3500,0,2,91002,1000,501,2,1066,18,0,0
90006,8,1,0,31043,697,0,0,3000,0,3000,0,2,91002,2000,1001,2,1066,16,0,0
90006,8,1,0,31043,698,0,0,2500,0,2500,0,2,91002,4500,2001,2,1066,14,0,0
90006,8,1,0,31043,699,0,0,2000,0,2000,0,2,91002,7000,4501,2,1066,12,0,0
90006,8,1,0,31043,700,0,0,1500,0,1500,0,2,91002,10000,7001,2,1066,10,0,0
90006,8,1,0,31043,701,0,0,1000,0,1000,0,2,91002,15000,10001,2,1066,8,0,0
90006,8,1,0,31043,702,0,0,750,0,750,0,2,91002,20000,15001,2,1066,7,0,0
90006,8,1,0,31043,703,0,0,500,0,500,0,2,91002,-1,20001,2,1066,5,0,0
90006,8,1,0,31018,704,0,0,5000,0,5000,0,2,91002,100,1,2,1067,30,0,0
90006,8,1,0,31018,705,0,0,4500,0,4500,0,2,91002,300,101,2,1067,25,0,0
90006,8,1,0,31018,706,0,0,4000,0,4000,0,2,91002,500,301,2,1067,20,0,0
90006,8,1,0,31018,707,0,0,3500,0,3500,0,2,91002,1000,501,2,1067,18,0,0
90006,8,1,0,31018,708,0,0,3000,0,3000,0,2,91002,2000,1001,2,1067,16,0,0
90006,8,1,0,31018,709,0,0,2500,0,2500,0,2,91002,4500,2001,2,1067,14,0,0
90006,8,1,0,31018,710,0,0,2000,0,2000,0,2,91002,7000,4501,2,1067,12,0,0
90006,8,1,0,31018,711,0,0,1500,0,1500,0,2,91002,10000,7001,2,1067,10,0,0
90006,8,1,0,31018,712,0,0,1000,0,1000,0,2,91002,15000,10001,2,1067,8,0,0
90006,8,1,0,31018,713,0,0,750,0,750,0,2,91002,20000,15001,2,1067,7,0,0
90006,8,1,0,31018,714,0,0,500,0,500,0,2,91002,-1,20001,2,1067,5,0,0
90006,8,1,0,31145,715,0,0,5000,0,5000,0,2,91002,100,1,2,1068,30,0,0
90006,8,1,0,31145,716,0,0,4500,0,4500,0,2,91002,300,101,2,1068,25,0,0
90006,8,1,0,31145,717,0,0,4000,0,4000,0,2,91002,500,301,2,1068,20,0,0
90006,8,1,0,31145,718,0,0,3500,0,3500,0,2,91002,1000,501,2,1068,18,0,0
90006,8,1,0,31145,719,0,0,3000,0,3000,0,2,91002,2000,1001,2,1068,16,0,0
90006,8,1,0,31145,720,0,0,2500,0,2500,0,2,91002,4500,2001,2,1068,14,0,0
90006,8,1,0,31145,721,0,0,2000,0,2000,0,2,91002,7000,4501,2,1068,12,0,0
90006,8,1,0,31145,722,0,0,1500,0,1500,0,2,91002,10000,7001,2,1068,10,0,0
90006,8,1,0,31145,723,0,0,1000,0,1000,0,2,91002,15000,10001,2,1068,8,0,0
90006,8,1,0,31145,724,0,0,750,0,750,0,2,91002,20000,15001,2,1068,7,0,0
90006,8,1,0,31145,725,0,0,500,0,500,0,2,91002,-1,20001,2,1068,5,0,0
90006,8,1,0,31025,726,0,0,5000,0,5000,0,2,91002,100,1,2,1069,30,0,0
90006,8,1,0,31025,727,0,0,4500,0,4500,0,2,91002,300,101,2,1069,25,0,0
90006,8,1,0,31025,728,0,0,4000,0,4000,0,2,91002,500,301,2,1069,20,0,0
90006,8,1,0,31025,729,0,0,3500,0,3500,0,2,91002,1000,501,2,1069,18,0,0
90006,8,1,0,31025,730,0,0,3000,0,3000,0,2,91002,2000,1001,2,1069,16,0,0
90006,8,1,0,31025,731,0,0,2500,0,2500,0,2,91002,4500,2001,2,1069,14,0,0
90006,8,1,0,31025,732,0,0,2000,0,2000,0,2,91002,7000,4501,2,1069,12,0,0
90006,8,1,0,31025,733,0,0,1500,0,1500,0,2,91002,10000,7001,2,1069,10,0,0
90006,8,1,0,31025,734,0,0,1000,0,1000,0,2,91002,15000,10001,2,1069,8,0,0
90006,8,1,0,31025,735,0,0,750,0,750,0,2,91002,20000,15001,2,1069,7,0,0
90006,8,1,0,31025,736,0,0,500,0,500,0,2,91002,-1,20001,2,1069,5,0,0
90006,8,1,0,31042,737,0,0,5000,0,5000,0,2,91002,100,1,2,1070,30,0,0
90006,8,1,0,31042,738,0,0,4500,0,4500,0,2,91002,300,101,2,1070,25,0,0
90006,8,1,0,31042,739,0,0,4000,0,4000,0,2,91002,500,301,2,1070,20,0,0
90006,8,1,0,31042,740,0,0,3500,0,3500,0,2,91002,1000,501,2,1070,18,0,0
90006,8,1,0,31042,741,0,0,3000,0,3000,0,2,91002,2000,1001,2,1070,16,0,0
90006,8,1,0,31042,742,0,0,2500,0,2500,0,2,91002,4500,2001,2,1070,14,0,0
90006,8,1,0,31042,743,0,0,2000,0,2000,0,2,91002,7000,4501,2,1070,12,0,0
90006,8,1,0,31042,744,0,0,1500,0,1500,0,2,91002,10000,7001,2,1070,10,0,0
90006,8,1,0,31042,745,0,0,1000,0,1000,0,2,91002,15000,10001,2,1070,8,0,0
90006,8,1,0,31042,746,0,0,750,0,750,0,2,91002,20000,15001,2,1070,7,0,0
90006,8,1,0,31042,747,0,0,500,0,500,0,2,91002,-1,20001,2,1070,5,0,0
90006,8,1,0,31022,748,0,0,5000,0,5000,0,2,91002,100,1,2,1071,30,0,0
90006,8,1,0,31022,749,0,0,4500,0,4500,0,2,91002,300,101,2,1071,25,0,0
90006,8,1,0,31022,750,0,0,4000,0,4000,0,2,91002,500,301,2,1071,20,0,0
90006,8,1,0,31022,751,0,0,3500,0,3500,0,2,91002,1000,501,2,1071,18,0,0
90006,8,1,0,31022,752,0,0,3000,0,3000,0,2,91002,2000,1001,2,1071,16,0,0
90006,8,1,0,31022,753,0,0,2500,0,2500,0,2,91002,4500,2001,2,1071,14,0,0
90006,8,1,0,31022,754,0,0,2000,0,2000,0,2,91002,7000,4501,2,1071,12,0,0
90006,8,1,0,31022,755,0,0,1500,0,1500,0,2,91002,10000,7001,2,1071,10,0,0
90006,8,1,0,31022,756,0,0,1000,0,1000,0,2,91002,15000,10001,2,1071,8,0,0
90006,8,1,0,31022,757,0,0,750,0,750,0,2,91002,20000,15001,2,1071,7,0,0
90006,8,1,0,31022,758,0,0,500,0,500,0,2,91002,-1,20001,2,1071,5,0,0
90006,8,1,0,31043,759,0,0,5000,0,5000,0,2,91002,100,1,2,1072,30,0,0
90006,8,1,0,31043,760,0,0,4500,0,4500,0,2,91002,300,101,2,1072,25,0,0
90006,8,1,0,31043,761,0,0,4000,0,4000,0,2,91002,500,301,2,1072,20,0,0
90006,8,1,0,31043,762,0,0,3500,0,3500,0,2,91002,1000,501,2,1072,18,0,0
90006,8,1,0,31043,763,0,0,3000,0,3000,0,2,91002,2000,1001,2,1072,16,0,0
90006,8,1,0,31043,764,0,0,2500,0,2500,0,2,91002,4500,2001,2,1072,14,0,0
90006,8,1,0,31043,765,0,0,2000,0,2000,0,2,91002,7000,4501,2,1072,12,0,0
90006,8,1,0,31043,766,0,0,1500,0,1500,0,2,91002,10000,7001,2,1072,10,0,0
90006,8,1,0,31043,767,0,0,1000,0,1000,0,2,91002,15000,10001,2,1072,8,0,0
90006,8,1,0,31043,768,0,0,750,0,750,0,2,91002,20000,15001,2,1072,7,0,0
90006,8,1,0,31043,769,0,0,500,0,500,0,2,91002,-1,20001,2,1072,5,0,0
90006,8,1,0,31018,770,0,0,5000,0,5000,0,2,91002,100,1,2,1073,30,0,0
90006,8,1,0,31018,771,0,0,4500,0,4500,0,2,91002,300,101,2,1073,25,0,0
90006,8,1,0,31018,772,0,0,4000,0,4000,0,2,91002,500,301,2,1073,20,0,0
90006,8,1,0,31018,773,0,0,3500,0,3500,0,2,91002,1000,501,2,1073,18,0,0
90006,8,1,0,31018,774,0,0,3000,0,3000,0,2,91002,2000,1001,2,1073,16,0,0
90006,8,1,0,31018,775,0,0,2500,0,2500,0,2,91002,4500,2001,2,1073,14,0,0
90006,8,1,0,31018,776,0,0,2000,0,2000,0,2,91002,7000,4501,2,1073,12,0,0
90006,8,1,0,31018,777,0,0,1500,0,1500,0,2,91002,10000,7001,2,1073,10,0,0
90006,8,1,0,31018,778,0,0,1000,0,1000,0,2,91002,15000,10001,2,1073,8,0,0
90006,8,1,0,31018,779,0,0,750,0,750,0,2,91002,20000,15001,2,1073,7,0,0
90006,8,1,0,31018,780,0,0,500,0,500,0,2,91002,-1,20001,2,1073,5,0,0
90006,8,1,0,31145,781,0,0,5000,0,5000,0,2,91002,100,1,2,1074,30,0,0
90006,8,1,0,31145,782,0,0,4500,0,4500,0,2,91002,300,101,2,1074,25,0,0
90006,8,1,0,31145,783,0,0,4000,0,4000,0,2,91002,500,301,2,1074,20,0,0
90006,8,1,0,31145,784,0,0,3500,0,3500,0,2,91002,1000,501,2,1074,18,0,0
90006,8,1,0,31145,785,0,0,3000,0,3000,0,2,91002,2000,1001,2,1074,16,0,0
90006,8,1,0,31145,786,0,0,2500,0,2500,0,2,91002,4500,2001,2,1074,14,0,0
90006,8,1,0,31145,787,0,0,2000,0,2000,0,2,91002,7000,4501,2,1074,12,0,0
90006,8,1,0,31145,788,0,0,1500,0,1500,0,2,91002,10000,7001,2,1074,10,0,0
90006,8,1,0,31145,789,0,0,1000,0,1000,0,2,91002,15000,10001,2,1074,8,0,0
90006,8,1,0,31145,790,0,0,750,0,750,0,2,91002,20000,15001,2,1074,7,0,0
90006,8,1,0,31145,791,0,0,500,0,500,0,2,91002,-1,20001,2,1074,5,0,0
90006,8,1,0,31025,792,0,0,5000,0,5000,0,2,91002,100,1,2,1075,30,0,0
90006,8,1,0,31025,793,0,0,4500,0,4500,0,2,91002,300,101,2,1075,25,0,0
90006,8,1,0,31025,794,0,0,4000,0,4000,0,2,91002,500,301,2,1075,20,0,0
90006,8,1,0,31025,795,0,0,3500,0,3500,0,2,91002,1000,501,2,1075,18,0,0
90006,8,1,0,31025,796,0,0,3000,0,3000,0,2,91002,2000,1001,2,1075,16,0,0
90006,8,1,0,31025,797,0,0,2500,0,2500,0,2,91002,4500,2001,2,1075,14,0,0
90006,8,1,0,31025,798,0,0,2000,0,2000,0,2,91002,7000,4501,2,1075,12,0,0
90006,8,1,0,31025,799,0,0,1500,0,1500,0,2,91002,10000,7001,2,1075,10,0,0
90006,8,1,0,31025,800,0,0,1000,0,1000,0,2,91002,15000,10001,2,1075,8,0,0
90006,8,1,0,31025,801,0,0,750,0,750,0,2,91002,20000,15001,2,1075,7,0,0
90006,8,1,0,31025,802,0,0,500,0,500,0,2,91002,-1,20001,2,1075,5,0,0
90006,8,1,0,31042,803,0,0,5000,0,5000,0,2,91002,100,1,2,1076,30,0,0
90006,8,1,0,31042,804,0,0,4500,0,4500,0,2,91002,300,101,2,1076,25,0,0
90006,8,1,0,31042,805,0,0,4000,0,4000,0,2,91002,500,301,2,1076,20,0,0
90006,8,1,0,31042,806,0,0,3500,0,3500,0,2,91002,1000,501,2,1076,18,0,0
90006,8,1,0,31042,807,0,0,3000,0,3000,0,2,91002,2000,1001,2,1076,16,0,0
90006,8,1,0,31042,808,0,0,2500,0,2500,0,2,91002,4500,2001,2,1076,14,0,0
90006,8,1,0,31042,809,0,0,2000,0,2000,0,2,91002,7000,4501,2,1076,12,0,0
90006,8,1,0,31042,810,0,0,1500,0,1500,0,2,91002,10000,7001,2,1076,10,0,0
90006,8,1,0,31042,811,0,0,1000,0,1000,0,2,91002,15000,10001,2,1076,8,0,0
90006,8,1,0,31042,812,0,0,750,0,750,0,2,91002,20000,15001,2,1076,7,0,0
90006,8,1,0,31042,813,0,0,500,0,500,0,2,91002,-1,20001,2,1076,5,0,0
90006,8,1,0,31022,814,0,0,5000,0,5000,0,2,91002,100,1,2,1077,30,0,0
90006,8,1,0,31022,815,0,0,4500,0,4500,0,2,91002,300,101,2,1077,25,0,0
90006,8,1,0,31022,816,0,0,4000,0,4000,0,2,91002,500,301,2,1077,20,0,0
90006,8,1,0,31022,817,0,0,3500,0,3500,0,2,91002,1000,501,2,1077,18,0,0
90006,8,1,0,31022,818,0,0,3000,0,3000,0,2,91002,2000,1001,2,1077,16,0,0
90006,8,1,0,31022,819,0,0,2500,0,2500,0,2,91002,4500,2001,2,1077,14,0,0
90006,8,1,0,31022,820,0,0,2000,0,2000,0,2,91002,7000,4501,2,1077,12,0,0
90006,8,1,0,31022,821,0,0,1500,0,1500,0,2,91002,10000,7001,2,1077,10,0,0
90006,8,1,0,31022,822,0,0,1000,0,1000,0,2,91002,15000,10001,2,1077,8,0,0
90006,8,1,0,31022,823,0,0,750,0,750,0,2,91002,20000,15001,2,1077,7,0,0
90006,8,1,0,31022,824,0,0,500,0,500,0,2,91002,-1,20001,2,1077,5,0,0
90006,8,1,0,31214,825,0,0,5000,0,5000,0,2,91002,100,1,2,1078,30,0,0
90006,8,1,0,31214,826,0,0,4500,0,4500,0,2,91002,300,101,2,1078,25,0,0
90006,8,1,0,31214,827,0,0,4000,0,4000,0,2,91002,500,301,2,1078,20,0,0
90006,8,1,0,31214,828,0,0,3500,0,3500,0,2,91002,1000,501,2,1078,18,0,0
90006,8,1,0,31214,829,0,0,3000,0,3000,0,2,91002,2000,1001,2,1078,16,0,0
90006,8,1,0,31214,830,0,0,2500,0,2500,0,2,91002,4500,2001,2,1078,14,0,0
90006,8,1,0,31214,831,0,0,2000,0,2000,0,2,91002,7000,4501,2,1078,12,0,0
90006,8,1,0,31214,832,0,0,1500,0,1500,0,2,91002,10000,7001,2,1078,10,0,0
90006,8,1,0,31214,833,0,0,1000,0,1000,0,2,91002,15000,10001,2,1078,8,0,0
90006,8,1,0,31214,834,0,0,750,0,750,0,2,91002,20000,15001,2,1078,7,0,0
90006,8,1,0,31214,835,0,0,500,0,500,0,2,91002,-1,20001,2,1078,5,0,0
90006,8,1,0,31043,836,0,0,5000,0,5000,0,2,91002,100,1,2,1079,30,0,0
90006,8,1,0,31043,837,0,0,4500,0,4500,0,2,91002,300,101,2,1079,25,0,0
90006,8,1,0,31043,838,0,0,4000,0,4000,0,2,91002,500,301,2,1079,20,0,0
90006,8,1,0,31043,839,0,0,3500,0,3500,0,2,91002,1000,501,2,1079,18,0,0
90006,8,1,0,31043,840,0,0,3000,0,3000,0,2,91002,2000,1001,2,1079,16,0,0
90006,8,1,0,31043,841,0,0,2500,0,2500,0,2,91002,4500,2001,2,1079,14,0,0
90006,8,1,0,31043,842,0,0,2000,0,2000,0,2,91002,7000,4501,2,1079,12,0,0
90006,8,1,0,31043,843,0,0,1500,0,1500,0,2,91002,10000,7001,2,1079,10,0,0
90006,8,1,0,31043,844,0,0,1000,0,1000,0,2,91002,15000,10001,2,1079,8,0,0
90006,8,1,0,31043,845,0,0,750,0,750,0,2,91002,20000,15001,2,1079,7,0,0
90006,8,1,0,31043,846,0,0,500,0,500,0,2,91002,-1,20001,2,1079,5,0,0
90006,8,1,0,31018,847,0,0,5000,0,5000,0,2,91002,100,1,2,1080,30,0,0
90006,8,1,0,31018,848,0,0,4500,0,4500,0,2,91002,300,101,2,1080,25,0,0
90006,8,1,0,31018,849,0,0,4000,0,4000,0,2,91002,500,301,2,1080,20,0,0
90006,8,1,0,31018,850,0,0,3500,0,3500,0,2,91002,1000,501,2,1080,18,0,0
90006,8,1,0,31018,851,0,0,3000,0,3000,0,2,91002,2000,1001,2,1080,16,0,0
90006,8,1,0,31018,852,0,0,2500,0,2500,0,2,91002,4500,2001,2,1080,14,0,0
90006,8,1,0,31018,853,0,0,2000,0,2000,0,2,91002,7000,4501,2,1080,12,0,0
90006,8,1,0,31018,854,0,0,1500,0,1500,0,2,91002,10000,7001,2,1080,10,0,0
90006,8,1,0,31018,855,0,0,1000,0,1000,0,2,91002,15000,10001,2,1080,8,0,0
90006,8,1,0,31018,856,0,0,750,0,750,0,2,91002,20000,15001,2,1080,7,0,0
90006,8,1,0,31018,857,0,0,500,0,500,0,2,91002,-1,20001,2,1080,5,0,0
