reward_id_2,end_time,love_level,lock_all_text,story_quest_id,story_group_id,sub_title,reward_value_2,reward_value_3,reward_id_3,reward_type_2,title,reward_type_3,reward_id_1,story_id,story_end,chara_index,start_time,unlock_quest_id,requirement_id,pre_story_id,condition_event_quest_id,condition_event_boss_id,reward_value_1,visible_type,reward_type_1
0,"2030/12/31 14:59:59",0,0,0,6017,"『길드』의 구조",0,0,0,0,"에밀리아와의 신뢰도 에피소드",0,0,6017101,0,1,"2020/06/30 15:00:00",0,0,0,0,0,0,0,0
0,"2030/12/31 14:59:59",0,0,0,6017,"팩의 정체",0,0,0,0,"에밀리아와의 신뢰도 에피소드",0,0,6017102,0,1,"2020/06/30 15:00:00",0,0,0,0,0,0,0,0
0,"2030/12/31 14:59:59",0,0,0,6017,"폭신폭신한 관계",0,0,0,0,"에밀리아와의 신뢰도 에피소드",0,0,6017103,0,1,"2020/06/30 15:00:00",0,0,0,0,0,0,0,0
0,"2030/12/31 14:59:59",0,0,0,6017,"람과 렘의 구별",0,0,0,0,"에밀리아와의 신뢰도 에피소드",0,0,6017104,0,1,"2020/06/30 15:00:00",0,0,0,0,0,0,0,0
0,"2030/12/31 14:59:59",0,0,0,6017,"람과는 친해졌어?",0,0,0,0,"에밀리아와의 신뢰도 에피소드",0,0,6017105,0,1,"2020/06/30 15:00:00",0,0,0,0,0,0,0,0
0,"2030/12/31 14:59:59",0,0,0,6017,"렘과는 친해졌어?",0,0,0,0,"에밀리아와의 신뢰도 에피소드",0,0,6017106,0,1,"2020/06/30 15:00:00",0,0,0,0,0,0,0,0
0,"2030/12/31 14:59:59",0,0,0,6017,"마나의 소중함",0,0,0,0,"에밀리아와의 신뢰도 에피소드",0,0,6017107,0,1,"2020/06/30 15:00:00",0,0,0,0,0,0,0,0
0,"2030/12/31 14:59:59",0,0,0,6017,"랜드솔에는 엘프가 많아",0,0,0,0,"에밀리아와의 신뢰도 에피소드",0,0,6017108,0,1,"2020/06/30 15:00:00",0,0,0,0,0,0,0,0
0,"2030/12/31 14:59:59",0,0,0,6017,"아스트룸의 정령술",0,0,0,0,"에밀리아와의 신뢰도 에피소드",0,0,6017109,0,1,"2020/06/30 15:00:00",0,0,0,0,0,0,0,0
0,"2030/12/31 14:59:59",0,0,0,6017,"랜드솔 마요네즈 사정",0,0,0,0,"에밀리아와의 신뢰도 에피소드",0,0,6017110,0,1,"2020/06/30 15:00:00",0,0,0,0,0,0,0,0
0,"2030/12/31 14:59:59",0,0,0,6017,"랜드솔 맛집 추천",0,0,0,0,"렘과의 신뢰도 에피소드",0,0,6017201,0,2,"2020/06/30 15:00:00",0,0,0,0,0,0,0,0
0,"2030/12/31 14:59:59",0,0,0,6017,"좋아하는 장소는?",0,0,0,0,"렘과의 신뢰도 에피소드",0,0,6017202,0,2,"2020/06/30 15:00:00",0,0,0,0,0,0,0,0
0,"2030/12/31 14:59:59",0,0,0,6017,"랜드솔 식 휴일 보내는 법",0,0,0,0,"렘과의 신뢰도 에피소드",0,0,6017203,0,2,"2020/06/30 15:00:00",0,0,0,0,0,0,0,0
0,"2030/12/31 14:59:59",0,0,0,6017,"이세계에서도 귀여운 언니",0,0,0,0,"렘과의 신뢰도 에피소드",0,0,6017204,0,2,"2020/06/30 15:00:00",0,0,0,0,0,0,0,0
0,"2030/12/31 14:59:59",0,0,0,6017,"미식의 적",0,0,0,0,"렘과의 신뢰도 에피소드",0,0,6017205,0,2,"2020/06/30 15:00:00",0,0,0,0,0,0,0,0
0,"2030/12/31 14:59:59",0,0,0,6017,"신경 쓰이는 다른 이름",0,0,0,0,"렘과의 신뢰도 에피소드",0,0,6017206,0,2,"2020/06/30 15:00:00",0,0,0,0,0,0,0,0
0,"2030/12/31 14:59:59",0,0,0,6017,"람의 좋은 점",0,0,0,0,"렘과의 신뢰도 에피소드",0,0,6017207,0,2,"2020/06/30 15:00:00",0,0,0,0,0,0,0,0
0,"2030/12/31 14:59:59",0,0,0,6017,"렘의 독서",0,0,0,0,"렘과의 신뢰도 에피소드",0,0,6017208,0,2,"2020/06/30 15:00:00",0,0,0,0,0,0,0,0
0,"2030/12/31 14:59:59",0,0,0,6017,"렘에게 있어서의 에밀리아",0,0,0,0,"렘과의 신뢰도 에피소드",0,0,6017209,0,2,"2020/06/30 15:00:00",0,0,0,0,0,0,0,0
0,"2030/12/31 14:59:59",0,0,0,6017,"휴대용이라",0,0,0,0,"렘과의 신뢰도 에피소드",0,0,6017210,0,2,"2020/06/30 15:00:00",0,0,0,0,0,0,0,0
0,"2030/12/31 14:59:59",0,0,0,6017,"좋아하는 음식",0,0,0,0,"람과의 신뢰도 에피소드",0,0,6017301,0,3,"2020/06/30 15:00:00",0,0,0,0,0,0,0,0
0,"2030/12/31 14:59:59",0,0,0,6017,"형제자매는 있어?",0,0,0,0,"람과의 신뢰도 에피소드",0,0,6017302,0,3,"2020/06/30 15:00:00",0,0,0,0,0,0,0,0
0,"2030/12/31 14:59:59",0,0,0,6017,"람 일행의 세계",0,0,0,0,"람과의 신뢰도 에피소드",0,0,6017303,0,3,"2020/06/30 15:00:00",0,0,0,0,0,0,0,0
0,"2030/12/31 14:59:59",0,0,0,6017,"메이드 옷이 신기해?",0,0,0,0,"람과의 신뢰도 에피소드",0,0,6017304,0,3,"2020/06/30 15:00:00",0,0,0,0,0,0,0,0
0,"2030/12/31 14:59:59",0,0,0,6017,"렘을 알고 싶어",0,0,0,0,"람과의 신뢰도 에피소드",0,0,6017305,0,3,"2020/06/30 15:00:00",0,0,0,0,0,0,0,0
0,"2030/12/31 14:59:59",0,0,0,6017,"람의 특기인 마법",0,0,0,0,"람과의 신뢰도 에피소드",0,0,6017306,0,3,"2020/06/30 15:00:00",0,0,0,0,0,0,0,0
0,"2030/12/31 14:59:59",0,0,0,6017,"람에게 있어서의 에밀리아",0,0,0,0,"람과의 신뢰도 에피소드",0,0,6017307,0,3,"2020/06/30 15:00:00",0,0,0,0,0,0,0,0
0,"2030/12/31 14:59:59",0,0,0,6017,"람의 천리안",0,0,0,0,"람과의 신뢰도 에피소드",0,0,6017308,0,3,"2020/06/30 15:00:00",0,0,0,0,0,0,0,0
0,"2030/12/31 14:59:59",0,0,0,6017,"다양하게 불려",0,0,0,0,"람과의 신뢰도 에피소드",0,0,6017309,0,3,"2020/06/30 15:00:00",0,0,0,0,0,0,0,0
0,"2030/12/31 14:59:59",0,0,0,6017,"아르바이트를 열심히 하는 이유",0,0,0,0,"람과의 신뢰도 에피소드",0,0,6017310,0,3,"2020/06/30 15:00:00",0,0,0,0,0,0,0,0
0,"2030/12/31 14:59:59",0,0,0,6019,"바캉스 일정",0,0,0,0,"스즈나와의 신뢰도 에피소드",0,0,6019101,0,1,"2020/07/30 15:00:00",0,0,0,0,0,0,0,0
0,"2030/12/31 14:59:59",0,0,0,6019,"바캉스\n싸움 경보 발령",0,0,0,0,"스즈나와의 신뢰도 에피소드",0,0,6019102,0,1,"2020/07/30 15:00:00",0,0,0,0,0,0,2,0
0,"2030/12/31 14:59:59",0,0,0,6019,"싸움 경험",0,0,0,0,"스즈나와의 신뢰도 에피소드",0,0,6019103,0,1,"2020/07/30 15:00:00",0,0,0,0,0,0,2,0
0,"2030/12/31 14:59:59",0,0,0,6019,"화해 방법",0,0,0,0,"스즈나와의 신뢰도 에피소드",0,0,6019104,0,1,"2020/07/30 15:00:00",0,0,0,0,0,0,2,0
0,"2030/12/31 14:59:59",0,0,0,6019,"히데사이\n엄청 감사해!",0,0,0,0,"스즈나와의 신뢰도 에피소드",0,0,6019105,0,1,"2020/07/30 15:00:00",0,0,0,0,0,0,2,0
0,"2030/12/31 14:59:59",0,0,0,6019,"응원 잘 부탁해!",0,0,0,0,"스즈나와의 신뢰도 에피소드",0,0,6019106,0,1,"2020/07/30 15:00:00",0,0,0,0,0,0,2,0
0,"2030/12/31 14:59:59",0,0,0,6019,"모델의 대적",0,0,0,0,"스즈나와의 신뢰도 에피소드",0,0,6019107,0,1,"2020/07/30 15:00:00",0,0,0,0,0,0,2,0
0,"2030/12/31 14:59:59",0,0,0,6019,"빙수는 무슨 맛?",0,0,0,0,"스즈나와의 신뢰도 에피소드",0,0,6019108,0,1,"2020/07/30 15:00:00",0,0,0,0,0,0,2,0
0,"2030/12/31 14:59:59",0,0,0,6019,"어떤 불꽃을\n좋아해?",0,0,0,0,"스즈나와의 신뢰도 에피소드",0,0,6019109,0,1,"2020/07/30 15:00:00",0,0,0,0,0,0,2,0
0,"2030/12/31 14:59:59",0,0,0,6019,"내년에도 이 섬에서\n함께 바캉스",0,0,0,0,"스즈나와의 신뢰도 에피소드",0,0,6019110,0,1,"2020/07/30 15:00:00",0,0,0,0,0,0,2,0
0,"2030/12/31 14:59:59",0,0,0,6019,"바캉스 일정",0,0,0,0,"미사키와의 신뢰도 에피소드",0,0,6019201,0,2,"2020/07/30 15:00:00",0,0,0,0,0,0,0,0
0,"2030/12/31 14:59:59",0,0,0,6019,"바캉스\n싸움 경보 발령",0,0,0,0,"미사키와의 신뢰도 에피소드",0,0,6019202,0,2,"2020/07/30 15:00:00",0,0,0,0,0,0,2,0
0,"2030/12/31 14:59:59",0,0,0,6019,"싸움 경험",0,0,0,0,"미사키와의 신뢰도 에피소드",0,0,6019203,0,2,"2020/07/30 15:00:00",0,0,0,0,0,0,2,0
0,"2030/12/31 14:59:59",0,0,0,6019,"화해 방법",0,0,0,0,"미사키와의 신뢰도 에피소드",0,0,6019204,0,2,"2020/07/30 15:00:00",0,0,0,0,0,0,2,0
0,"2030/12/31 14:59:59",0,0,0,6019,"네\n덕분이야",0,0,0,0,"미사키와의 신뢰도 에피소드",0,0,6019205,0,2,"2020/07/30 15:00:00",0,0,0,0,0,0,2,0
0,"2030/12/31 14:59:59",0,0,0,6019,"응원 전쟁!",0,0,0,0,"미사키와의 신뢰도 에피소드",0,0,6019206,0,2,"2020/07/30 15:00:00",0,0,0,0,0,0,2,0
0,"2030/12/31 14:59:59",0,0,0,6019,"숙녀의 대적",0,0,0,0,"미사키와의 신뢰도 에피소드",0,0,6019207,0,2,"2020/07/30 15:00:00",0,0,0,0,0,0,2,0
0,"2030/12/31 14:59:59",0,0,0,6019,"빙수는 무슨 맛?",0,0,0,0,"미사키와의 신뢰도 에피소드",0,0,6019208,0,2,"2020/07/30 15:00:00",0,0,0,0,0,0,2,0
0,"2030/12/31 14:59:59",0,0,0,6019,"어떤 불꽃을\n좋아해?",0,0,0,0,"미사키와의 신뢰도 에피소드",0,0,6019209,0,2,"2020/07/30 15:00:00",0,0,0,0,0,0,2,0
0,"2030/12/31 14:59:59",0,0,0,6019,"내년에도 이 섬에서\n함께 바캉스",0,0,0,0,"미사키와의 신뢰도 에피소드",0,0,6019210,0,2,"2020/07/30 15:00:00",0,0,0,0,0,0,2,0
0,"2030/12/31 14:59:59",0,0,0,6023,"제대로 공부하고 있어?",0,0,0,0,"클로에와의 신뢰도 에피소드",0,0,6023101,0,1,"2020/09/29 15:00:00",0,0,0,0,0,0,0,0
0,"2030/12/31 14:59:59",0,0,0,6023,"클로에라는 여자",0,0,0,0,"클로에와의 신뢰도 에피소드",0,0,6023102,0,1,"2020/09/29 15:00:00",0,0,0,0,0,0,2,0
0,"2030/12/31 14:59:59",0,0,0,6023,"유니 선배 어때",0,0,0,0,"클로에와의 신뢰도 에피소드",0,0,6023103,0,1,"2020/09/29 15:00:00",0,0,0,0,0,0,2,0
0,"2030/12/31 14:59:59",0,0,0,6023,"치에루는 어때",0,0,0,0,"클로에와의 신뢰도 에피소드",0,0,6023104,0,1,"2020/09/29 15:00:00",0,0,0,0,0,0,2,0
0,"2030/12/31 14:59:59",0,0,0,6023,"엘프 친구",0,0,0,0,"클로에와의 신뢰도 에피소드",0,0,6023105,0,1,"2020/09/29 15:00:00",0,0,0,0,0,0,2,0
0,"2030/12/31 14:59:59",0,0,0,6023,"지금 배가\n고프므로",0,0,0,0,"클로에와의 신뢰도 에피소드",0,0,6023106,0,1,"2020/09/29 15:00:00",0,0,0,0,0,0,2,0
0,"2030/12/31 14:59:59",0,0,0,6023,"어디에서 왔어",0,0,0,0,"클로에와의 신뢰도 에피소드",0,0,6023107,0,1,"2020/09/29 15:00:00",0,0,0,0,0,0,2,0
0,"2030/12/31 14:59:59",0,0,0,6023,"어디가 무서워",0,0,0,0,"클로에와의 신뢰도 에피소드",0,0,6023108,0,1,"2020/09/29 15:00:00",0,0,0,0,0,0,2,0
0,"2030/12/31 14:59:59",0,0,0,6023,"별명을 지어 주지 않을래",0,0,0,0,"클로에와의 신뢰도 에피소드",0,0,6023109,0,1,"2020/09/29 15:00:00",0,0,0,0,0,0,2,0
0,"2030/12/31 14:59:59",0,0,0,6023,"너 별명\n있어?",0,0,0,0,"클로에와의 신뢰도 에피소드",0,0,6023110,0,1,"2020/09/29 15:00:00",0,0,0,0,0,0,2,0
0,"2030/12/31 14:59:59",0,0,0,6023,"테레여와 루학",0,0,0,0,"치에루와의 신뢰도 에피소드",0,0,6023201,0,2,"2020/09/29 15:00:00",0,0,0,0,0,0,0,0
0,"2030/12/31 14:59:59",0,0,0,6023,"치에루라는 여자",0,0,0,0,"치에루와의 신뢰도 에피소드",0,0,6023202,0,2,"2020/09/29 15:00:00",0,0,0,0,0,0,2,0
0,"2030/12/31 14:59:59",0,0,0,6023,"유니에 대해서",0,0,0,0,"치에루와의 신뢰도 에피소드",0,0,6023203,0,2,"2020/09/29 15:00:00",0,0,0,0,0,0,2,0
0,"2030/12/31 14:59:59",0,0,0,6023,"클로에에 대해서",0,0,0,0,"치에루와의 신뢰도 에피소드",0,0,6023204,0,2,"2020/09/29 15:00:00",0,0,0,0,0,0,2,0
0,"2030/12/31 14:59:59",0,0,0,6023,"루센트 학원\n에 대해서",0,0,0,0,"치에루와의 신뢰도 에피소드",0,0,6023205,0,2,"2020/09/29 15:00:00",0,0,0,0,0,0,2,0
0,"2030/12/31 14:59:59",0,0,0,6023,"치에루의 매력은?",0,0,0,0,"치에루와의 신뢰도 에피소드",0,0,6023206,0,2,"2020/09/29 15:00:00",0,0,0,0,0,0,2,0
0,"2030/12/31 14:59:59",0,0,0,6023,"날 어딘가로\n데려가 줘",0,0,0,0,"치에루와의 신뢰도 에피소드",0,0,6023207,0,2,"2020/09/29 15:00:00",0,0,0,0,0,0,2,0
0,"2030/12/31 14:59:59",0,0,0,6023,"개인기를 연구하자",0,0,0,0,"치에루와의 신뢰도 에피소드",0,0,6023208,0,2,"2020/09/29 15:00:00",0,0,0,0,0,0,2,0
0,"2030/12/31 14:59:59",0,0,0,6023,"센터는 누구?",0,0,0,0,"치에루와의 신뢰도 에피소드",0,0,6023209,0,2,"2020/09/29 15:00:00",0,0,0,0,0,0,2,0
0,"2030/12/31 14:59:59",0,0,0,6023,"중급 치에루어 강좌",0,0,0,0,"치에루와의 신뢰도 에피소드",0,0,6023210,0,2,"2020/09/29 15:00:00",0,0,0,0,0,0,2,0
0,"2030/12/31 14:59:59",0,0,0,6023,"좋아하는 수업은?",0,0,0,0,"유니와의 신뢰도 에피소드",0,0,6023301,0,3,"2020/09/29 15:00:00",0,0,0,0,0,0,0,0
0,"2030/12/31 14:59:59",0,0,0,6023,"유니라는 여자",0,0,0,0,"유니와의 신뢰도 에피소드",0,0,6023302,0,3,"2020/09/29 15:00:00",0,0,0,0,0,0,2,0
0,"2030/12/31 14:59:59",0,0,0,6023,"클로에에 대해서",0,0,0,0,"유니와의 신뢰도 에피소드",0,0,6023303,0,3,"2020/09/29 15:00:00",0,0,0,0,0,0,2,0
0,"2030/12/31 14:59:59",0,0,0,6023,"치에루에 대해서",0,0,0,0,"유니와의 신뢰도 에피소드",0,0,6023304,0,3,"2020/09/29 15:00:00",0,0,0,0,0,0,2,0
0,"2030/12/31 14:59:59",0,0,0,6023,"유니 같은 사람",0,0,0,0,"유니와의 신뢰도 에피소드",0,0,6023305,0,3,"2020/09/29 15:00:00",0,0,0,0,0,0,2,0
0,"2030/12/31 14:59:59",0,0,0,6023,"수수께끼의 조직 BB단",0,0,0,0,"유니와의 신뢰도 에피소드",0,0,6023306,0,3,"2020/09/29 15:00:00",0,0,0,0,0,0,2,0
0,"2030/12/31 14:59:59",0,0,0,6023,"추천 장소는?",0,0,0,0,"유니와의 신뢰도 에피소드",0,0,6023307,0,3,"2020/09/29 15:00:00",0,0,0,0,0,0,2,0
0,"2030/12/31 14:59:59",0,0,0,6023,"소문의 단짝부",0,0,0,0,"유니와의 신뢰도 에피소드",0,0,6023308,0,3,"2020/09/29 15:00:00",0,0,0,0,0,0,2,0
0,"2030/12/31 14:59:59",0,0,0,6023,"앞으로의\n학교 생활은?",0,0,0,0,"유니와의 신뢰도 에피소드",0,0,6023309,0,3,"2020/09/29 15:00:00",0,0,0,0,0,0,2,0
0,"2030/12/31 14:59:59",0,0,0,6023,"고향",0,0,0,0,"유니와의 신뢰도 에피소드",0,0,6023310,0,3,"2020/09/29 15:00:00",0,0,0,0,0,0,2,0
0,"2030/12/31 14:59:59",0,0,0,6025,"할로윈을\n보내는 법",0,0,0,0,"미미와의 신뢰도 에피소드",0,0,6025101,0,1,"2020/10/29 15:00:00",0,0,0,0,0,0,0,0
0,"2030/12/31 14:59:59",0,0,0,6025,"장난을\n치자",0,0,0,0,"미미와의 신뢰도 에피소드",0,0,6025102,0,1,"2020/10/29 15:00:00",0,0,0,0,0,0,0,0
0,"2030/12/31 14:59:59",0,0,0,6025,"과자를\n먹자",0,0,0,0,"미미와의 신뢰도 에피소드",0,0,6025103,0,1,"2020/10/29 15:00:00",0,0,0,0,0,0,0,0
0,"2030/12/31 14:59:59",0,0,0,6025,"도시 전설",0,0,0,0,"미미와의 신뢰도 에피소드",0,0,6025104,0,1,"2020/10/29 15:00:00",0,0,0,0,0,0,0,0
0,"2030/12/31 14:59:59",0,0,0,6025,"어울려?",0,0,0,0,"미미와의 신뢰도 에피소드",0,0,6025105,0,1,"2020/10/29 15:00:00",0,0,0,0,0,0,0,0
0,"2030/12/31 14:59:59",0,0,0,6025,"영혼 세계가\n뭐야?",0,0,0,0,"미미와의 신뢰도 에피소드",0,0,6025106,0,1,"2020/10/29 15:00:00",0,0,0,0,0,0,0,0
0,"2030/12/31 14:59:59",0,0,0,6025,"하나야",0,0,0,0,"미미와의 신뢰도 에피소드",0,0,6025107,0,1,"2020/10/29 15:00:00",0,0,0,0,0,0,0,0
0,"2030/12/31 14:59:59",0,0,0,6025,"훌륭한\n언니",0,0,0,0,"미미와의 신뢰도 에피소드",0,0,6025108,0,1,"2020/10/29 15:00:00",0,0,0,0,0,0,0,0
0,"2030/12/31 14:59:59",0,0,0,6025,"할로윈\n파티",0,0,0,0,"미미와의 신뢰도 에피소드",0,0,6025109,0,1,"2020/10/29 15:00:00",0,0,0,0,0,0,0,0
0,"2030/12/31 14:59:59",0,0,0,6025,"친구",0,0,0,0,"미미와의 신뢰도 에피소드",0,0,6025110,0,1,"2020/10/29 15:00:00",0,0,0,0,0,0,0,0
0,"2030/12/31 14:59:59",0,0,0,6025,"할로윈을\n보내는 법",0,0,0,0,"쿄우카와의 신뢰도 에피소드",0,0,6025201,0,2,"2020/10/29 15:00:00",0,0,0,0,0,0,0,0
0,"2030/12/31 14:59:59",0,0,0,6025,"장난은……",0,0,0,0,"쿄우카와의 신뢰도 에피소드",0,0,6025202,0,2,"2020/10/29 15:00:00",0,0,0,0,0,0,0,0
0,"2030/12/31 14:59:59",0,0,0,6025,"과자를\n나눠주자?",0,0,0,0,"쿄우카와의 신뢰도 에피소드",0,0,6025203,0,2,"2020/10/29 15:00:00",0,0,0,0,0,0,0,0
0,"2030/12/31 14:59:59",0,0,0,6025,"도시 전설\n이에요!",0,0,0,0,"쿄우카와의 신뢰도 에피소드",0,0,6025204,0,2,"2020/10/29 15:00:00",0,0,0,0,0,0,0,0
0,"2030/12/31 14:59:59",0,0,0,6025,"다양한\n모습",0,0,0,0,"쿄우카와의 신뢰도 에피소드",0,0,6025205,0,2,"2020/10/29 15:00:00",0,0,0,0,0,0,0,0
0,"2030/12/31 14:59:59",0,0,0,6025,"영혼 세계가\n뭐야?",0,0,0,0,"쿄우카와의 신뢰도 에피소드",0,0,6025206,0,2,"2020/10/29 15:00:00",0,0,0,0,0,0,0,0
0,"2030/12/31 14:59:59",0,0,0,6025,"수수께끼의 여자아이",0,0,0,0,"쿄우카와의 신뢰도 에피소드",0,0,6025207,0,2,"2020/10/29 15:00:00",0,0,0,0,0,0,0,0
0,"2030/12/31 14:59:59",0,0,0,6025,"훌륭한\n언니",0,0,0,0,"쿄우카와의 신뢰도 에피소드",0,0,6025208,0,2,"2020/10/29 15:00:00",0,0,0,0,0,0,0,0
0,"2030/12/31 14:59:59",0,0,0,6025,"할로윈\n파티",0,0,0,0,"쿄우카와의 신뢰도 에피소드",0,0,6025209,0,2,"2020/10/29 15:00:00",0,0,0,0,0,0,0,0
0,"2030/12/31 14:59:59",0,0,0,6025,"친구",0,0,0,0,"쿄우카와의 신뢰도 에피소드",0,0,6025210,0,2,"2020/10/29 15:00:00",0,0,0,0,0,0,0,0
0,"2030/12/31 14:59:59",0,0,0,6025,"할로윈을\n보내는 법",0,0,0,0,"미소기와의 신뢰도 에피소드",0,0,6025301,0,3,"2020/10/29 15:00:00",0,0,0,0,0,0,0,0
0,"2030/12/31 14:59:59",0,0,0,6025,"장난치자!",0,0,0,0,"미소기와의 신뢰도 에피소드",0,0,6025302,0,3,"2020/10/29 15:00:00",0,0,0,0,0,0,0,0
0,"2030/12/31 14:59:59",0,0,0,6025,"과자를\n먹자",0,0,0,0,"미소기와의 신뢰도 에피소드",0,0,6025303,0,3,"2020/10/29 15:00:00",0,0,0,0,0,0,0,0
0,"2030/12/31 14:59:59",0,0,0,6025,"도시 전설",0,0,0,0,"미소기와의 신뢰도 에피소드",0,0,6025304,0,3,"2020/10/29 15:00:00",0,0,0,0,0,0,0,0
0,"2030/12/31 14:59:59",0,0,0,6025,"어울려?",0,0,0,0,"미소기와의 신뢰도 에피소드",0,0,6025305,0,3,"2020/10/29 15:00:00",0,0,0,0,0,0,0,0
0,"2030/12/31 14:59:59",0,0,0,6025,"영혼 세계가\n뭐야?",0,0,0,0,"미소기와의 신뢰도 에피소드",0,0,6025306,0,3,"2020/10/29 15:00:00",0,0,0,0,0,0,0,0
0,"2030/12/31 14:59:59",0,0,0,6025,"수수께끼의 여자아이",0,0,0,0,"미소기와의 신뢰도 에피소드",0,0,6025307,0,3,"2020/10/29 15:00:00",0,0,0,0,0,0,0,0
0,"2030/12/31 14:59:59",0,0,0,6025,"훌륭한\n언니",0,0,0,0,"미소기와의 신뢰도 에피소드",0,0,6025308,0,3,"2020/10/29 15:00:00",0,0,0,0,0,0,0,0
0,"2030/12/31 14:59:59",0,0,0,6025,"할로윈\n파티",0,0,0,0,"미소기와의 신뢰도 에피소드",0,0,6025309,0,3,"2020/10/29 15:00:00",0,0,0,0,0,0,0,0
0,"2030/12/31 14:59:59",0,0,0,6025,"친구",0,0,0,0,"미소기와의 신뢰도 에피소드",0,0,6025310,0,3,"2020/10/29 15:00:00",0,0,0,0,0,0,0,0
0,"2030/12/31 14:59:59",0,0,0,6027,"카야는\n어떤 아이?",0,0,0,0,"이노리와의 신뢰도 에피소드",0,0,6027101,0,1,"2020/11/30 15:00:00",0,0,0,0,0,0,0,0
0,"2030/12/31 14:59:59",0,0,0,6027,"호마레는\n어떤 사람?",0,0,0,0,"이노리와의 신뢰도 에피소드",0,0,6027102,0,1,"2020/11/30 15:00:00",0,0,0,0,0,0,0,0
0,"2030/12/31 14:59:59",0,0,0,6027,"갱의\n업무란?",0,0,0,0,"이노리와의 신뢰도 에피소드",0,0,6027103,0,1,"2020/11/30 15:00:00",0,0,0,0,0,0,0,0
0,"2030/12/31 14:59:59",0,0,0,6027,"드래곤족이란\n뭐야?",0,0,0,0,"이노리와의 신뢰도 에피소드",0,0,6027104,0,1,"2020/11/30 15:00:00",0,0,0,0,0,0,0,0
0,"2030/12/31 14:59:59",0,0,0,6027,"엘피스 섬은\n어때?",0,0,0,0,"이노리와의 신뢰도 에피소드",0,0,6027105,0,1,"2020/11/30 15:00:00",0,0,0,0,0,0,0,0
0,"2030/12/31 14:59:59",0,0,0,6027,"모조 드래곤은\n어때?",0,0,0,0,"이노리와의 신뢰도 에피소드",0,0,6027106,0,1,"2020/11/30 15:00:00",0,0,0,10051115,0,0,0,0
0,"2030/12/31 14:59:59",0,0,0,6027,"이노리는\n어떤 아이?",0,0,0,0,"카야와의 신뢰도 에피소드",0,0,6027201,0,2,"2020/11/30 15:00:00",0,0,0,0,0,0,0,0
0,"2030/12/31 14:59:59",0,0,0,6027,"호마레는\n어떤 사람?",0,0,0,0,"카야와의 신뢰도 에피소드",0,0,6027202,0,2,"2020/11/30 15:00:00",0,0,0,0,0,0,0,0
0,"2030/12/31 14:59:59",0,0,0,6027,"갱의\n업무란?",0,0,0,0,"카야와의 신뢰도 에피소드",0,0,6027203,0,2,"2020/11/30 15:00:00",0,0,0,0,0,0,0,0
0,"2030/12/31 14:59:59",0,0,0,6027,"드래곤족이란\n뭐야?",0,0,0,0,"카야와의 신뢰도 에피소드",0,0,6027204,0,2,"2020/11/30 15:00:00",0,0,0,0,0,0,0,0
0,"2030/12/31 14:59:59",0,0,0,6027,"엘피스 섬은\n어때?",0,0,0,0,"카야와의 신뢰도 에피소드",0,0,6027205,0,2,"2020/11/30 15:00:00",0,0,0,0,0,0,0,0
0,"2030/12/31 14:59:59",0,0,0,6027,"모조 드래곤은\n어때?",0,0,0,0,"카야와의 신뢰도 에피소드",0,0,6027206,0,2,"2020/11/30 15:00:00",0,0,0,10051115,0,0,0,0
0,"2030/12/31 14:59:59",0,0,0,6029,"크리스마스는\n어떤 날?",0,0,0,0,"노조미와의 신뢰도 에피소드",0,0,6029101,0,3,"2020/12/29 15:00:00",0,0,0,0,0,0,0,0
0,"2030/12/31 14:59:59",0,0,0,6029,"크리스마스이브의 풍경",0,0,0,0,"노조미와의 신뢰도 에피소드",0,0,6029102,0,3,"2020/12/29 15:00:00",0,0,0,0,0,0,0,0
0,"2030/12/31 14:59:59",0,0,0,6029,"유능한\n프로듀서",0,0,0,0,"노조미와의 신뢰도 에피소드",0,0,6029103,0,3,"2020/12/29 15:00:00",0,0,0,0,0,0,0,0
0,"2030/12/31 14:59:59",0,0,0,6029,"밤을 통치하는 자",0,0,0,0,"노조미와의 신뢰도 에피소드",0,0,6029104,0,3,"2020/12/29 15:00:00",0,0,0,0,0,0,0,0
0,"2030/12/31 14:59:59",0,0,0,6029,"크리스마스 공연",0,0,0,0,"노조미와의 신뢰도 에피소드",0,0,6029105,0,3,"2020/12/29 15:00:00",0,0,0,0,0,0,0,0
0,"2030/12/31 14:59:59",0,0,0,6029,"산타클로스를\n목표로",0,0,0,0,"노조미와의 신뢰도 에피소드",0,0,6029106,0,3,"2020/12/29 15:00:00",0,0,0,0,0,0,0,0
0,"2030/12/31 14:59:59",0,0,0,6029,"온천에 가자",0,0,0,0,"노조미와의 신뢰도 에피소드",0,0,6029107,0,3,"2020/12/29 15:00:00",0,0,0,0,0,0,0,0
0,"2030/12/31 14:59:59",0,0,0,6029,"반역의 순록",0,0,0,0,"노조미와의 신뢰도 에피소드",0,0,6029108,0,3,"2020/12/29 15:00:00",0,0,0,0,0,0,0,0
0,"2030/12/31 14:59:59",0,0,0,6029,"크리스마스이브의 승리",0,0,0,0,"노조미와의 신뢰도 에피소드",0,0,6029109,0,3,"2020/12/29 15:00:00",0,0,0,0,0,0,0,0
0,"2030/12/31 14:59:59",0,0,0,6029,"현기증 나는 마음",0,0,0,0,"노조미와의 신뢰도 에피소드",0,0,6029110,0,3,"2020/12/29 15:00:00",0,0,0,0,0,0,0,0
0,"2030/12/31 14:59:59",0,0,0,6029,"크리스마스는\n어떤 날?",0,0,0,0,"크리스티나와의 신뢰도 에피소드",0,0,6029201,0,1,"2020/12/29 15:00:00",0,0,0,0,0,0,0,0
0,"2030/12/31 14:59:59",0,0,0,6029,"갖고 싶은 것",0,0,0,0,"크리스티나와의 신뢰도 에피소드",0,0,6029202,0,1,"2020/12/29 15:00:00",0,0,0,0,0,0,0,0
0,"2030/12/31 14:59:59",0,0,0,6029,"이리야에 대해서",0,0,0,0,"크리스티나와의 신뢰도 에피소드",0,0,6029203,0,1,"2020/12/29 15:00:00",0,0,0,0,0,0,0,0
0,"2030/12/31 14:59:59",0,0,0,6029,"아이돌\n설문 조사",0,0,0,0,"크리스티나와의 신뢰도 에피소드",0,0,6029204,0,1,"2020/12/29 15:00:00",0,0,0,0,0,0,0,0
0,"2030/12/31 14:59:59",0,0,0,6029,"산타 의상",0,0,0,0,"크리스티나와의 신뢰도 에피소드",0,0,6029205,0,1,"2020/12/29 15:00:00",0,0,0,0,0,0,0,0
0,"2030/12/31 14:59:59",0,0,0,6029,"선물로\n대혼란?",0,0,0,0,"크리스티나와의 신뢰도 에피소드",0,0,6029206,0,1,"2020/12/29 15:00:00",0,0,0,0,0,0,0,0
0,"2030/12/31 14:59:59",0,0,0,6029,"같이……?",0,0,0,0,"크리스티나와의 신뢰도 에피소드",0,0,6029207,0,1,"2020/12/29 15:00:00",0,0,0,0,0,0,0,0
0,"2030/12/31 14:59:59",0,0,0,6029,"유쾌한 한때",0,0,0,0,"크리스티나와의 신뢰도 에피소드",0,0,6029208,0,1,"2020/12/29 15:00:00",0,0,0,0,0,0,0,0
0,"2030/12/31 14:59:59",0,0,0,6029,"크리스마스이브의 승리",0,0,0,0,"크리스티나와의 신뢰도 에피소드",0,0,6029209,0,1,"2020/12/29 15:00:00",0,0,0,0,0,0,0,0
0,"2030/12/31 14:59:59",0,0,0,6029,"좋은 온천이군",0,0,0,0,"크리스티나와의 신뢰도 에피소드",0,0,6029210,0,1,"2020/12/29 15:00:00",0,0,0,0,0,0,0,0
0,"2030/12/31 14:59:59",0,0,0,6029,"크리스마스는\n어떤 날?",0,0,0,0,"이리야와의 신뢰도 에피소드",0,0,6029301,0,2,"2020/12/29 15:00:00",0,0,0,0,0,0,0,0
0,"2030/12/31 14:59:59",0,0,0,6029,"산타의 불가사의",0,0,0,0,"이리야와의 신뢰도 에피소드",0,0,6029302,0,2,"2020/12/29 15:00:00",0,0,0,0,0,0,0,0
0,"2030/12/31 14:59:59",0,0,0,6029,"크리스티나는\n어떤 사람?",0,0,0,0,"이리야와의 신뢰도 에피소드",0,0,6029303,0,2,"2020/12/29 15:00:00",0,0,0,0,0,0,0,0
0,"2030/12/31 14:59:59",0,0,0,6029,"아이돌, 노조미",0,0,0,0,"이리야와의 신뢰도 에피소드",0,0,6029304,0,2,"2020/12/29 15:00:00",0,0,0,0,0,0,0,0
0,"2030/12/31 14:59:59",0,0,0,6029,"산타 의상",0,0,0,0,"이리야와의 신뢰도 에피소드",0,0,6029305,0,2,"2020/12/29 15:00:00",0,0,0,0,0,0,0,0
0,"2030/12/31 14:59:59",0,0,0,6029,"선물 대작전",0,0,0,0,"이리야와의 신뢰도 에피소드",0,0,6029306,0,2,"2020/12/29 15:00:00",0,0,0,0,0,0,0,0
0,"2030/12/31 14:59:59",0,0,0,6029,"매력적인 제안",0,0,0,0,"이리야와의 신뢰도 에피소드",0,0,6029307,0,2,"2020/12/29 15:00:00",0,0,0,0,0,0,0,0
0,"2030/12/31 14:59:59",0,0,0,6029,"타개책",0,0,0,0,"이리야와의 신뢰도 에피소드",0,0,6029308,0,2,"2020/12/29 15:00:00",0,0,0,0,0,0,0,0
0,"2030/12/31 14:59:59",0,0,0,6029,"크리스마스이브의 승리",0,0,0,0,"이리야와의 신뢰도 에피소드",0,0,6029309,0,2,"2020/12/29 15:00:00",0,0,0,0,0,0,0,0
0,"2030/12/31 14:59:59",0,0,0,6029,"온천 후에",0,0,0,0,"이리야와의 신뢰도 에피소드",0,0,6029310,0,2,"2020/12/29 15:00:00",0,0,0,0,0,0,0,0
0,"2030/12/31 14:59:59",0,0,0,6033,"변신은 빛 속에서",0,0,0,0,"카스미와의 신뢰도 에피소드",0,0,6033101,0,1,"2021/03/02 15:00:00",0,0,0,0,0,0,0,0
0,"2030/12/31 14:59:59",0,0,0,6033,"마법 소녀는\n누구의 탓?",0,0,0,0,"카스미와의 신뢰도 에피소드",0,0,6033102,0,1,"2021/03/02 15:00:00",0,0,0,0,0,0,0,0
0,"2030/12/31 14:59:59",0,0,0,6033,"끝없는\n포즈 탐구",0,0,0,0,"카스미와의 신뢰도 에피소드",0,0,6033103,0,1,"2021/03/02 15:00:00",0,0,0,0,0,0,0,0
0,"2030/12/31 14:59:59",0,0,0,6033,"마법 소녀의\n특징이란?",0,0,0,0,"카스미와의 신뢰도 에피소드",0,0,6033104,0,1,"2021/03/02 15:00:00",0,0,0,0,0,0,0,0
0,"2030/12/31 14:59:59",0,0,0,6033,"새로운 마법의 힘",0,0,0,0,"카스미와의 신뢰도 에피소드",0,0,6033105,0,1,"2021/03/02 15:00:00",0,0,0,0,0,0,0,0
0,"2030/12/31 14:59:59",0,0,0,6033,"마법 소녀는 영원히",0,0,0,0,"카스미와의 신뢰도 에피소드",0,0,6033106,0,1,"2021/03/02 15:00:00",0,0,0,0,0,0,0,0
0,"2030/12/31 14:59:59",0,0,0,6033,"마이 시스터?",0,0,0,0,"카스미와의 신뢰도 에피소드",0,0,6033107,0,1,"2021/03/02 15:00:00",0,0,0,0,0,0,0,0
0,"2030/12/31 14:59:59",0,0,0,6033,"모이는 마법 소녀?",0,0,0,0,"카스미와의 신뢰도 에피소드",0,0,6033108,0,1,"2021/03/02 15:00:00",0,0,0,0,0,0,0,0
0,"2030/12/31 14:59:59",0,0,0,6033,"개인 정보 엄수!",0,0,0,0,"카스미와의 신뢰도 에피소드",0,0,6033109,0,1,"2021/03/02 15:00:00",0,0,0,0,0,0,0,0
0,"2030/12/31 14:59:59",0,0,0,6033,"마법 생물의\n생태 조사",0,0,0,0,"카스미와의 신뢰도 에피소드",0,0,6033110,0,1,"2021/03/02 15:00:00",0,0,0,0,0,0,0,0
0,"2030/12/31 14:59:59",0,0,0,6033,"마법 소녀",0,0,0,0,"시오리와의 신뢰도 에피소드",0,0,6033201,0,2,"2021/03/02 15:00:00",0,0,0,0,0,0,0,0
0,"2030/12/31 14:59:59",0,0,0,6033,"마법 나라",0,0,0,0,"시오리와의 신뢰도 에피소드",0,0,6033202,0,2,"2021/03/02 15:00:00",0,0,0,0,0,0,0,0
0,"2030/12/31 14:59:59",0,0,0,6033,"귀여운 의상",0,0,0,0,"시오리와의 신뢰도 에피소드",0,0,6033203,0,2,"2021/03/02 15:00:00",0,0,0,0,0,0,0,0
0,"2030/12/31 14:59:59",0,0,0,6033,"변신 대사",0,0,0,0,"시오리와의 신뢰도 에피소드",0,0,6033204,0,2,"2021/03/02 15:00:00",0,0,0,0,0,0,0,0
0,"2030/12/31 14:59:59",0,0,0,6033,"부끄러워?",0,0,0,0,"시오리와의 신뢰도 에피소드",0,0,6033205,0,2,"2021/03/02 15:00:00",0,0,0,0,0,0,0,0
0,"2030/12/31 14:59:59",0,0,0,6033,"마법 소녀의 특징",0,0,0,0,"시오리와의 신뢰도 에피소드",0,0,6033206,0,2,"2021/03/02 15:00:00",0,0,0,0,0,0,0,0
0,"2030/12/31 14:59:59",0,0,0,6033,"새 마법",0,0,0,0,"시오리와의 신뢰도 에피소드",0,0,6033207,0,2,"2021/03/02 15:00:00",0,0,0,0,0,0,0,0
0,"2030/12/31 14:59:59",0,0,0,6033,"어둠의 언니",0,0,0,0,"시오리와의 신뢰도 에피소드",0,0,6033208,0,2,"2021/03/02 15:00:00",0,0,0,0,0,0,0,0
0,"2030/12/31 14:59:59",0,0,0,6033,"모라",0,0,0,0,"시오리와의 신뢰도 에피소드",0,0,6033209,0,2,"2021/03/02 15:00:00",0,0,0,0,0,0,0,0
0,"2030/12/31 14:59:59",0,0,0,6033,"새로운 동료?",0,0,0,0,"시오리와의 신뢰도 에피소드",0,0,6033210,0,2,"2021/03/02 15:00:00",0,0,0,0,0,0,0,0
0,"2030/12/31 14:59:59",0,0,0,6038,"최근의 단짝부",0,0,0,0,"치에루와의 신뢰도 에피소드",0,0,6038101,0,1,"2021/04/29 15:00:00",0,0,0,0,0,0,0,0
0,"2030/12/31 14:59:59",0,0,0,6038,"치에루 친구 모집 중",0,0,0,0,"치에루와의 신뢰도 에피소드",0,0,6038102,0,1,"2021/04/29 15:00:00",0,0,0,0,0,0,0,0
0,"2030/12/31 14:59:59",0,0,0,6038,"한물간 치에룬~",0,0,0,0,"치에루와의 신뢰도 에피소드",0,0,6038103,0,1,"2021/04/29 15:00:00",0,0,0,0,0,0,0,0
0,"2030/12/31 14:59:59",0,0,0,6038,"아키노에 대해서",0,0,0,0,"치에루와의 신뢰도 에피소드",0,0,6038104,0,1,"2021/04/29 15:00:00",0,0,0,0,0,0,0,0
0,"2030/12/31 14:59:59",0,0,0,6038,"미후유에 대해서",0,0,0,0,"치에루와의 신뢰도 에피소드",0,0,6038105,0,1,"2021/04/29 15:00:00",0,0,0,0,0,0,0,0
0,"2030/12/31 14:59:59",0,0,0,6038,"타마키에 대해서",0,0,0,0,"치에루와의 신뢰도 에피소드",0,0,6038106,0,1,"2021/04/29 15:00:00",0,0,0,0,0,0,0,0
0,"2030/12/31 14:59:59",0,0,0,6038,"유카리에 대해서",0,0,0,0,"치에루와의 신뢰도 에피소드",0,0,6038107,0,1,"2021/04/29 15:00:00",0,0,0,0,0,0,0,0
0,"2030/12/31 14:59:59",0,0,0,6038,"우리들의\n프레젠테이션",0,0,0,0,"치에루와의 신뢰도 에피소드",0,0,6038108,0,1,"2021/04/29 15:00:00",0,0,0,0,0,0,0,0
0,"2030/12/31 14:59:59",0,0,0,6038,"선배의 프레젠테이션",0,0,0,0,"치에루와의 신뢰도 에피소드",0,0,6038109,0,1,"2021/04/29 15:00:00",0,0,0,0,0,0,0,0
0,"2030/12/31 14:59:59",0,0,0,6038,"치에루어 강좌\nRe:Dive",0,0,0,0,"치에루와의 신뢰도 에피소드",0,0,6038110,0,1,"2021/04/29 15:00:00",0,0,0,0,0,0,0,0
0,"2030/12/31 14:59:59",0,0,0,6038,"최근의 단짝부",0,0,0,0,"클로에와의 신뢰도 에피소드",0,0,6038201,0,2,"2021/04/29 15:00:00",0,0,0,0,0,0,0,0
0,"2030/12/31 14:59:59",0,0,0,6038,"네 가족은?",0,0,0,0,"클로에와의 신뢰도 에피소드",0,0,6038202,0,2,"2021/04/29 15:00:00",0,0,0,0,0,0,0,0
0,"2030/12/31 14:59:59",0,0,0,6038,"소중한 것을\n지키기 위해",0,0,0,0,"클로에와의 신뢰도 에피소드",0,0,6038203,0,2,"2021/04/29 15:00:00",0,0,0,0,0,0,0,0
0,"2030/12/31 14:59:59",0,0,0,6038,"아키노에 대해서",0,0,0,0,"클로에와의 신뢰도 에피소드",0,0,6038204,0,2,"2021/04/29 15:00:00",0,0,0,0,0,0,0,0
0,"2030/12/31 14:59:59",0,0,0,6038,"미후유에 대해서",0,0,0,0,"클로에와의 신뢰도 에피소드",0,0,6038205,0,2,"2021/04/29 15:00:00",0,0,0,0,0,0,0,0
0,"2030/12/31 14:59:59",0,0,0,6038,"타마키에 대해서",0,0,0,0,"클로에와의 신뢰도 에피소드",0,0,6038206,0,2,"2021/04/29 15:00:00",0,0,0,0,0,0,0,0
0,"2030/12/31 14:59:59",0,0,0,6038,"유카리에 대해서",0,0,0,0,"클로에와의 신뢰도 에피소드",0,0,6038207,0,2,"2021/04/29 15:00:00",0,0,0,0,0,0,0,0
0,"2030/12/31 14:59:59",0,0,0,6038,"우리들의 프레젠테이션",0,0,0,0,"클로에와의 신뢰도 에피소드",0,0,6038208,0,2,"2021/04/29 15:00:00",0,0,0,0,0,0,0,0
0,"2030/12/31 14:59:59",0,0,0,6038,"너의 프레젠테이션",0,0,0,0,"클로에와의 신뢰도 에피소드",0,0,6038209,0,2,"2021/04/29 15:00:00",0,0,0,0,0,0,0,0
0,"2030/12/31 14:59:59",0,0,0,6038,"그 알바는\n뭐였어",0,0,0,0,"클로에와의 신뢰도 에피소드",0,0,6038210,0,2,"2021/04/29 15:00:00",0,0,0,0,0,0,0,0
0,"2030/12/31 14:59:59",0,0,0,6038,"최근의 유니짱즈",0,0,0,0,"유니와의 신뢰도 에피소드",0,0,6038301,0,3,"2021/04/29 15:00:00",0,0,0,0,0,0,0,0
0,"2030/12/31 14:59:59",0,0,0,6038,"아키노에 대해서",0,0,0,0,"유니와의 신뢰도 에피소드",0,0,6038302,0,3,"2021/04/29 15:00:00",0,0,0,0,0,0,0,0
0,"2030/12/31 14:59:59",0,0,0,6038,"미후유에 대해서",0,0,0,0,"유니와의 신뢰도 에피소드",0,0,6038303,0,3,"2021/04/29 15:00:00",0,0,0,0,0,0,0,0
0,"2030/12/31 14:59:59",0,0,0,6038,"타마키에 대해서",0,0,0,0,"유니와의 신뢰도 에피소드",0,0,6038304,0,3,"2021/04/29 15:00:00",0,0,0,0,0,0,0,0
0,"2030/12/31 14:59:59",0,0,0,6038,"유카리에 대해서",0,0,0,0,"유니와의 신뢰도 에피소드",0,0,6038305,0,3,"2021/04/29 15:00:00",0,0,0,0,0,0,0,0
0,"2030/12/31 14:59:59",0,0,0,6038,"우리들의 프레젠테이션",0,0,0,0,"유니와의 신뢰도 에피소드",0,0,6038306,0,3,"2021/04/29 15:00:00",0,0,0,0,0,0,0,0
0,"2030/12/31 14:59:59",0,0,0,6038,"동지의 프레젠테이션",0,0,0,0,"유니와의 신뢰도 에피소드",0,0,6038307,0,3,"2021/04/29 15:00:00",0,0,0,0,0,0,0,0
0,"2030/12/31 14:59:59",0,0,0,6038,"속편･유니 같은 사람",0,0,0,0,"유니와의 신뢰도 에피소드",0,0,6038308,0,3,"2021/04/29 15:00:00",0,0,0,0,0,0,0,0
0,"2030/12/31 14:59:59",0,0,0,6038,"우회적이라 요점을\n알 수 없는 이야기",0,0,0,0,"유니와의 신뢰도 에피소드",0,0,6038309,0,3,"2021/04/29 15:00:00",0,0,0,0,0,0,0,0
0,"2030/12/31 14:59:59",0,0,0,6038,"OK 로제타",0,0,0,0,"유니와의 신뢰도 에피소드",0,0,6038310,0,3,"2021/04/29 15:00:00",0,0,0,0,0,0,0,0
0,"2030/12/31 14:59:59",0,0,0,6040,"한조에 대해서",0,0,0,0,"마히루와의 신뢰도 에피소드",0,0,6040101,0,1,"2021/05/31 15:00:00",0,0,0,0,0,0,0,0
0,"2030/12/31 14:59:59",0,0,0,6040,"저 입간판……",0,0,0,0,"마히루와의 신뢰도 에피소드",0,0,6040102,0,1,"2021/05/31 15:00:00",0,0,0,0,0,0,0,0
0,"2030/12/31 14:59:59",0,0,0,6040,"리마에 대해서",0,0,0,0,"마히루와의 신뢰도 에피소드",0,0,6040103,0,1,"2021/05/31 15:00:00",0,0,0,0,0,0,0,0
0,"2030/12/31 14:59:59",0,0,0,6040,"린에 대해서",0,0,0,0,"마히루와의 신뢰도 에피소드",0,0,6040104,0,1,"2021/05/31 15:00:00",0,0,0,0,0,0,0,0
0,"2030/12/31 14:59:59",0,0,0,6040,"시오리에 대해서",0,0,0,0,"마히루와의 신뢰도 에피소드",0,0,6040105,0,1,"2021/05/31 15:00:00",0,0,0,0,0,0,0,0
0,"2030/12/31 14:59:59",0,0,0,6040,"기부받은 돈",0,0,0,0,"마히루와의 신뢰도 에피소드",0,0,6040106,0,1,"2021/05/31 15:00:00",0,0,0,0,0,0,0,0
0,"2030/12/31 14:59:59",0,0,0,6040,"온천에 대해서",0,0,0,0,"마히루와의 신뢰도 에피소드",0,0,6040107,0,1,"2021/05/31 15:00:00",0,0,0,0,0,0,0,0
0,"2030/12/31 14:59:59",0,0,0,6040,"마히루의 옷에 대해서",0,0,0,0,"마히루와의 신뢰도 에피소드",0,0,6040108,0,1,"2021/05/31 15:00:00",0,0,0,0,0,0,0,0
0,"2030/12/31 14:59:59",0,0,0,6040,"린의 옷에 대해서",0,0,0,0,"마히루와의 신뢰도 에피소드",0,0,6040109,0,1,"2021/05/31 15:00:00",0,0,0,0,0,0,0,0
0,"2030/12/31 14:59:59",0,0,0,6040,"한조는 어디로 사라졌나",0,0,0,0,"마히루와의 신뢰도 에피소드",0,0,6040110,0,1,"2021/05/31 15:00:00",0,0,0,0,0,0,0,0
0,"2030/12/31 14:59:59",0,0,0,6040,"한조에 대해서",0,0,0,0,"린과의 신뢰도 에피소드",0,0,6040201,0,2,"2021/05/31 15:00:00",0,0,0,0,0,0,0,0
0,"2030/12/31 14:59:59",0,0,0,6040,"저 입간판……",0,0,0,0,"린과의 신뢰도 에피소드",0,0,6040202,0,2,"2021/05/31 15:00:00",0,0,0,0,0,0,0,0
0,"2030/12/31 14:59:59",0,0,0,6040,"시오리에 대해서",0,0,0,0,"린과의 신뢰도 에피소드",0,0,6040203,0,2,"2021/05/31 15:00:00",0,0,0,0,0,0,0,0
0,"2030/12/31 14:59:59",0,0,0,6040,"마히루에 대해서",0,0,0,0,"린과의 신뢰도 에피소드",0,0,6040204,0,2,"2021/05/31 15:00:00",0,0,0,0,0,0,0,0
0,"2030/12/31 14:59:59",0,0,0,6040,"리마에 대해서",0,0,0,0,"린과의 신뢰도 에피소드",0,0,6040205,0,2,"2021/05/31 15:00:00",0,0,0,0,0,0,0,0
0,"2030/12/31 14:59:59",0,0,0,6040,"기부받은 돈",0,0,0,0,"린과의 신뢰도 에피소드",0,0,6040206,0,2,"2021/05/31 15:00:00",0,0,0,0,0,0,0,0
0,"2030/12/31 14:59:59",0,0,0,6040,"온천에 대해서",0,0,0,0,"린과의 신뢰도 에피소드",0,0,6040207,0,2,"2021/05/31 15:00:00",0,0,0,0,0,0,0,0
0,"2030/12/31 14:59:59",0,0,0,6040,"마히루의 옷에 대해서",0,0,0,0,"린과의 신뢰도 에피소드",0,0,6040208,0,2,"2021/05/31 15:00:00",0,0,0,0,0,0,0,0
0,"2030/12/31 14:59:59",0,0,0,6040,"린의 옷에 대해서",0,0,0,0,"린과의 신뢰도 에피소드",0,0,6040209,0,2,"2021/05/31 15:00:00",0,0,0,0,0,0,0,0
0,"2030/12/31 14:59:59",0,0,0,6040,"한조는 어디로 사라졌나",0,0,0,0,"린과의 신뢰도 에피소드",0,0,6040210,0,2,"2021/05/31 15:00:00",0,0,0,0,0,0,0,0
0,"2030/12/31 14:59:59",0,0,0,6040,"한조에 대해서",0,0,0,0,"리마와의 신뢰도 에피소드",0,0,6040301,0,3,"2021/05/31 15:00:00",0,0,0,0,0,0,0,0
0,"2030/12/31 14:59:59",0,0,0,6040,"저 입간판……",0,0,0,0,"리마와의 신뢰도 에피소드",0,0,6040302,0,3,"2021/05/31 15:00:00",0,0,0,0,0,0,0,0
0,"2030/12/31 14:59:59",0,0,0,6040,"마히루에 대해서",0,0,0,0,"리마와의 신뢰도 에피소드",0,0,6040303,0,3,"2021/05/31 15:00:00",0,0,0,0,0,0,0,0
0,"2030/12/31 14:59:59",0,0,0,6040,"린에 대해서",0,0,0,0,"리마와의 신뢰도 에피소드",0,0,6040304,0,3,"2021/05/31 15:00:00",0,0,0,0,0,0,0,0
0,"2030/12/31 14:59:59",0,0,0,6040,"시오리에 대해서",0,0,0,0,"리마와의 신뢰도 에피소드",0,0,6040305,0,3,"2021/05/31 15:00:00",0,0,0,0,0,0,0,0
0,"2030/12/31 14:59:59",0,0,0,6040,"기부받은 돈",0,0,0,0,"리마와의 신뢰도 에피소드",0,0,6040306,0,3,"2021/05/31 15:00:00",0,0,0,0,0,0,0,0
0,"2030/12/31 14:59:59",0,0,0,6040,"온천에 대해서",0,0,0,0,"리마와의 신뢰도 에피소드",0,0,6040307,0,3,"2021/05/31 15:00:00",0,0,0,0,0,0,0,0
0,"2030/12/31 14:59:59",0,0,0,6040,"마히루의 옷에 대해서",0,0,0,0,"리마와의 신뢰도 에피소드",0,0,6040308,0,3,"2021/05/31 15:00:00",0,0,0,0,0,0,0,0
0,"2030/12/31 14:59:59",0,0,0,6040,"린의 옷에 대해서",0,0,0,0,"리마와의 신뢰도 에피소드",0,0,6040309,0,3,"2021/05/31 15:00:00",0,0,0,0,0,0,0,0
0,"2030/12/31 14:59:59",0,0,0,6040,"한조는 어디로 사라졌나",0,0,0,0,"리마와의 신뢰도 에피소드",0,0,6040310,0,3,"2021/05/31 15:00:00",0,0,0,0,0,0,0,0
0,"2030/12/31 14:59:59",0,0,0,6040,"한조에 대해서",0,0,0,0,"시오리와의 신뢰도 에피소드",0,0,6040401,0,4,"2021/05/31 15:00:00",0,0,0,0,0,0,0,0
0,"2030/12/31 14:59:59",0,0,0,6040,"저 입간판……",0,0,0,0,"시오리와의 신뢰도 에피소드",0,0,6040402,0,4,"2021/05/31 15:00:00",0,0,0,0,0,0,0,0
0,"2030/12/31 14:59:59",0,0,0,6040,"마히루에 대해서",0,0,0,0,"시오리와의 신뢰도 에피소드",0,0,6040403,0,4,"2021/05/31 15:00:00",0,0,0,0,0,0,0,0
0,"2030/12/31 14:59:59",0,0,0,6040,"린에 대해서",0,0,0,0,"시오리와의 신뢰도 에피소드",0,0,6040404,0,4,"2021/05/31 15:00:00",0,0,0,0,0,0,0,0
0,"2030/12/31 14:59:59",0,0,0,6040,"리마에 대해서",0,0,0,0,"시오리와의 신뢰도 에피소드",0,0,6040405,0,4,"2021/05/31 15:00:00",0,0,0,0,0,0,0,0
0,"2030/12/31 14:59:59",0,0,0,6040,"기부받은 돈",0,0,0,0,"시오리와의 신뢰도 에피소드",0,0,6040406,0,4,"2021/05/31 15:00:00",0,0,0,0,0,0,0,0
0,"2030/12/31 14:59:59",0,0,0,6040,"온천에 대해서",0,0,0,0,"시오리와의 신뢰도 에피소드",0,0,6040407,0,4,"2021/05/31 15:00:00",0,0,0,0,0,0,0,0
0,"2030/12/31 14:59:59",0,0,0,6040,"마히루의 옷에 대해서",0,0,0,0,"시오리와의 신뢰도 에피소드",0,0,6040408,0,4,"2021/05/31 15:00:00",0,0,0,0,0,0,0,0
0,"2030/12/31 14:59:59",0,0,0,6040,"린의 옷에 대해서",0,0,0,0,"시오리와의 신뢰도 에피소드",0,0,6040409,0,4,"2021/05/31 15:00:00",0,0,0,0,0,0,0,0
0,"2030/12/31 14:59:59",0,0,0,6040,"한조는 어디로 사라졌나",0,0,0,0,"시오리와의 신뢰도 에피소드",0,0,6040410,0,4,"2021/05/31 15:00:00",0,0,0,0,0,0,0,0
0,"2030/12/31 14:59:59",0,0,0,6042,"멋지네요!",0,0,0,0,"리노와의 신뢰도 에피소드",0,0,6042101,0,1,"2021/07/01 15:00:00",0,0,0,0,0,0,0,0
0,"2030/12/31 14:59:59",0,0,0,6042,"신비한 체험",0,0,0,0,"리노와의 신뢰도 에피소드",0,0,6042102,0,1,"2021/07/01 15:00:00",0,0,0,0,0,0,0,0
0,"2030/12/31 14:59:59",0,0,0,6042,"빤히",0,0,0,0,"리노와의 신뢰도 에피소드",0,0,6042103,0,1,"2021/07/01 15:00:00",0,0,0,0,0,0,0,0
0,"2030/12/31 14:59:59",0,0,0,6042,"힘들 땐 서로……",0,0,0,0,"리노와의 신뢰도 에피소드",0,0,6042104,0,1,"2021/07/01 15:00:00",0,0,0,0,0,0,0,0
0,"2030/12/31 14:59:59",0,0,0,6042,"이노리와 호마레",0,0,0,0,"리노와의 신뢰도 에피소드",0,0,6042105,0,1,"2021/07/01 15:00:00",0,0,0,0,0,0,0,0
0,"2030/12/31 14:59:59",0,0,0,6042,"앨리스",0,0,0,0,"리노와의 신뢰도 에피소드",0,0,6042106,0,1,"2021/07/01 15:00:00",0,0,0,0,0,0,0,0
0,"2030/12/31 14:59:59",0,0,0,6042,"다시 만나기 위해",0,0,0,0,"리노와의 신뢰도 에피소드",0,0,6042107,0,1,"2021/07/01 15:00:00",0,0,0,0,0,0,0,0
0,"2030/12/31 14:59:59",0,0,0,6042,"토끼 체인지☆",0,0,0,0,"아유미와의 신뢰도 에피소드",0,0,6042201,0,2,"2021/07/01 15:00:00",0,0,0,0,0,0,0,0
0,"2030/12/31 14:59:59",0,0,0,6042,"이상한 세계",0,0,0,0,"아유미와의 신뢰도 에피소드",0,0,6042202,0,2,"2021/07/01 15:00:00",0,0,0,0,0,0,0,0
0,"2030/12/31 14:59:59",0,0,0,6042,"리노 씨",0,0,0,0,"아유미와의 신뢰도 에피소드",0,0,6042203,0,2,"2021/07/01 15:00:00",0,0,0,0,0,0,0,0
0,"2030/12/31 14:59:59",0,0,0,6042,"히요리 씨",0,0,0,0,"아유미와의 신뢰도 에피소드",0,0,6042204,0,2,"2021/07/01 15:00:00",0,0,0,0,0,0,0,0
0,"2030/12/31 14:59:59",0,0,0,6042,"앨리스에 대해서",0,0,0,0,"아유미와의 신뢰도 에피소드",0,0,6042205,0,2,"2021/07/01 15:00:00",0,0,0,0,0,0,0,0
0,"2030/12/31 14:59:59",0,0,0,6042,"이노리와 호마레에 대해서",0,0,0,0,"아유미와의 신뢰도 에피소드",0,0,6042206,0,2,"2021/07/01 15:00:00",0,0,0,0,0,0,0,0
0,"2030/12/31 14:59:59",0,0,0,6042,"빛이 비치는 세계",0,0,0,0,"아유미와의 신뢰도 에피소드",0,0,6042207,0,2,"2021/07/01 15:00:00",0,0,0,0,0,0,0,0
0,"2030/12/31 14:59:59",0,0,0,6042,"야옹 야옹 체인지☆",0,0,0,0,"히요리와의 신뢰도 에피소드",0,0,6042301,0,3,"2021/07/01 15:00:00",0,0,0,0,0,0,0,0
0,"2030/12/31 14:59:59",0,0,0,6042,"이상하고 이상한 세계!",0,0,0,0,"히요리와의 신뢰도 에피소드",0,0,6042302,0,3,"2021/07/01 15:00:00",0,0,0,0,0,0,0,0
0,"2030/12/31 14:59:59",0,0,0,6042,"구세주 리노",0,0,0,0,"히요리와의 신뢰도 에피소드",0,0,6042303,0,3,"2021/07/01 15:00:00",0,0,0,0,0,0,0,0
0,"2030/12/31 14:59:59",0,0,0,6042,"닌자 아유미",0,0,0,0,"히요리와의 신뢰도 에피소드",0,0,6042304,0,3,"2021/07/01 15:00:00",0,0,0,0,0,0,0,0
0,"2030/12/31 14:59:59",0,0,0,6042,"앨리스에 대해서",0,0,0,0,"히요리와의 신뢰도 에피소드",0,0,6042305,0,3,"2021/07/01 15:00:00",0,0,0,0,0,0,0,0
0,"2030/12/31 14:59:59",0,0,0,6042,"드래곤족은 굉장해!",0,0,0,0,"히요리와의 신뢰도 에피소드",0,0,6042306,0,3,"2021/07/01 15:00:00",0,0,0,0,0,0,0,0
0,"2030/12/31 14:59:59",0,0,0,6042,"되찾은 미소",0,0,0,0,"히요리와의 신뢰도 에피소드",0,0,6042307,0,3,"2021/07/01 15:00:00",0,0,0,0,0,0,0,0
0,"2030/12/31 14:59:59",0,0,0,6042,"일이에요",0,0,0,0,"이노리와의 신뢰도 에피소드",0,0,6042401,0,4,"2021/07/01 15:00:00",0,0,0,0,0,0,0,0
0,"2030/12/31 14:59:59",0,0,0,6042,"이상한 세계",0,0,0,0,"이노리와의 신뢰도 에피소드",0,0,6042402,0,4,"2021/07/01 15:00:00",0,0,0,0,0,0,0,0
0,"2030/12/31 14:59:59",0,0,0,6042,"호마레에 대해서",0,0,0,0,"이노리와의 신뢰도 에피소드",0,0,6042403,0,4,"2021/07/01 15:00:00",0,0,0,0,0,0,0,0
0,"2030/12/31 14:59:59",0,0,0,6042,"리노에 대해서",0,0,0,0,"이노리와의 신뢰도 에피소드",0,0,6042404,0,4,"2021/07/01 15:00:00",0,0,0,0,0,0,0,0
0,"2030/12/31 14:59:59",0,0,0,6042,"아유미에 대해서",0,0,0,0,"이노리와의 신뢰도 에피소드",0,0,6042405,0,4,"2021/07/01 15:00:00",0,0,0,0,0,0,0,0
0,"2030/12/31 14:59:59",0,0,0,6042,"히요리에 대해서",0,0,0,0,"이노리와의 신뢰도 에피소드",0,0,6042406,0,4,"2021/07/01 15:00:00",0,0,0,0,0,0,0,0
0,"2030/12/31 14:59:59",0,0,0,6042,"앨리스에 대해서",0,0,0,0,"이노리와의 신뢰도 에피소드",0,0,6042407,0,4,"2021/07/01 15:00:00",0,0,0,0,0,0,0,0
0,"2030/12/31 14:59:59",0,0,0,6042,"일?",0,0,0,0,"호마레와의 신뢰도 에피소드",0,0,6042501,0,5,"2021/07/01 15:00:00",0,0,0,0,0,0,0,0
0,"2030/12/31 14:59:59",0,0,0,6042,"이상한 세계",0,0,0,0,"호마레와의 신뢰도 에피소드",0,0,6042502,0,5,"2021/07/01 15:00:00",0,0,0,0,0,0,0,0
0,"2030/12/31 14:59:59",0,0,0,6042,"이노리에 대해서",0,0,0,0,"호마레와의 신뢰도 에피소드",0,0,6042503,0,5,"2021/07/01 15:00:00",0,0,0,0,0,0,0,0
0,"2030/12/31 14:59:59",0,0,0,6042,"리노에 대해서",0,0,0,0,"호마레와의 신뢰도 에피소드",0,0,6042504,0,5,"2021/07/01 15:00:00",0,0,0,0,0,0,0,0
0,"2030/12/31 14:59:59",0,0,0,6042,"아유미에 대해서",0,0,0,0,"호마레와의 신뢰도 에피소드",0,0,6042505,0,5,"2021/07/01 15:00:00",0,0,0,0,0,0,0,0
0,"2030/12/31 14:59:59",0,0,0,6042,"히요리에 대해서",0,0,0,0,"호마레와의 신뢰도 에피소드",0,0,6042506,0,5,"2021/07/01 15:00:00",0,0,0,0,0,0,0,0
0,"2030/12/31 14:59:59",0,0,0,6042,"앨리스에 대해서",0,0,0,0,"호마레와의 신뢰도 에피소드",0,0,6042507,0,5,"2021/07/01 15:00:00",0,0,0,0,0,0,0,0
0,"2030/12/31 14:59:59",0,0,0,6044,"바다에서 할 일",0,0,0,0,"루카와의 신뢰도 에피소드",0,0,6044101,0,1,"2021/08/02 15:00:00",0,0,0,0,0,0,0,0
0,"2030/12/31 14:59:59",0,0,0,6044,"음료라고 하면",0,0,0,0,"루카와의 신뢰도 에피소드",0,0,6044102,0,1,"2021/08/02 15:00:00",0,0,0,0,0,0,0,0
0,"2030/12/31 14:59:59",0,0,0,6044,"햇볕에 타는 건 어떻게 해?",0,0,0,0,"루카와의 신뢰도 에피소드",0,0,6044103,0,1,"2021/08/02 15:00:00",0,0,0,0,0,0,0,0
0,"2030/12/31 14:59:59",0,0,0,6044,"길드 근황",0,0,0,0,"루카와의 신뢰도 에피소드",0,0,6044104,0,1,"2021/08/02 15:00:00",0,0,0,0,0,0,0,0
0,"2030/12/31 14:59:59",0,0,0,6044,"직녀에 대해서",0,0,0,0,"루카와의 신뢰도 에피소드",0,0,6044105,0,1,"2021/08/02 15:00:00",0,0,0,0,0,0,0,0
0,"2030/12/31 14:59:59",0,0,0,6044,"견우에 대해서",0,0,0,0,"루카와의 신뢰도 에피소드",0,0,6044106,0,1,"2021/08/02 15:00:00",0,0,0,0,0,0,0,0
0,"2030/12/31 14:59:59",0,0,0,6044,"칠석의 소원",0,0,0,0,"루카와의 신뢰도 에피소드",0,0,6044107,0,1,"2021/08/02 15:00:00",0,0,0,0,0,0,0,0
0,"2030/12/31 14:59:59",0,0,0,6044,"지켜본다는 것",0,0,0,0,"루카와의 신뢰도 에피소드",0,0,6044108,0,1,"2021/08/02 15:00:00",0,0,0,0,0,0,0,0
0,"2030/12/31 14:59:59",0,0,0,6044,"수영복이라도 이도류",0,0,0,0,"루카와의 신뢰도 에피소드",0,0,6044109,0,1,"2021/08/02 15:00:00",0,0,0,0,0,0,0,0
0,"2030/12/31 14:59:59",0,0,0,6044,"나나카의 수영복",0,0,0,0,"루카와의 신뢰도 에피소드",0,0,6044110,0,1,"2021/08/02 15:00:00",0,0,0,0,0,0,0,0
0,"2030/12/31 14:59:59",0,0,0,6044,"바다에서 할 일",0,0,0,0,"나나카와의 신뢰도 에피소드",0,0,6044201,0,2,"2021/08/02 15:00:00",0,0,0,0,0,0,0,0
0,"2030/12/31 14:59:59",0,0,0,6044,"음료라고 하면",0,0,0,0,"나나카와의 신뢰도 에피소드",0,0,6044202,0,2,"2021/08/02 15:00:00",0,0,0,0,0,0,0,0
0,"2030/12/31 14:59:59",0,0,0,6044,"햇볕에 타는 건 어떻게 해?",0,0,0,0,"나나카와의 신뢰도 에피소드",0,0,6044203,0,2,"2021/08/02 15:00:00",0,0,0,0,0,0,0,0
0,"2030/12/31 14:59:59",0,0,0,6044,"나나카 신 마법!",0,0,0,0,"나나카와의 신뢰도 에피소드",0,0,6044204,0,2,"2021/08/02 15:00:00",0,0,0,0,0,0,0,0
0,"2030/12/31 14:59:59",0,0,0,6044,"직녀에 대해서",0,0,0,0,"나나카와의 신뢰도 에피소드",0,0,6044205,0,2,"2021/08/02 15:00:00",0,0,0,0,0,0,0,0
0,"2030/12/31 14:59:59",0,0,0,6044,"견우에 대해서",0,0,0,0,"나나카와의 신뢰도 에피소드",0,0,6044206,0,2,"2021/08/02 15:00:00",0,0,0,0,0,0,0,0
0,"2030/12/31 14:59:59",0,0,0,6044,"새로운 변신 상품",0,0,0,0,"나나카와의 신뢰도 에피소드",0,0,6044207,0,2,"2021/08/02 15:00:00",0,0,0,0,0,0,0,0
0,"2030/12/31 14:59:59",0,0,0,6044,"천재 마법 소녀",0,0,0,0,"나나카와의 신뢰도 에피소드",0,0,6044208,0,2,"2021/08/02 15:00:00",0,0,0,0,0,0,0,0
0,"2030/12/31 14:59:59",0,0,0,6044,"감상은?",0,0,0,0,"나나카와의 신뢰도 에피소드",0,0,6044209,0,2,"2021/08/02 15:00:00",0,0,0,0,0,0,0,0
0,"2030/12/31 14:59:59",0,0,0,6044,"마법 소녀다움이란",0,0,0,0,"나나카와의 신뢰도 에피소드",0,0,6044210,0,2,"2021/08/02 15:00:00",0,0,0,0,0,0,0,0
0,"2030/12/31 14:59:59",0,0,0,6044,"바다에서 할 일",0,0,0,0,"안나와의 신뢰도 에피소드",0,0,6044301,0,3,"2021/08/02 15:00:00",0,0,0,0,0,0,0,0
0,"2030/12/31 14:59:59",0,0,0,6044,"음료라고 하면",0,0,0,0,"안나와의 신뢰도 에피소드",0,0,6044302,0,3,"2021/08/02 15:00:00",0,0,0,0,0,0,0,0
0,"2030/12/31 14:59:59",0,0,0,6044,"햇볕에 타는 건 어떻게 해?",0,0,0,0,"안나와의 신뢰도 에피소드",0,0,6044303,0,3,"2021/08/02 15:00:00",0,0,0,0,0,0,0,0
0,"2030/12/31 14:59:59",0,0,0,6044,"기념품이라고 하면",0,0,0,0,"안나와의 신뢰도 에피소드",0,0,6044304,0,3,"2021/08/02 15:00:00",0,0,0,0,0,0,0,0
0,"2030/12/31 14:59:59",0,0,0,6044,"직녀에 대해서",0,0,0,0,"안나와의 신뢰도 에피소드",0,0,6044305,0,3,"2021/08/02 15:00:00",0,0,0,0,0,0,0,0
0,"2030/12/31 14:59:59",0,0,0,6044,"견우에 대해서",0,0,0,0,"안나와의 신뢰도 에피소드",0,0,6044306,0,3,"2021/08/02 15:00:00",0,0,0,0,0,0,0,0
0,"2030/12/31 14:59:59",0,0,0,6044,"직녀의 미래",0,0,0,0,"안나와의 신뢰도 에피소드",0,0,6044307,0,3,"2021/08/02 15:00:00",0,0,0,0,0,0,0,0
0,"2030/12/31 14:59:59",0,0,0,6044,"소질을 간파한 이유",0,0,0,0,"안나와의 신뢰도 에피소드",0,0,6044308,0,3,"2021/08/02 15:00:00",0,0,0,0,0,0,0,0
0,"2030/12/31 14:59:59",0,0,0,6044,"미스터리한 머플러",0,0,0,0,"안나와의 신뢰도 에피소드",0,0,6044309,0,3,"2021/08/02 15:00:00",0,0,0,0,0,0,0,0
0,"2030/12/31 14:59:59",0,0,0,6044,"스타일에 대해서",0,0,0,0,"안나와의 신뢰도 에피소드",0,0,6044310,0,3,"2021/08/02 15:00:00",0,0,0,0,0,0,0,0
0,"2030/12/31 14:59:59",0,0,0,6048,"라피에 대해서",0,0,0,0,"요리와의 신뢰도 에피소드",0,0,6048101,0,1,"2021/10/02 15:00:00",0,0,0,0,0,0,0,0
0,"2030/12/31 14:59:59",0,0,0,6048,"엔젤 의상",0,0,0,0,"요리와의 신뢰도 에피소드",0,0,6048102,0,1,"2021/10/02 15:00:00",0,0,0,0,0,0,0,0
0,"2030/12/31 14:59:59",0,0,0,6048,"나나카에 대해서",0,0,0,0,"요리와의 신뢰도 에피소드",0,0,6048103,0,1,"2021/10/02 15:00:00",0,0,0,0,0,0,0,0
0,"2030/12/31 14:59:59",0,0,0,6048,"린에 대해서",0,0,0,0,"요리와의 신뢰도 에피소드",0,0,6048104,0,1,"2021/10/02 15:00:00",0,0,0,0,0,0,0,0
0,"2030/12/31 14:59:59",0,0,0,6048,"첫 페스티벌",0,0,0,0,"요리와의 신뢰도 에피소드",0,0,6048105,0,1,"2021/10/02 15:00:00",0,0,0,0,0,0,0,0
0,"2030/12/31 14:59:59",0,0,0,6048,"스즈나에 대해서",0,0,0,0,"요리와의 신뢰도 에피소드",0,0,6048106,0,1,"2021/10/02 15:00:00",0,0,0,0,0,0,0,0
0,"2030/12/31 14:59:59",0,0,0,6048,"유키에 대해서",0,0,0,0,"요리와의 신뢰도 에피소드",0,0,6048107,0,1,"2021/10/02 15:00:00",0,0,0,0,0,0,0,0
0,"2030/12/31 14:59:59",0,0,0,6048,"거대한 활과 화살에 대해서",0,0,0,0,"요리와의 신뢰도 에피소드",0,0,6048108,0,1,"2021/10/02 15:00:00",0,0,0,0,0,0,0,0
0,"2030/12/31 14:59:59",0,0,0,6048,"아카리에 대해서",0,0,0,0,"요리와의 신뢰도 에피소드",0,0,6048109,0,1,"2021/10/02 15:00:00",0,0,0,0,0,0,0,0
0,"2030/12/31 14:59:59",0,0,0,6048,"라피를 배웅하고",0,0,0,0,"요리와의 신뢰도 에피소드",0,0,6048110,0,1,"2021/10/02 15:00:00",0,0,0,0,0,0,0,0
0,"2030/12/31 14:59:59",0,0,0,6048,"라피에 대해서",0,0,0,0,"아카리와의 신뢰도 에피소드",0,0,6048201,0,2,"2021/10/02 15:00:00",0,0,0,0,0,0,0,0
0,"2030/12/31 14:59:59",0,0,0,6048,"엔젤 의상",0,0,0,0,"아카리와의 신뢰도 에피소드",0,0,6048202,0,2,"2021/10/02 15:00:00",0,0,0,0,0,0,0,0
0,"2030/12/31 14:59:59",0,0,0,6048,"뒤바뀐 것에 대해서",0,0,0,0,"아카리와의 신뢰도 에피소드",0,0,6048203,0,2,"2021/10/02 15:00:00",0,0,0,0,0,0,0,0
0,"2030/12/31 14:59:59",0,0,0,6048,"첫 오프라인 모임에 대해서",0,0,0,0,"아카리와의 신뢰도 에피소드",0,0,6048204,0,2,"2021/10/02 15:00:00",0,0,0,0,0,0,0,0
0,"2030/12/31 14:59:59",0,0,0,6048,"나나카에 대해서",0,0,0,0,"아카리와의 신뢰도 에피소드",0,0,6048205,0,2,"2021/10/02 15:00:00",0,0,0,0,0,0,0,0
0,"2030/12/31 14:59:59",0,0,0,6048,"린에 대해서",0,0,0,0,"아카리와의 신뢰도 에피소드",0,0,6048206,0,2,"2021/10/02 15:00:00",0,0,0,0,0,0,0,0
0,"2030/12/31 14:59:59",0,0,0,6048,"누구랑 뒤바뀌고 싶어?",0,0,0,0,"아카리와의 신뢰도 에피소드",0,0,6048207,0,2,"2021/10/02 15:00:00",0,0,0,0,0,0,0,0
0,"2030/12/31 14:59:59",0,0,0,6048,"거대한 활과 화살에 대해서",0,0,0,0,"아카리와의 신뢰도 에피소드",0,0,6048208,0,2,"2021/10/02 15:00:00",0,0,0,0,0,0,0,0
0,"2030/12/31 14:59:59",0,0,0,6048,"요리에 대해서",0,0,0,0,"아카리와의 신뢰도 에피소드",0,0,6048209,0,2,"2021/10/02 15:00:00",0,0,0,0,0,0,0,0
0,"2030/12/31 14:59:59",0,0,0,6048,"라피를 배웅하고",0,0,0,0,"아카리와의 신뢰도 에피소드",0,0,6048210,0,2,"2021/10/02 15:00:00",0,0,0,0,0,0,0,0
0,"2030/12/31 14:59:59",0,0,0,6050,"레이에 대해서",0,0,0,0,"츠무기와의 신뢰도 에피소드",0,0,6050101,0,1,"2021/11/01 15:00:00",0,0,0,0,0,0,0,0
0,"2030/12/31 14:59:59",0,0,0,6050,"마츠리에 대해서",0,0,0,0,"츠무기와의 신뢰도 에피소드",0,0,6050102,0,1,"2021/11/01 15:00:00",0,0,0,0,0,0,0,0
0,"2030/12/31 14:59:59",0,0,0,6050,"귀신들에 대해서",0,0,0,0,"츠무기와의 신뢰도 에피소드",0,0,6050103,0,1,"2021/11/01 15:00:00",0,0,0,0,0,0,0,0
0,"2030/12/31 14:59:59",0,0,0,6050,"고스트 파더에 대해서",0,0,0,0,"츠무기와의 신뢰도 에피소드",0,0,6050104,0,1,"2021/11/01 15:00:00",0,0,0,0,0,0,0,0
0,"2030/12/31 14:59:59",0,0,0,6050,"할로윈에 대해서",0,0,0,0,"츠무기와의 신뢰도 에피소드",0,0,6050105,0,1,"2021/11/01 15:00:00",0,0,0,0,0,0,0,0
0,"2030/12/31 14:59:59",0,0,0,6050,"귀신의 집에 대해서",0,0,0,0,"츠무기와의 신뢰도 에피소드",0,0,6050106,0,1,"2021/11/01 15:00:00",0,0,0,0,0,0,0,0
0,"2030/12/31 14:59:59",0,0,0,6050,"의상에 대해서",0,0,0,0,"츠무기와의 신뢰도 에피소드",0,0,6050107,0,1,"2021/11/01 15:00:00",0,0,0,0,0,0,0,0
0,"2030/12/31 14:59:59",0,0,0,6050,"장난칠 거라면",0,0,0,0,"츠무기와의 신뢰도 에피소드",0,0,6050108,0,1,"2021/11/01 15:00:00",0,0,0,0,0,0,0,0
0,"2030/12/31 14:59:59",0,0,0,6050,"퍼레이드에 대해서",0,0,0,0,"츠무기와의 신뢰도 에피소드",0,0,6050109,0,1,"2021/11/01 15:00:00",0,0,0,0,0,0,0,0
0,"2030/12/31 14:59:59",0,0,0,6050,"안녕, 귀신",0,0,0,0,"츠무기와의 신뢰도 에피소드",0,0,6050110,0,1,"2021/11/01 15:00:00",0,0,0,0,0,0,0,0
0,"2030/12/31 14:59:59",0,0,0,6050,"츠무기에 대해서",0,0,0,0,"레이와의 신뢰도 에피소드",0,0,6050201,0,2,"2021/11/01 15:00:00",0,0,0,0,0,0,0,0
0,"2030/12/31 14:59:59",0,0,0,6050,"마츠리에 대해서",0,0,0,0,"레이와의 신뢰도 에피소드",0,0,6050202,0,2,"2021/11/01 15:00:00",0,0,0,0,0,0,0,0
0,"2030/12/31 14:59:59",0,0,0,6050,"귀신들에 대해서",0,0,0,0,"레이와의 신뢰도 에피소드",0,0,6050203,0,2,"2021/11/01 15:00:00",0,0,0,0,0,0,0,0
0,"2030/12/31 14:59:59",0,0,0,6050,"고스트 파더에 대해서",0,0,0,0,"레이와의 신뢰도 에피소드",0,0,6050204,0,2,"2021/11/01 15:00:00",0,0,0,0,0,0,0,0
0,"2030/12/31 14:59:59",0,0,0,6050,"할로윈에 대해서",0,0,0,0,"레이와의 신뢰도 에피소드",0,0,6050205,0,2,"2021/11/01 15:00:00",0,0,0,0,0,0,0,0
0,"2030/12/31 14:59:59",0,0,0,6050,"귀신의 집에 대해서",0,0,0,0,"레이와의 신뢰도 에피소드",0,0,6050206,0,2,"2021/11/01 15:00:00",0,0,0,0,0,0,0,0
0,"2030/12/31 14:59:59",0,0,0,6050,"의상에 대해서",0,0,0,0,"레이와의 신뢰도 에피소드",0,0,6050207,0,2,"2021/11/01 15:00:00",0,0,0,0,0,0,0,0
0,"2030/12/31 14:59:59",0,0,0,6050,"장난칠 거라면",0,0,0,0,"레이와의 신뢰도 에피소드",0,0,6050208,0,2,"2021/11/01 15:00:00",0,0,0,0,0,0,0,0
0,"2030/12/31 14:59:59",0,0,0,6050,"퍼레이드에 대해서",0,0,0,0,"레이와의 신뢰도 에피소드",0,0,6050209,0,2,"2021/11/01 15:00:00",0,0,0,0,0,0,0,0
0,"2030/12/31 14:59:59",0,0,0,6050,"안녕, 귀신",0,0,0,0,"레이와의 신뢰도 에피소드",0,0,6050210,0,2,"2021/11/01 15:00:00",0,0,0,0,0,0,0,0
0,"2030/12/31 14:59:59",0,0,0,6050,"츠무기에 대해서",0,0,0,0,"마츠리와의 신뢰도 에피소드",0,0,6050301,0,3,"2021/11/01 15:00:00",0,0,0,0,0,0,0,0
0,"2030/12/31 14:59:59",0,0,0,6050,"레이에 대해서",0,0,0,0,"마츠리와의 신뢰도 에피소드",0,0,6050302,0,3,"2021/11/01 15:00:00",0,0,0,0,0,0,0,0
0,"2030/12/31 14:59:59",0,0,0,6050,"귀신들에 대해서",0,0,0,0,"마츠리와의 신뢰도 에피소드",0,0,6050303,0,3,"2021/11/01 15:00:00",0,0,0,0,0,0,0,0
0,"2030/12/31 14:59:59",0,0,0,6050,"고스트 파더에 대해서",0,0,0,0,"마츠리와의 신뢰도 에피소드",0,0,6050304,0,3,"2021/11/01 15:00:00",0,0,0,0,0,0,0,0
0,"2030/12/31 14:59:59",0,0,0,6050,"할로윈에 대해서",0,0,0,0,"마츠리와의 신뢰도 에피소드",0,0,6050305,0,3,"2021/11/01 15:00:00",0,0,0,0,0,0,0,0
0,"2030/12/31 14:59:59",0,0,0,6050,"귀신의 집에 대해서",0,0,0,0,"마츠리와의 신뢰도 에피소드",0,0,6050306,0,3,"2021/11/01 15:00:00",0,0,0,0,0,0,0,0
0,"2030/12/31 14:59:59",0,0,0,6050,"의상에 대해서",0,0,0,0,"마츠리와의 신뢰도 에피소드",0,0,6050307,0,3,"2021/11/01 15:00:00",0,0,0,0,0,0,0,0
0,"2030/12/31 14:59:59",0,0,0,6050,"장난칠 거라면",0,0,0,0,"마츠리와의 신뢰도 에피소드",0,0,6050308,0,3,"2021/11/01 15:00:00",0,0,0,0,0,0,0,0
0,"2030/12/31 14:59:59",0,0,0,6050,"퍼레이드에 대해서",0,0,0,0,"마츠리와의 신뢰도 에피소드",0,0,6050309,0,3,"2021/11/01 15:00:00",0,0,0,0,0,0,0,0
0,"2030/12/31 14:59:59",0,0,0,6050,"안녕, 귀신",0,0,0,0,"마츠리와의 신뢰도 에피소드",0,0,6050310,0,3,"2021/11/01 15:00:00",0,0,0,0,0,0,0,0
0,"2030/12/31 14:59:59",0,0,0,6052,"마법 소녀",0,0,0,0,"모니카와의 신뢰도 에피소드",0,0,6052101,0,1,"2021/12/01 15:00:00",0,0,0,0,0,0,0,0
0,"2030/12/31 14:59:59",0,0,0,6052,"마법 소녀 의상",0,0,0,0,"모니카와의 신뢰도 에피소드",0,0,6052102,0,1,"2021/12/01 15:00:00",0,0,0,0,0,0,0,0
0,"2030/12/31 14:59:59",0,0,0,6052,"모라",0,0,0,0,"모니카와의 신뢰도 에피소드",0,0,6052103,0,1,"2021/12/01 15:00:00",0,0,0,0,0,0,0,0
0,"2030/12/31 14:59:59",0,0,0,6052,"마법 탐정",0,0,0,0,"모니카와의 신뢰도 에피소드",0,0,6052104,0,1,"2021/12/01 15:00:00",0,0,0,0,0,0,0,0
0,"2030/12/31 14:59:59",0,0,0,6052,"마법 사냥꾼",0,0,0,0,"모니카와의 신뢰도 에피소드",0,0,6052105,0,1,"2021/12/01 15:00:00",0,0,0,0,0,0,0,0
0,"2030/12/31 14:59:59",0,0,0,6052,"마법 검사",0,0,0,0,"모니카와의 신뢰도 에피소드",0,0,6052106,0,1,"2021/12/01 15:00:00",0,0,0,0,0,0,0,0
0,"2030/12/31 14:59:59",0,0,0,6052,"강제 변신",0,0,0,0,"모니카와의 신뢰도 에피소드",0,0,6052107,0,1,"2021/12/01 15:00:00",0,0,0,0,0,0,0,0
0,"2030/12/31 14:59:59",0,0,0,6052,"어둠의 마조히스트",0,0,0,0,"모니카와의 신뢰도 에피소드",0,0,6052108,0,1,"2021/12/01 15:00:00",0,0,0,0,0,0,0,0
0,"2030/12/31 14:59:59",0,0,0,6052,"마법 제독",0,0,0,0,"모니카와의 신뢰도 에피소드",0,0,6052109,0,1,"2021/12/01 15:00:00",0,0,0,0,0,0,0,0
0,"2030/12/31 14:59:59",0,0,0,6052,"제독을 향한 길도 한 걸음부터",0,0,0,0,"모니카와의 신뢰도 에피소드",0,0,6052110,0,1,"2021/12/01 15:00:00",0,0,0,0,0,0,0,0
0,"2030/12/31 14:59:59",0,0,0,6052,"마법 소녀 팬?",0,0,0,0,"토모와의 신뢰도 에피소드",0,0,6052201,0,2,"2021/12/01 15:00:00",0,0,0,0,0,0,0,0
0,"2030/12/31 14:59:59",0,0,0,6052,"동경하는 의상",0,0,0,0,"토모와의 신뢰도 에피소드",0,0,6052202,0,2,"2021/12/01 15:00:00",0,0,0,0,0,0,0,0
0,"2030/12/31 14:59:59",0,0,0,6052,"모라",0,0,0,0,"토모와의 신뢰도 에피소드",0,0,6052203,0,2,"2021/12/01 15:00:00",0,0,0,0,0,0,0,0
0,"2030/12/31 14:59:59",0,0,0,6052,"미스티★카스미",0,0,0,0,"토모와의 신뢰도 에피소드",0,0,6052204,0,2,"2021/12/01 15:00:00",0,0,0,0,0,0,0,0
0,"2030/12/31 14:59:59",0,0,0,6052,"퓨어리★시오리",0,0,0,0,"토모와의 신뢰도 에피소드",0,0,6052205,0,2,"2021/12/01 15:00:00",0,0,0,0,0,0,0,0
0,"2030/12/31 14:59:59",0,0,0,6052,"러블리★모니카",0,0,0,0,"토모와의 신뢰도 에피소드",0,0,6052206,0,2,"2021/12/01 15:00:00",0,0,0,0,0,0,0,0
0,"2030/12/31 14:59:59",0,0,0,6052,"강제 변신",0,0,0,0,"토모와의 신뢰도 에피소드",0,0,6052207,0,2,"2021/12/01 15:00:00",0,0,0,0,0,0,0,0
0,"2030/12/31 14:59:59",0,0,0,6052,"어둠의 마조히스트",0,0,0,0,"토모와의 신뢰도 에피소드",0,0,6052208,0,2,"2021/12/01 15:00:00",0,0,0,0,0,0,0,0
0,"2030/12/31 14:59:59",0,0,0,6052,"대표 포즈",0,0,0,0,"토모와의 신뢰도 에피소드",0,0,6052209,0,2,"2021/12/01 15:00:00",0,0,0,0,0,0,0,0
0,"2030/12/31 14:59:59",0,0,0,6052,"마법 검사로서",0,0,0,0,"토모와의 신뢰도 에피소드",0,0,6052210,0,2,"2021/12/01 15:00:00",0,0,0,0,0,0,0,0
0,"2030/12/31 14:59:59",0,0,0,6054,"아키노의 드레스 코드",0,0,0,0,"아키노와의 신뢰도 에피소드",0,0,6054101,0,1,"2021/12/30 15:00:00",0,0,0,0,0,0,0,0
0,"2030/12/31 14:59:59",0,0,0,6054,"명문가 아가씨의 우울",0,0,0,0,"아키노와의 신뢰도 에피소드",0,0,6054102,0,1,"2021/12/30 15:00:00",0,0,0,0,0,0,0,0
0,"2030/12/31 14:59:59",0,0,0,6054,"상인의 크리스마스",0,0,0,0,"아키노와의 신뢰도 에피소드",0,0,6054103,0,1,"2021/12/30 15:00:00",0,0,0,0,0,0,0,0
0,"2030/12/31 14:59:59",0,0,0,6054,"마법의 장미를 향한 마음",0,0,0,0,"아키노와의 신뢰도 에피소드",0,0,6054104,0,1,"2021/12/30 15:00:00",0,0,0,0,0,0,0,0
0,"2030/12/31 14:59:59",0,0,0,6054,"영애와의 댄스",0,0,0,0,"아키노와의 신뢰도 에피소드",0,0,6054105,0,1,"2021/12/30 15:00:00",0,0,0,0,0,0,0,0
0,"2030/12/31 14:59:59",0,0,0,6054,"눈싸움의 추억",0,0,0,0,"아키노와의 신뢰도 에피소드",0,0,6054106,0,1,"2021/12/30 15:00:00",0,0,0,0,0,0,0,0
0,"2030/12/31 14:59:59",0,0,0,6054,"영애와의 데이트",0,0,0,0,"아키노와의 신뢰도 에피소드",0,0,6054107,0,1,"2021/12/30 15:00:00",0,0,0,0,0,0,0,0
0,"2030/12/31 14:59:59",0,0,0,6054,"아키노의 요리",0,0,0,0,"아키노와의 신뢰도 에피소드",0,0,6054108,0,1,"2021/12/30 15:00:00",0,0,0,0,0,0,0,0
0,"2030/12/31 14:59:59",0,0,0,6054,"방향치",0,0,0,0,"아키노와의 신뢰도 에피소드",0,0,6054109,0,1,"2021/12/30 15:00:00",0,0,0,0,0,0,0,0
0,"2030/12/31 14:59:59",0,0,0,6054,"뜻을 함께하는 여성",0,0,0,0,"아키노와의 신뢰도 에피소드",0,0,6054110,0,1,"2021/12/30 15:00:00",0,0,0,0,0,0,0,0
0,"2030/12/31 14:59:59",0,0,0,6054,"사렌의 드레스 코드",0,0,0,0,"사렌과의 신뢰도 에피소드",0,0,6054201,0,2,"2021/12/30 15:00:00",0,0,0,0,0,0,0,0
0,"2030/12/31 14:59:59",0,0,0,6054,"젊은 사업가의 우울",0,0,0,0,"사렌과의 신뢰도 에피소드",0,0,6054202,0,2,"2021/12/30 15:00:00",0,0,0,0,0,0,0,0
0,"2030/12/31 14:59:59",0,0,0,6054,"사업가의 크리스마스",0,0,0,0,"사렌과의 신뢰도 에피소드",0,0,6054203,0,2,"2021/12/30 15:00:00",0,0,0,0,0,0,0,0
0,"2030/12/31 14:59:59",0,0,0,6054,"마법의 장미에 대한 소망",0,0,0,0,"사렌과의 신뢰도 에피소드",0,0,6054204,0,2,"2021/12/30 15:00:00",0,0,0,0,0,0,0,0
0,"2030/12/31 14:59:59",0,0,0,6054,"댄스 지도",0,0,0,0,"사렌과의 신뢰도 에피소드",0,0,6054205,0,2,"2021/12/30 15:00:00",0,0,0,0,0,0,0,0
0,"2030/12/31 14:59:59",0,0,0,6054,"눈싸움의 프로",0,0,0,0,"사렌과의 신뢰도 에피소드",0,0,6054206,0,2,"2021/12/30 15:00:00",0,0,0,0,0,0,0,0
0,"2030/12/31 14:59:59",0,0,0,6054,"사렌의 요리",0,0,0,0,"사렌과의 신뢰도 에피소드",0,0,6054207,0,2,"2021/12/30 15:00:00",0,0,0,0,0,0,0,0
0,"2030/12/31 14:59:59",0,0,0,6054,"소꿉친구와의 데이트",0,0,0,0,"사렌과의 신뢰도 에피소드",0,0,6054208,0,2,"2021/12/30 15:00:00",0,0,0,0,0,0,0,0
0,"2030/12/31 14:59:59",0,0,0,6054,"모험의 추억",0,0,0,0,"사렌과의 신뢰도 에피소드",0,0,6054209,0,2,"2021/12/30 15:00:00",0,0,0,0,0,0,0,0
0,"2030/12/31 14:59:59",0,0,0,6054,"동경하는 여성",0,0,0,0,"사렌과의 신뢰도 에피소드",0,0,6054210,0,2,"2021/12/30 15:00:00",0,0,0,0,0,0,0,0
0,"2030/12/31 14:59:59",0,0,0,6056,"넓은 바다의 미식가",0,0,0,0,"페코린느와의 신뢰도 에피소드",0,0,6056101,0,1,"2022/01/28 15:00:00",0,0,0,0,0,0,0,0
0,"2030/12/31 14:59:59",0,0,0,6056,"어부의 비밀 의식",0,0,0,0,"페코린느와의 신뢰도 에피소드",0,0,6056102,0,1,"2022/01/28 15:00:00",0,0,0,0,0,0,0,0
0,"2030/12/31 14:59:59",0,0,0,6056,"지키고 싶은 곳",0,0,0,0,"페코린느와의 신뢰도 에피소드",0,0,6056103,0,1,"2022/01/28 15:00:00",0,0,0,0,0,0,0,0
0,"2030/12/31 14:59:59",0,0,0,6056,"첫 경매",0,0,0,0,"페코린느와의 신뢰도 에피소드",0,0,6056104,0,1,"2022/01/28 15:00:00",0,0,0,0,0,0,0,0
0,"2030/12/31 14:59:59",0,0,0,6056,"길드 가계부",0,0,0,0,"콧코로와의 신뢰도 에피소드",0,0,6056201,0,2,"2022/01/28 15:00:00",0,0,0,0,0,0,0,0
0,"2030/12/31 14:59:59",0,0,0,6056,"고기잡이 도구",0,0,0,0,"콧코로와의 신뢰도 에피소드",0,0,6056202,0,2,"2022/01/28 15:00:00",0,0,0,0,0,0,0,0
0,"2030/12/31 14:59:59",0,0,0,6056,"툰누스",0,0,0,0,"콧코로와의 신뢰도 에피소드",0,0,6056203,0,2,"2022/01/28 15:00:00",0,0,0,0,0,0,0,0
0,"2030/12/31 14:59:59",0,0,0,6056,"오마의 조리법",0,0,0,0,"콧코로와의 신뢰도 에피소드",0,0,6056204,0,2,"2022/01/28 15:00:00",0,0,0,0,0,0,0,0
0,"2030/12/31 14:59:59",0,0,0,6056,"낭비 반성",0,0,0,0,"캬루와의 신뢰도 에피소드",0,0,6056301,0,3,"2022/01/28 15:00:00",0,0,0,0,0,0,0,0
0,"2030/12/31 14:59:59",0,0,0,6056,"노려라, 대역전",0,0,0,0,"캬루와의 신뢰도 에피소드",0,0,6056302,0,3,"2022/01/28 15:00:00",0,0,0,0,0,0,0,0
0,"2030/12/31 14:59:59",0,0,0,6056,"불안한 선박 여행",0,0,0,0,"캬루와의 신뢰도 에피소드",0,0,6056303,0,3,"2022/01/28 15:00:00",0,0,0,0,0,0,0,0
0,"2030/12/31 14:59:59",0,0,0,6056,"새해의 포부",0,0,0,0,"캬루와의 신뢰도 에피소드",0,0,6056304,0,3,"2022/01/28 15:00:00",0,0,0,0,0,0,0,0
0,"2030/12/31 14:59:59",0,0,0,6056,"낚시",0,0,0,0,"무이미와의 신뢰도 에피소드",0,0,6056401,0,4,"2022/01/28 15:00:00",0,0,0,0,0,0,0,0
0,"2030/12/31 14:59:59",0,0,0,6056,"네네카",0,0,0,0,"무이미와의 신뢰도 에피소드",0,0,6056402,0,4,"2022/01/28 15:00:00",0,0,0,0,0,0,0,0
0,"2030/12/31 14:59:59",0,0,0,6056,"동료",0,0,0,0,"무이미와의 신뢰도 에피소드",0,0,6056403,0,4,"2022/01/28 15:00:00",0,0,0,0,0,0,0,0
0,"2030/12/31 14:59:59",0,0,0,6056,"설날",0,0,0,0,"무이미와의 신뢰도 에피소드",0,0,6056404,0,4,"2022/01/28 15:00:00",0,0,0,0,0,0,0,0
0,"2030/12/31 14:59:59",0,0,0,6056,"준비는 중요",0,0,0,0,"네네카와의 신뢰도 에피소드",0,0,6056501,0,5,"2022/01/28 15:00:00",0,0,0,0,0,0,0,0
0,"2030/12/31 14:59:59",0,0,0,6056,"거대 툰누스",0,0,0,0,"네네카와의 신뢰도 에피소드",0,0,6056502,0,5,"2022/01/28 15:00:00",0,0,0,0,0,0,0,0
0,"2030/12/31 14:59:59",0,0,0,6056,"노웸",0,0,0,0,"네네카와의 신뢰도 에피소드",0,0,6056503,0,5,"2022/01/28 15:00:00",0,0,0,0,0,0,0,0
0,"2030/12/31 14:59:59",0,0,0,6056,"설날",0,0,0,0,"네네카와의 신뢰도 에피소드",0,0,6056504,0,5,"2022/01/28 15:00:00",0,0,0,0,0,0,0,0
0,"2030/12/31 14:59:59",0,0,0,6061,"소녀의 동경",0,0,0,0,"리마와의 신뢰도 에피소드",0,0,6061101,0,1,"2022/03/28 15:00:00",0,0,0,0,0,0,0,0
0,"2030/12/31 14:59:59",0,0,0,6061,"꿈에 그리던 드레스",0,0,0,0,"리마와의 신뢰도 에피소드",0,0,6061102,0,1,"2022/03/28 15:00:00",0,0,0,0,0,0,0,0
0,"2030/12/31 14:59:59",0,0,0,6061,"첫 저택",0,0,0,0,"리마와의 신뢰도 에피소드",0,0,6061103,0,1,"2022/03/28 15:00:00",0,0,0,0,0,0,0,0
0,"2030/12/31 14:59:59",0,0,0,6061,"마호의 레슨을 마치고",0,0,0,0,"리마와의 신뢰도 에피소드",0,0,6061104,0,1,"2022/03/28 15:00:00",0,0,0,0,0,0,0,0
0,"2030/12/31 14:59:59",0,0,0,6061,"마코토의 레슨을 마치고",0,0,0,0,"리마와의 신뢰도 에피소드",0,0,6061105,0,1,"2022/03/28 15:00:00",0,0,0,0,0,0,0,0
0,"2030/12/31 14:59:59",0,0,0,6061,"마물 공주에 대해서",0,0,0,0,"리마와의 신뢰도 에피소드",0,0,6061106,0,1,"2022/03/28 15:00:00",0,0,0,0,0,0,0,0
0,"2030/12/31 14:59:59",0,0,0,6061,"찬란한 나날을 돌아보며",0,0,0,0,"리마와의 신뢰도 에피소드",0,0,6061107,0,1,"2022/03/28 15:00:00",0,0,0,0,0,0,0,0
0,"2030/12/31 14:59:59",0,0,0,6061,"이번 임무",0,0,0,0,"마호와의 신뢰도 에피소드",0,0,6061201,0,2,"2022/03/28 15:00:00",0,0,0,0,0,0,0,0
0,"2030/12/31 14:59:59",0,0,0,6061,"드레스에 대해서",0,0,0,0,"마호와의 신뢰도 에피소드",0,0,6061202,0,2,"2022/03/28 15:00:00",0,0,0,0,0,0,0,0
0,"2030/12/31 14:59:59",0,0,0,6061,"동작 레슨을 마치고",0,0,0,0,"마호와의 신뢰도 에피소드",0,0,6061203,0,2,"2022/03/28 15:00:00",0,0,0,0,0,0,0,0
0,"2030/12/31 14:59:59",0,0,0,6061,"리마에 대해서",0,0,0,0,"마호와의 신뢰도 에피소드",0,0,6061204,0,2,"2022/03/28 15:00:00",0,0,0,0,0,0,0,0
0,"2030/12/31 14:59:59",0,0,0,6061,"마코토의 레슨에 대해서",0,0,0,0,"마호와의 신뢰도 에피소드",0,0,6061205,0,2,"2022/03/28 15:00:00",0,0,0,0,0,0,0,0
0,"2030/12/31 14:59:59",0,0,0,6061,"마물 공주에 대해서",0,0,0,0,"마호와의 신뢰도 에피소드",0,0,6061206,0,2,"2022/03/28 15:00:00",0,0,0,0,0,0,0,0
0,"2030/12/31 14:59:59",0,0,0,6061,"모든 것을 마치고",0,0,0,0,"마호와의 신뢰도 에피소드",0,0,6061207,0,2,"2022/03/28 15:00:00",0,0,0,0,0,0,0,0
0,"2030/12/31 14:59:59",0,0,0,6061,"무도회에 대해서",0,0,0,0,"마코토와의 신뢰도 에피소드",0,0,6061301,0,3,"2022/03/28 15:00:00",0,0,0,0,0,0,0,0
0,"2030/12/31 14:59:59",0,0,0,6061,"드레스에 대해서",0,0,0,0,"마코토와의 신뢰도 에피소드",0,0,6061302,0,3,"2022/03/28 15:00:00",0,0,0,0,0,0,0,0
0,"2030/12/31 14:59:59",0,0,0,6061,"마호의 레슨에 대해서",0,0,0,0,"마코토와의 신뢰도 에피소드",0,0,6061303,0,3,"2022/03/28 15:00:00",0,0,0,0,0,0,0,0
0,"2030/12/31 14:59:59",0,0,0,6061,"호신술 레슨을 마치고",0,0,0,0,"마코토와의 신뢰도 에피소드",0,0,6061304,0,3,"2022/03/28 15:00:00",0,0,0,0,0,0,0,0
0,"2030/12/31 14:59:59",0,0,0,6061,"리마에 대해서",0,0,0,0,"마코토와의 신뢰도 에피소드",0,0,6061305,0,3,"2022/03/28 15:00:00",0,0,0,0,0,0,0,0
0,"2030/12/31 14:59:59",0,0,0,6061,"마물 공주에 대해서",0,0,0,0,"마코토와의 신뢰도 에피소드",0,0,6061306,0,3,"2022/03/28 15:00:00",0,0,0,0,0,0,0,0
0,"2030/12/31 14:59:59",0,0,0,6061,"임무를 마치고",0,0,0,0,"마코토와의 신뢰도 에피소드",0,0,6061307,0,3,"2022/03/28 15:00:00",0,0,0,0,0,0,0,0
0,"2030/12/31 14:59:59",0,0,0,6066,"길드에 대해서",0,0,0,0,"이노리와의 신뢰도 에피소드",0,0,6066101,0,1,"2022/05/30 15:00:00",0,0,0,0,0,0,0,0
0,"2030/12/31 14:59:59",0,0,0,6066,"마도구에 대해서",0,0,0,0,"이노리와의 신뢰도 에피소드",0,0,6066102,0,1,"2022/05/30 15:00:00",0,0,0,0,0,0,0,0
0,"2030/12/31 14:59:59",0,0,0,6066,"카야에 대해서",0,0,0,0,"이노리와의 신뢰도 에피소드",0,0,6066103,0,1,"2022/05/30 15:00:00",0,0,0,0,0,0,0,0
0,"2030/12/31 14:59:59",0,0,0,6066,"호마레에 대해서",0,0,0,0,"이노리와의 신뢰도 에피소드",0,0,6066104,0,1,"2022/05/30 15:00:00",0,0,0,0,0,0,0,0
0,"2030/12/31 14:59:59",0,0,0,6066,"야망에 대해서",0,0,0,0,"이노리와의 신뢰도 에피소드",0,0,6066105,0,1,"2022/05/30 15:00:00",0,0,0,0,0,0,0,0
0,"2030/12/31 14:59:59",0,0,0,6066,"길드에 대해서",0,0,0,0,"카야와의 신뢰도 에피소드",0,0,6066201,0,2,"2022/05/30 15:00:00",0,0,0,0,0,0,0,0
0,"2030/12/31 14:59:59",0,0,0,6066,"마도구에 대해서",0,0,0,0,"카야와의 신뢰도 에피소드",0,0,6066202,0,2,"2022/05/30 15:00:00",0,0,0,0,0,0,0,0
0,"2030/12/31 14:59:59",0,0,0,6066,"이노리에 대해서",0,0,0,0,"카야와의 신뢰도 에피소드",0,0,6066203,0,2,"2022/05/30 15:00:00",0,0,0,0,0,0,0,0
0,"2030/12/31 14:59:59",0,0,0,6066,"의상에 대해서",0,0,0,0,"카야와의 신뢰도 에피소드",0,0,6066204,0,2,"2022/05/30 15:00:00",0,0,0,0,0,0,0,0
0,"2030/12/31 14:59:59",0,0,0,6066,"자신과의 싸움에 대해서",0,0,0,0,"카야와의 신뢰도 에피소드",0,0,6066205,0,2,"2022/05/30 15:00:00",0,0,0,0,0,0,0,0
0,"2030/12/31 14:59:59",0,0,0,6068,"인생 첫 아르바이트 스타트!",0,0,0,0,"아오이와의 신뢰도 에피소드",0,0,6068101,0,1,"2022/06/30 15:00:00",0,0,0,0,0,0,0,0
0,"2030/12/31 14:59:59",0,0,0,6068,"작업복의 착용감은?",0,0,0,0,"아오이와의 신뢰도 에피소드",0,0,6068102,0,1,"2022/06/30 15:00:00",0,0,0,0,0,0,0,0
0,"2030/12/31 14:59:59",0,0,0,6068,"아르바이트 동료 만들기로 외톨이 탈출!",0,0,0,0,"아오이와의 신뢰도 에피소드",0,0,6068103,0,1,"2022/06/30 15:00:00",0,0,0,0,0,0,0,0
0,"2030/12/31 14:59:59",0,0,0,6068,"미후유 씨랑은 잘 지내고 있어?",0,0,0,0,"아오이와의 신뢰도 에피소드",0,0,6068104,0,1,"2022/06/30 15:00:00",0,0,0,0,0,0,0,0
0,"2030/12/31 14:59:59",0,0,0,6068,"장난감 만들기는 이제 익숙해졌어?",0,0,0,0,"아오이와의 신뢰도 에피소드",0,0,6068105,0,1,"2022/06/30 15:00:00",0,0,0,0,0,0,0,0
0,"2030/12/31 14:59:59",0,0,0,6068,"타마키의 인상에 대해서",0,0,0,0,"아오이와의 신뢰도 에피소드",0,0,6068106,0,1,"2022/06/30 15:00:00",0,0,0,0,0,0,0,0
0,"2030/12/31 14:59:59",0,0,0,6068,"마이 프렌드 군 커스터마이즈!",0,0,0,0,"아오이와의 신뢰도 에피소드",0,0,6068107,0,1,"2022/06/30 15:00:00",0,0,0,0,0,0,0,0
0,"2030/12/31 14:59:59",0,0,0,6076,"엄청 귀여운 솜사탕!",0,0,0,0,"카오리와의 신뢰도 에피소드",0,0,6076101,0,1,"2022/10/31 15:00:00",0,0,0,0,0,0,0,0
0,"2030/12/31 14:59:59",0,0,0,6076,"맘에 드는 유니폼이야~♪",0,0,0,0,"카오리와의 신뢰도 에피소드",0,0,6076102,0,1,"2022/10/31 15:00:00",0,0,0,0,0,0,0,0
0,"2030/12/31 14:59:59",0,0,0,6076,"박사가 하는 말은 어려워~…",0,0,0,0,"카오리와의 신뢰도 에피소드",0,0,6076103,0,1,"2022/10/31 15:00:00",0,0,0,0,0,0,0,0
0,"2030/12/31 14:59:59",0,0,0,6076,"어떤 어레인지가 좋을까~?",0,0,0,0,"카오리와의 신뢰도 에피소드",0,0,6076104,0,1,"2022/10/31 15:00:00",0,0,0,0,0,0,0,0
0,"2030/12/31 14:59:59",0,0,0,6076,"악령이랑 만나면 어떡할 거야~?",0,0,0,0,"카오리와의 신뢰도 에피소드",0,0,6076105,0,1,"2022/10/31 15:00:00",0,0,0,0,0,0,0,0
0,"2030/12/31 14:59:59",0,0,0,6076,"솜사탕 부하 만들기 계획입니다!",0,0,0,0,"니논과의 신뢰도 에피소드",0,0,6076201,0,2,"2022/10/31 15:00:00",0,0,0,0,0,0,0,0
0,"2030/12/31 14:59:59",0,0,0,6076,"맘에 드는 유니폼입니다!",0,0,0,0,"니논과의 신뢰도 에피소드",0,0,6076202,0,2,"2022/10/31 15:00:00",0,0,0,0,0,0,0,0
0,"2030/12/31 14:59:59",0,0,0,6076,"박사는 매우 이상합니다",0,0,0,0,"니논과의 신뢰도 에피소드",0,0,6076203,0,2,"2022/10/31 15:00:00",0,0,0,0,0,0,0,0
0,"2030/12/31 14:59:59",0,0,0,6076,"쇼군의 장비 가르쳐주세요!",0,0,0,0,"니논과의 신뢰도 에피소드",0,0,6076204,0,2,"2022/10/31 15:00:00",0,0,0,0,0,0,0,0
0,"2030/12/31 14:59:59",0,0,0,6076,"영혼 세계는 어떤 곳입니까?",0,0,0,0,"니논과의 신뢰도 에피소드",0,0,6076205,0,2,"2022/10/31 15:00:00",0,0,0,0,0,0,0,0
0,"2030/12/31 14:59:59",0,0,0,6076,"솜사탕 굿즈화 계획!",0,0,0,0,"스즈나와의 신뢰도 에피소드",0,0,6076301,0,3,"2022/10/31 15:00:00",0,0,0,0,0,0,0,0
0,"2030/12/31 14:59:59",0,0,0,6076,"유니폼에서 맘에 드는 포인트를 알려줘!",0,0,0,0,"스즈나와의 신뢰도 에피소드",0,0,6076302,0,3,"2022/10/31 15:00:00",0,0,0,0,0,0,0,0
0,"2030/12/31 14:59:59",0,0,0,6076,"박사의 연구는 너무 의미 불명이야!",0,0,0,0,"스즈나와의 신뢰도 에피소드",0,0,6076303,0,3,"2022/10/31 15:00:00",0,0,0,0,0,0,0,0
0,"2030/12/31 14:59:59",0,0,0,6076,"할로윈을 보내는 법",0,0,0,0,"스즈나와의 신뢰도 에피소드",0,0,6076304,0,3,"2022/10/31 15:00:00",0,0,0,0,0,0,0,0
0,"2030/12/31 14:59:59",0,0,0,6076,"영혼 세계는 어떤 곳?",0,0,0,0,"스즈나와의 신뢰도 에피소드",0,0,6076305,0,3,"2022/10/31 15:00:00",0,0,0,0,0,0,0,0
0,"2030/12/31 14:59:59",0,0,0,6078,"어둠의 선생님",0,0,0,0,"이오와의 신뢰도 에피소드",0,0,6078101,0,1,"2022/12/01 15:00:00",0,0,0,0,0,0,0,0
0,"2030/12/31 14:59:59",0,0,0,6078,"선생님의 마조히스트 체험",0,0,0,0,"이오와의 신뢰도 에피소드",0,0,6078102,0,1,"2022/12/01 15:00:00",0,0,0,0,0,0,0,0
0,"2030/12/31 14:59:59",0,0,0,6078,"누나",0,0,0,0,"이오와의 신뢰도 에피소드",0,0,6078103,0,1,"2022/12/01 15:00:00",0,0,0,0,0,0,0,0
0,"2030/12/31 14:59:59",0,0,0,6078,"아지트 이름은?",0,0,0,0,"이오와의 신뢰도 에피소드",0,0,6078104,0,1,"2022/12/01 15:00:00",0,0,0,0,0,0,0,0
0,"2030/12/31 14:59:59",0,0,0,6078,"사실은 꽤……",0,0,0,0,"이오와의 신뢰도 에피소드",0,0,6078105,0,1,"2022/12/01 15:00:00",0,0,0,0,0,0,0,0
0,"2030/12/31 14:59:59",0,0,0,6078,"어둠의 마조히스트",0,0,0,0,"쿠우카와의 신뢰도 에피소드",0,0,6078201,0,2,"2022/12/01 15:00:00",0,0,0,0,0,0,0,0
0,"2030/12/31 14:59:59",0,0,0,6078,"어둠의 선생님",0,0,0,0,"쿠우카와의 신뢰도 에피소드",0,0,6078202,0,2,"2022/12/01 15:00:00",0,0,0,0,0,0,0,0
0,"2030/12/31 14:59:59",0,0,0,6078,"아지트 이름은?",0,0,0,0,"쿠우카와의 신뢰도 에피소드",0,0,6078203,0,2,"2022/12/01 15:00:00",0,0,0,0,0,0,0,0
0,"2030/12/31 14:59:59",0,0,0,6078,"사랑과 희망의 마조히스트",0,0,0,0,"쿠우카와의 신뢰도 에피소드",0,0,6078204,0,2,"2022/12/01 15:00:00",0,0,0,0,0,0,0,0
0,"2030/12/31 14:59:59",0,0,0,6078,"강제 변신",0,0,0,0,"쿠우카와의 신뢰도 에피소드",0,0,6078205,0,2,"2022/12/01 15:00:00",0,0,0,0,0,0,0,0
0,"2030/12/31 14:59:59",0,0,0,6088,"성숙한 숙녀",0,0,0,0,"미사키와의 신뢰도 에피소드",0,0,6088101,0,2,"2023/03/29 15:00:00",0,0,0,0,0,0,0,0
0,"2030/12/31 14:59:59",0,0,0,6088,"미래의 대배우",0,0,0,0,"미사키와의 신뢰도 에피소드",0,0,6088102,0,2,"2023/03/29 15:00:00",0,0,0,0,0,0,0,0
0,"2030/12/31 14:59:59",0,0,0,6088,"목장",0,0,0,0,"미사키와의 신뢰도 에피소드",0,0,6088103,0,2,"2023/03/29 15:00:00",0,0,0,0,0,0,0,0
0,"2030/12/31 14:59:59",0,0,0,6088,"아키노에 대해서",0,0,0,0,"미사키와의 신뢰도 에피소드",0,0,6088104,0,2,"2023/03/29 15:00:00",0,0,0,0,0,0,0,0
0,"2030/12/31 14:59:59",0,0,0,6088,"발표회",0,0,0,0,"미사키와의 신뢰도 에피소드",0,0,6088105,0,2,"2023/03/29 15:00:00",0,0,0,0,0,0,0,0
0,"2030/12/31 14:59:59",0,0,0,6088,"쥐들",0,0,0,0,"미사키와의 신뢰도 에피소드",0,0,6088106,0,2,"2023/03/29 15:00:00",0,0,0,0,0,0,0,0
0,"2030/12/31 14:59:59",0,0,0,6088,"의상에 대해서",0,0,0,0,"미사키와의 신뢰도 에피소드",0,0,6088107,0,2,"2023/03/29 15:00:00",0,0,0,0,0,0,0,0
0,"2030/12/31 14:59:59",0,0,0,6088,"성숙한 숙녀",0,0,0,0,"쿠루미와의 신뢰도 에피소드",0,0,6088201,0,1,"2023/03/29 15:00:00",0,0,0,0,0,0,0,0
0,"2030/12/31 14:59:59",0,0,0,6088,"미래의 대배우",0,0,0,0,"쿠루미와의 신뢰도 에피소드",0,0,6088202,0,1,"2023/03/29 15:00:00",0,0,0,0,0,0,0,0
0,"2030/12/31 14:59:59",0,0,0,6088,"목장",0,0,0,0,"쿠루미와의 신뢰도 에피소드",0,0,6088203,0,1,"2023/03/29 15:00:00",0,0,0,0,0,0,0,0
0,"2030/12/31 14:59:59",0,0,0,6088,"아키노에 대해서",0,0,0,0,"쿠루미와의 신뢰도 에피소드",0,0,6088204,0,1,"2023/03/29 15:00:00",0,0,0,0,0,0,0,0
0,"2030/12/31 14:59:59",0,0,0,6088,"발표회",0,0,0,0,"쿠루미와의 신뢰도 에피소드",0,0,6088205,0,1,"2023/03/29 15:00:00",0,0,0,0,0,0,0,0
0,"2030/12/31 14:59:59",0,0,0,6088,"쥐들",0,0,0,0,"쿠루미와의 신뢰도 에피소드",0,0,6088206,0,1,"2023/03/29 15:00:00",0,0,0,0,0,0,0,0
0,"2030/12/31 14:59:59",0,0,0,6088,"의상에 대해서",0,0,0,0,"쿠루미와의 신뢰도 에피소드",0,0,6088207,0,1,"2023/03/29 15:00:00",0,0,0,0,0,0,0,0
0,"2030/12/31 14:59:59",0,0,0,6090,"설마 내가 괴도가 되다니",0,0,0,0,"아유미와의 신뢰도 에피소드",0,0,6090101,0,1,"2023/05/02 15:00:00",0,0,0,0,0,0,0,0
0,"2030/12/31 14:59:59",0,0,0,6090,"괴도의 극의",0,0,0,0,"아유미와의 신뢰도 에피소드",0,0,6090102,0,1,"2023/05/02 15:00:00",0,0,0,0,0,0,0,0
0,"2030/12/31 14:59:59",0,0,0,6090,"카야 씨와도 친해질 수 있다면",0,0,0,0,"아유미와의 신뢰도 에피소드",0,0,6090103,0,1,"2023/05/02 15:00:00",0,0,0,0,0,0,0,0
0,"2030/12/31 14:59:59",0,0,0,6090,"괴도 의상에 대해서",0,0,0,0,"아유미와의 신뢰도 에피소드",0,0,6090104,0,1,"2023/05/02 15:00:00",0,0,0,0,0,0,0,0
0,"2030/12/31 14:59:59",0,0,0,6090,"이노리의 좋은 점",0,0,0,0,"아유미와의 신뢰도 에피소드",0,0,6090105,0,1,"2023/05/02 15:00:00",0,0,0,0,0,0,0,0
0,"2030/12/31 14:59:59",0,0,0,6090,"대괴도 이노리 님 극적 탄생입니다!",0,0,0,0,"이노리와의 신뢰도 에피소드",0,0,6090201,0,2,"2023/05/02 15:00:00",0,0,0,0,0,0,0,0
0,"2030/12/31 14:59:59",0,0,0,6090,"카지노에 대해서",0,0,0,0,"이노리와의 신뢰도 에피소드",0,0,6090202,0,2,"2023/05/02 15:00:00",0,0,0,0,0,0,0,0
0,"2030/12/31 14:59:59",0,0,0,6090,"예고장에 대해서",0,0,0,0,"이노리와의 신뢰도 에피소드",0,0,6090203,0,2,"2023/05/02 15:00:00",0,0,0,0,0,0,0,0
0,"2030/12/31 14:59:59",0,0,0,6090,"아유아유는 대단해",0,0,0,0,"이노리와의 신뢰도 에피소드",0,0,6090204,0,2,"2023/05/02 15:00:00",0,0,0,0,0,0,0,0
0,"2030/12/31 14:59:59",0,0,0,6090,"도둑고양이의 정체",0,0,0,0,"이노리와의 신뢰도 에피소드",0,0,6090205,0,2,"2023/05/02 15:00:00",0,0,0,0,0,0,0,0
0,"2030/12/31 14:59:59",0,0,0,6094,"최고의 한 잔을 찾는 여자",0,0,0,0,"유카리와의 신뢰도 에피소드",0,0,6094101,0,1,"2023/06/29 15:00:00",0,0,0,0,0,0,0,0
0,"2030/12/31 14:59:59",0,0,0,6094,"최고의 한 잔에 필요한 것",0,0,0,0,"유카리와의 신뢰도 에피소드",0,0,6094102,0,1,"2023/06/29 15:00:00",0,0,0,0,0,0,0,0
0,"2030/12/31 14:59:59",0,0,0,6094,"최고의 캠프를 목표로",0,0,0,0,"유카리와의 신뢰도 에피소드",0,0,6094103,0,1,"2023/06/29 15:00:00",0,0,0,0,0,0,0,0
0,"2030/12/31 14:59:59",0,0,0,6094,"외톨이 정신을 치유해 줘",0,0,0,0,"아오이와의 신뢰도 에피소드",0,0,6094201,0,2,"2023/06/29 15:00:00",0,0,0,0,0,0,0,0
0,"2030/12/31 14:59:59",0,0,0,6094,"커피에 비친 정신",0,0,0,0,"아오이와의 신뢰도 에피소드",0,0,6094202,0,2,"2023/06/29 15:00:00",0,0,0,0,0,0,0,0
0,"2030/12/31 14:59:59",0,0,0,6094,"첫 그룹 캠프",0,0,0,0,"아오이와의 신뢰도 에피소드",0,0,6094203,0,2,"2023/06/29 15:00:00",0,0,0,0,0,0,0,0
0,"2030/12/31 14:59:59",0,0,0,6094,"캠프와 야영",0,0,0,0,"쥰과의 신뢰도 에피소드",0,0,6094301,0,3,"2023/06/29 15:00:00",0,0,0,0,0,0,0,0
0,"2030/12/31 14:59:59",0,0,0,6094,"베케이션 쥰",0,0,0,0,"쥰과의 신뢰도 에피소드",0,0,6094302,0,3,"2023/06/29 15:00:00",0,0,0,0,0,0,0,0
0,"2030/12/31 14:59:59",0,0,0,6094,"평소 습관",0,0,0,0,"쥰과의 신뢰도 에피소드",0,0,6094303,0,3,"2023/06/29 15:00:00",0,0,0,0,0,0,0,0
0,"2030/12/31 14:59:59",0,0,0,6100,"특제 옷",0,0,0,0,"마호와의 신뢰도 에피소드",0,0,6100101,0,1,"2023/09/25 15:00:00",0,0,0,0,0,0,0,0
0,"2030/12/31 14:59:59",0,0,0,6100,"두 사람의\n티타임",0,0,0,0,"마호와의 신뢰도 에피소드",0,0,6100102,0,1,"2023/09/25 15:00:00",0,0,0,0,0,0,0,0
0,"2030/12/31 14:59:59",0,0,0,6100,"목적지는 어디에",0,0,0,0,"마호와의 신뢰도 에피소드",0,0,6100103,0,1,"2023/09/25 15:00:00",0,0,0,0,0,0,0,0
0,"2030/12/31 14:59:59",0,0,0,6100,"꿈의 가방에\n채우는 것",0,0,0,0,"마호와의 신뢰도 에피소드",0,0,6100104,0,1,"2023/09/25 15:00:00",0,0,0,0,0,0,0,0
0,"2030/12/31 14:59:59",0,0,0,6100,"슈퍼 ●●●",0,0,0,0,"아야네와의 신뢰도 에피소드",0,0,6100201,0,2,"2023/09/25 15:00:00",0,0,0,0,0,0,0,0
0,"2030/12/31 14:59:59",0,0,0,6100,"복슬복슬 승부란",0,0,0,0,"아야네와의 신뢰도 에피소드",0,0,6100202,0,2,"2023/09/25 15:00:00",0,0,0,0,0,0,0,0
0,"2030/12/31 14:59:59",0,0,0,6100,"쓸쓸할 때\n거는 주문",0,0,0,0,"아야네와의 신뢰도 에피소드",0,0,6100203,0,2,"2023/09/25 15:00:00",0,0,0,0,0,0,0,0
0,"2030/12/31 14:59:59",0,0,0,6100,"모험을 위한 기초",0,0,0,0,"아야네와의 신뢰도 에피소드",0,0,6100204,0,2,"2023/09/25 15:00:00",0,0,0,0,0,0,0,0
0,"2030/12/31 14:59:59",0,0,0,6102,"만화\n어시스턴트",0,0,0,0,"토모와의 신뢰도 에피소드",0,0,6102101,0,1,"2023/11/02 15:00:00",0,0,0,0,0,0,0,0
0,"2030/12/31 14:59:59",0,0,0,6102,"관심 있는\n게임",0,0,0,0,"토모와의 신뢰도 에피소드",0,0,6102102,0,1,"2023/11/02 15:00:00",0,0,0,0,0,0,0,0
0,"2030/12/31 14:59:59",0,0,0,6102,"팬에 대해서",0,0,0,0,"토모와의 신뢰도 에피소드",0,0,6102103,0,1,"2023/11/02 15:00:00",0,0,0,0,0,0,0,0
0,"2030/12/31 14:59:59",0,0,0,6102,"페스의 볼거리",0,0,0,0,"토모와의 신뢰도 에피소드",0,0,6102104,0,1,"2023/11/02 15:00:00",0,0,0,0,0,0,0,0
0,"2030/12/31 14:59:59",0,0,0,6102,"랜페스에\n대해서",0,0,0,0,"린과의 신뢰도 에피소드",0,0,6102201,0,2,"2023/11/02 15:00:00",0,0,0,0,0,0,0,0
0,"2030/12/31 14:59:59",0,0,0,6102,"게임에 대해서",0,0,0,0,"린과의 신뢰도 에피소드",0,0,6102202,0,2,"2023/11/02 15:00:00",0,0,0,0,0,0,0,0
0,"2030/12/31 14:59:59",0,0,0,6102,"추천하는 방송",0,0,0,0,"린과의 신뢰도 에피소드",0,0,6102203,0,2,"2023/11/02 15:00:00",0,0,0,0,0,0,0,0
0,"2030/12/31 14:59:59",0,0,0,6102,"동인지 판매전",0,0,0,0,"린과의 신뢰도 에피소드",0,0,6102204,0,2,"2023/11/02 15:00:00",0,0,0,0,0,0,0,0
0,"2030/12/31 14:59:59",0,0,0,6102,"페스에 대해서",0,0,0,0,"나나카와의 신뢰도 에피소드",0,0,6102301,0,3,"2023/11/02 15:00:00",0,0,0,0,0,0,0,0
0,"2030/12/31 14:59:59",0,0,0,6102,"게임에 대해서",0,0,0,0,"나나카와의 신뢰도 에피소드",0,0,6102302,0,3,"2023/11/02 15:00:00",0,0,0,0,0,0,0,0
0,"2030/12/31 14:59:59",0,0,0,6102,"만약 내가\n방송을 한다면",0,0,0,0,"나나카와의 신뢰도 에피소드",0,0,6102303,0,3,"2023/11/02 15:00:00",0,0,0,0,0,0,0,0
0,"2030/12/31 14:59:59",0,0,0,6102,"동인지에 대해서",0,0,0,0,"나나카와의 신뢰도 에피소드",0,0,6102304,0,3,"2023/11/02 15:00:00",0,0,0,0,0,0,0,0
0,"2030/12/31 14:59:59",0,0,0,6104,"이번 임무",0,0,0,0,"마츠리와의 신뢰도 에피소드",0,0,6104101,0,1,"2023/11/30 15:00:00",0,0,0,0,0,0,0,0
0,"2030/12/31 14:59:59",0,0,0,6104,"크리스티나에\n대해서",0,0,0,0,"마츠리와의 신뢰도 에피소드",0,0,6104102,0,1,"2023/11/30 15:00:00",0,0,0,0,0,0,0,0
0,"2030/12/31 14:59:59",0,0,0,6104,"평화를 위해",0,0,0,0,"마츠리와의 신뢰도 에피소드",0,0,6104103,0,1,"2023/11/30 15:00:00",0,0,0,0,0,0,0,0
0,"2030/12/31 14:59:59",0,0,0,6104,"토끼족이\n사는 곳",0,0,0,0,"마츠리와의 신뢰도 에피소드",0,0,6104104,0,1,"2023/11/30 15:00:00",0,0,0,0,0,0,0,0
0,"2030/12/31 14:59:59",0,0,0,6104,"호랑이족의 생활",0,0,0,0,"마츠리와의 신뢰도 에피소드",0,0,6104105,0,1,"2023/11/30 15:00:00",0,0,0,0,0,0,0,0
0,"2030/12/31 14:59:59",0,0,0,6104,"정의의 아군\n등장임다!",0,0,0,0,"마츠리와의 신뢰도 에피소드",0,0,6104106,0,1,"2023/11/30 15:00:00",0,0,0,0,0,0,0,0
0,"2030/12/31 14:59:59",0,0,0,6104,"임무 완료임다!",0,0,0,0,"마츠리와의 신뢰도 에피소드",0,0,6104107,0,1,"2023/11/30 15:00:00",0,0,0,10131115,1013101,0,0,0
0,"2030/12/31 14:59:59",0,0,0,6104,"이번 임무",0,0,0,0,"크리스티나와의 신뢰도 에피소드",0,0,6104201,0,2,"2023/11/30 15:00:00",0,0,0,0,0,0,0,0
0,"2030/12/31 14:59:59",0,0,0,6104,"옛 보금자리에 대한 생각",0,0,0,0,"크리스티나와의 신뢰도 에피소드",0,0,6104202,0,2,"2023/11/30 15:00:00",0,0,0,0,0,0,0,0
0,"2030/12/31 14:59:59",0,0,0,6104,"새로운 평화 교섭 활동을 생각해 보자",0,0,0,0,"크리스티나와의 신뢰도 에피소드",0,0,6104203,0,2,"2023/11/30 15:00:00",0,0,0,0,0,0,0,0
0,"2030/12/31 14:59:59",0,0,0,6104,"토끼족을 위한\n레슨",0,0,0,0,"크리스티나와의 신뢰도 에피소드",0,0,6104204,0,2,"2023/11/30 15:00:00",0,0,0,0,0,0,0,0
0,"2030/12/31 14:59:59",0,0,0,6104,"호랑이족의 가르침",0,0,0,0,"크리스티나와의 신뢰도 에피소드",0,0,6104205,0,2,"2023/11/30 15:00:00",0,0,0,0,0,0,0,0
0,"2030/12/31 14:59:59",0,0,0,6104,"새로운 세계",0,0,0,0,"크리스티나와의 신뢰도 에피소드",0,0,6104206,0,2,"2023/11/30 15:00:00",0,0,0,0,0,0,0,0
0,"2030/12/31 14:59:59",0,0,0,6104,"임무 완료!",0,0,0,0,"크리스티나와의 신뢰도 에피소드",0,0,6104207,0,2,"2023/11/30 15:00:00",0,0,0,10131115,1013101,0,0,0
0,"2030/12/31 14:59:59",0,0,0,6114,"필수불가결한 것",0,0,0,0,"모니카와의 신뢰도 에피소드",0,0,6114101,0,1,"2024/03/30 15:00:00",0,0,0,0,0,0,0,0
0,"2030/12/31 14:59:59",0,0,0,6114,"아이들 대하는 법",0,0,0,0,"모니카와의 신뢰도 에피소드",0,0,6114102,0,1,"2024/03/30 15:00:00",0,0,0,0,0,0,0,0
0,"2030/12/31 14:59:59",0,0,0,6114,"이제 막 입기 시작한 새 앞치마",0,0,0,0,"모니카와의 신뢰도 에피소드",0,0,6114103,0,1,"2024/03/30 15:00:00",0,0,0,0,0,0,0,0
0,"2030/12/31 14:59:59",0,0,0,6114,"스파이와의 교제 방법",0,0,0,0,"모니카와의 신뢰도 에피소드",0,0,6114104,0,1,"2024/03/30 15:00:00",0,0,0,0,0,0,0,0
0,"2030/12/31 14:59:59",0,0,0,6114,"고양이와 화해하라",0,0,0,0,"모니카와의 신뢰도 에피소드",0,0,6114105,0,1,"2024/03/30 15:00:00",0,0,0,0,0,0,0,0
0,"2030/12/31 14:59:59",0,0,0,6114,"접객의 힘든 점",0,0,0,0,"모니카와의 신뢰도 에피소드",0,0,6114106,0,1,"2024/03/30 15:00:00",0,0,0,0,0,0,0,0
0,"2030/12/31 14:59:59",0,0,0,6114,"타마키를 위해",0,0,0,0,"모니카와의 신뢰도 에피소드",0,0,6114107,0,1,"2024/03/30 15:00:00",0,0,0,10141115,1014101,0,0,0
0,"2030/12/31 14:59:59",0,0,0,6114,"붕어빵 개발",0,0,0,0,"타마키와의 신뢰도 에피소드",0,0,6114201,0,2,"2024/03/30 15:00:00",0,0,0,0,0,0,0,0
0,"2030/12/31 14:59:59",0,0,0,6114,"고양이 전용 카페 메뉴",0,0,0,0,"타마키와의 신뢰도 에피소드",0,0,6114202,0,2,"2024/03/30 15:00:00",0,0,0,0,0,0,0,0
0,"2030/12/31 14:59:59",0,0,0,6114,"옷맵시는 어떠냥?",0,0,0,0,"타마키와의 신뢰도 에피소드",0,0,6114203,0,2,"2024/03/30 15:00:00",0,0,0,0,0,0,0,0
0,"2030/12/31 14:59:59",0,0,0,6114,"쓰리잡",0,0,0,0,"타마키와의 신뢰도 에피소드",0,0,6114204,0,2,"2024/03/30 15:00:00",0,0,0,0,0,0,0,0
0,"2030/12/31 14:59:59",0,0,0,6114,"상담을 한다면?",0,0,0,0,"타마키와의 신뢰도 에피소드",0,0,6114205,0,2,"2024/03/30 15:00:00",0,0,0,0,0,0,0,0
0,"2030/12/31 14:59:59",0,0,0,6114,"고양이 굿즈를 만들자♪",0,0,0,0,"타마키와의 신뢰도 에피소드",0,0,6114206,0,2,"2024/03/30 15:00:00",0,0,0,0,0,0,0,0
0,"2030/12/31 14:59:59",0,0,0,6114,"모니카를 위해",0,0,0,0,"타마키와의 신뢰도 에피소드",0,0,6114207,0,2,"2024/03/30 15:00:00",0,0,0,10141115,1014101,0,0,0
0,"2030/12/31 14:59:59",0,0,0,6124,"수영복 취향",0,0,0,0,"시노부와의 신뢰도 에피소드",0,0,6124101,0,1,"2024/08/27 15:00:00",0,0,0,0,0,0,0,0
0,"2030/12/31 14:59:59",0,0,0,6124,"유령이\n자주 출몰하는 장소",0,0,0,0,"시노부와의 신뢰도 에피소드",0,0,6124102,0,1,"2024/08/27 15:00:00",0,0,0,0,0,0,0,0
0,"2030/12/31 14:59:59",0,0,0,6124,"아버지에 대한 벌",0,0,0,0,"시노부와의 신뢰도 에피소드",0,0,6124103,0,1,"2024/08/27 15:00:00",0,0,0,10151115,0,0,0,0
0,"2030/12/31 14:59:59",0,0,0,6124,"바캉스를\n즐기는 법",0,0,0,0,"시노부와의 신뢰도 에피소드",0,0,6124104,0,1,"2024/08/27 15:00:00",0,0,0,10151115,1015101,0,0,0
0,"2030/12/31 14:59:59",0,0,0,6124,"절찬 낯가리는 중",0,0,0,0,"란파와의 신뢰도 에피소드",0,0,6124201,0,3,"2024/08/27 15:00:00",0,0,0,0,0,0,0,0
0,"2030/12/31 14:59:59",0,0,0,6124,"협력의 의사표시",0,0,0,0,"란파와의 신뢰도 에피소드",0,0,6124202,0,3,"2024/08/27 15:00:00",0,0,0,0,0,0,0,0
0,"2030/12/31 14:59:59",0,0,0,6124,"겁쟁이의 활약",0,0,0,0,"란파와의 신뢰도 에피소드",0,0,6124203,0,3,"2024/08/27 15:00:00",0,0,0,10151115,0,0,0,0
0,"2030/12/31 14:59:59",0,0,0,6124,"한여름의 장난",0,0,0,0,"란파와의 신뢰도 에피소드",0,0,6124204,0,3,"2024/08/27 15:00:00",0,0,0,10151115,1015101,0,0,0
0,"2030/12/31 14:59:59",0,0,0,6124,"영적인 공격",0,0,0,0,"쿠우카와의 신뢰도 에피소드",0,0,6124301,0,2,"2024/08/27 15:00:00",0,0,0,0,0,0,0,0
0,"2030/12/31 14:59:59",0,0,0,6124,"유체 이탈 플레이",0,0,0,0,"쿠우카와의 신뢰도 에피소드",0,0,6124302,0,2,"2024/08/27 15:00:00",0,0,0,0,0,0,0,0
0,"2030/12/31 14:59:59",0,0,0,6124,"무방비한 육체",0,0,0,0,"쿠우카와의 신뢰도 에피소드",0,0,6124303,0,2,"2024/08/27 15:00:00",0,0,0,0,0,0,0,0
0,"2030/12/31 14:59:59",0,0,0,6124,"쾌락에 젖은\n해변",0,0,0,0,"쿠우카와의 신뢰도 에피소드",0,0,6124304,0,2,"2024/08/27 15:00:00",0,0,0,10151115,1015101,0,0,0
0,"2030/12/31 14:59:59",0,0,0,6124,"하렘의 이유",0,0,0,0,"해골 아버지와의 신뢰도 에피소드",0,0,6124401,0,4,"2024/08/27 15:00:00",0,0,0,0,0,0,0,0
0,"2030/12/31 14:59:59",0,0,0,6124,"재회한 감상",0,0,0,0,"해골 아버지와의 신뢰도 에피소드",0,0,6124402,0,4,"2024/08/27 15:00:00",0,0,0,0,0,0,0,0
0,"2030/12/31 14:59:59",0,0,0,6124,"겁쟁이 아버지",0,0,0,0,"해골 아버지와의 신뢰도 에피소드",0,0,6124403,0,4,"2024/08/27 15:00:00",0,0,0,10151115,0,0,0,0
0,"2030/12/31 14:59:59",0,0,0,6124,"진정한 타입은",0,0,0,0,"해골 아버지와의 신뢰도 에피소드",0,0,6124404,0,4,"2024/08/27 15:00:00",0,0,0,10151115,1015101,0,0,0
0,"2030/12/31 14:59:59",0,0,0,6144,"好きな植物は？",0,0,0,0,"스즈메와의 신뢰도 에피소드",0,0,6144101,0,1,"2025/05/29 15:00:00",0,0,0,0,0,0,0,0
0,"2030/12/31 14:59:59",0,0,0,6144,"花衣装について",0,0,0,0,"스즈메와의 신뢰도 에피소드",0,0,6144102,0,1,"2025/05/29 15:00:00",0,0,0,0,0,0,0,0
0,"2030/12/31 14:59:59",0,0,0,6144,"リュウジについて",0,0,0,0,"스즈메와의 신뢰도 에피소드",0,0,6144103,0,1,"2025/05/29 15:00:00",0,0,0,10144103,0,0,0,0
0,"2030/12/31 14:59:59",0,0,0,6144,"ドジの克服\nについて",0,0,0,0,"스즈메와의 신뢰도 에피소드",0,0,6144104,0,1,"2025/05/29 15:00:00",0,0,0,10144103,0,0,0,0
0,"2030/12/31 14:59:59",0,0,0,6144,"持ち味を\n活かそう",0,0,0,0,"스즈메와의 신뢰도 에피소드",0,0,6144105,0,1,"2025/05/29 15:00:00",0,0,0,10144107,0,0,0,0
0,"2030/12/31 14:59:59",0,0,0,6144,"優しさの行方",0,0,0,0,"스즈메와의 신뢰도 에피소드",0,0,6144106,0,1,"2025/05/29 15:00:00",0,0,0,10144109,0,0,0,0
0,"2030/12/31 14:59:59",0,0,0,6144,"お土産を\n選ぼう",0,0,0,0,"스즈메와의 신뢰도 에피소드",0,0,6144107,0,1,"2025/05/29 15:00:00",0,0,0,10144110,1014401,0,0,0
0,"2030/12/31 14:59:59",0,0,0,6144,"好きな植物は？",0,0,0,0,"쿄우카와의 신뢰도 에피소드",0,0,6144201,0,2,"2025/05/29 15:00:00",0,0,0,0,0,0,0,0
0,"2030/12/31 14:59:59",0,0,0,6144,"花衣装について",0,0,0,0,"쿄우카와의 신뢰도 에피소드",0,0,6144202,0,2,"2025/05/29 15:00:00",0,0,0,0,0,0,0,0
0,"2030/12/31 14:59:59",0,0,0,6144,"リュウジについて",0,0,0,0,"쿄우카와의 신뢰도 에피소드",0,0,6144203,0,2,"2025/05/29 15:00:00",0,0,0,10144103,0,0,0,0
0,"2030/12/31 14:59:59",0,0,0,6144,"スズメの\nドジについて",0,0,0,0,"쿄우카와의 신뢰도 에피소드",0,0,6144204,0,2,"2025/05/29 15:00:00",0,0,0,10144103,0,0,0,0
0,"2030/12/31 14:59:59",0,0,0,6144,"キョウカの\nトリセツ",0,0,0,0,"쿄우카와의 신뢰도 에피소드",0,0,6144205,0,2,"2025/05/29 15:00:00",0,0,0,10144107,0,0,0,0
0,"2030/12/31 14:59:59",0,0,0,6144,"優しさの形",0,0,0,0,"쿄우카와의 신뢰도 에피소드",0,0,6144206,0,2,"2025/05/29 15:00:00",0,0,0,10144109,0,0,0,0
0,"2030/12/31 14:59:59",0,0,0,6144,"お土産を\n選ぼう",0,0,0,0,"쿄우카와의 신뢰도 에피소드",0,0,6144207,0,2,"2025/05/29 15:00:00",0,0,0,10144110,1014401,0,0,0
