category_icon,condition_value_2,condition_value_3,condition_num,event_id,condition_value_1,disp_group,system_id,mission_reward_id,start_time,visible_flag,end_time,description,mission_condition,mission_id
601,0,0,1,20014,660014101,1004110,8006,99001001,"2020/05/28 15:00:00",1,"2030/04/01 14:59:59","아쿠다이칸 1마리를 쓰러뜨리자(NORMAL 한정)",9001,99001001
601,0,0,1,20014,660014201,1004111,8007,99001002,"2020/05/28 15:00:00",1,"2030/04/01 14:59:59","아쿠다이칸 1마리를 쓰러뜨리자(HARD 한정)",9001,99001002
601,0,0,1,20014,660014301,1004112,8010,99001003,"2020/05/28 15:00:00",1,"2030/04/01 14:59:59","아쿠다이칸 1마리를 쓰러뜨리자(VERY HARD 한정)",9001,99001003
601,0,0,1,10041,610041401,1004113,6011,99001004,"2020/05/28 15:00:00",1,"2030/04/01 14:59:59","아쿠다이칸 1마리를 쓰러뜨리자(SPECIAL 한정)",9001,99001004
601,0,0,1,10053,610053101,1005310,6006,99001005,"2020/06/30 15:00:00",1,"2030/04/01 14:59:59","페텔기우스 1마리를 쓰러뜨리자(NORMAL 한정)",9001,99001005
601,0,0,1,10053,610053201,1005311,6007,99001006,"2020/06/30 15:00:00",1,"2030/04/01 14:59:59","페텔기우스 1마리를 쓰러뜨리자(HARD 한정)",9001,99001006
601,0,0,1,10053,610053301,1005312,6010,99001007,"2020/06/30 15:00:00",1,"2030/04/01 14:59:59","페텔기우스 1마리를 쓰러뜨리자(VERY HARD 한정)",9001,99001007
601,0,0,1,10053,610053401,1005313,6011,99001008,"2020/06/30 15:00:00",1,"2030/04/01 14:59:59","페텔기우스 1마리를 쓰러뜨리자(SPECIAL 한정)",9001,99001008
601,0,0,1,20015,660015101,1004310,8006,99001009,"2020/07/30 15:00:00",1,"2030/04/01 14:59:59","비의 신 1마리를 쓰러뜨리자(NORMAL 한정)",9001,99001009
601,0,0,1,20015,660015201,1004311,8007,99001010,"2020/07/30 15:00:00",1,"2030/04/01 14:59:59","비의 신 1마리를 쓰러뜨리자(HARD 한정)",9001,99001010
601,0,0,1,20015,660015301,1004312,8010,99001011,"2020/07/30 15:00:00",1,"2030/04/01 14:59:59","비의 신 1마리를 쓰러뜨리자(VERY HARD 한정)",9001,99001011
601,0,0,1,10043,610043401,1004313,6011,99001012,"2020/07/30 15:00:00",1,"2030/04/01 14:59:59","비의 신 1마리를 쓰러뜨리자(SPECIAL 한정)",9001,99001012
601,0,0,1,20016,660016101,1004510,8006,99001017,"2020/08/31 15:00:00",1,"2030/04/01 14:59:59","마지문 1마리를 쓰러뜨리자(NORMAL 한정)",9001,99001017
601,0,0,1,20016,660016201,1004511,8007,99001018,"2020/08/31 15:00:00",1,"2030/04/01 14:59:59","마지문 1마리를 쓰러뜨리자(HARD 한정)",9001,99001018
601,0,0,1,20016,660016301,1004512,8010,99001019,"2020/08/31 15:00:00",1,"2030/04/01 14:59:59","마지문 1마리를 쓰러뜨리자(VERY HARD 한정)",9001,99001019
601,0,0,1,10045,610045401,1004513,6011,99001020,"2020/08/31 15:00:00",1,"2030/04/01 14:59:59","마지문 1마리를 쓰러뜨리자(SPECIAL 한정)",9001,99001020
601,0,0,1,10021,0,14,6001,99001021,"2029/08/31 15:00:00",1,"2030/04/01 14:59:59","카오리의 마부이식 공수도장에서 누적 점수 300,000이상 획득",0,99001021
601,0,0,1,10021,0,15,6001,99001022,"2029/08/31 15:00:00",1,"2030/04/01 14:59:59","카오리의 마부이식 공수도장에서 한 번에 70,000점 이상 획득",0,99001022
601,0,0,1,20017,660017101,1004710,6006,99001023,"2020/09/29 15:00:00",1,"2030/04/01 14:59:59","느긋한 만드라고라 1마리를 쓰러뜨리자  (NORMAL 한정)",9001,99001023
601,0,0,1,20017,660017201,1004711,6007,99001024,"2020/09/29 15:00:00",1,"2030/04/01 14:59:59","느긋한 만드라고라 1마리를 쓰러뜨리자  (HARD 한정)",9001,99001024
601,0,0,1,20017,660017301,1004712,6010,99001025,"2020/09/29 15:00:00",1,"2030/04/01 14:59:59","느긋한 만드라고라 1마리를 쓰러뜨리자  (VERY HARD 한정)",9001,99001025
601,0,0,1,10047,610047401,1004713,6011,99001026,"2020/09/29 15:00:00",1,"2030/04/01 14:59:59","느긋한 만드라고라 1마리를 쓰러뜨리자  (SPECIAL 한정)",9001,99001026
601,0,0,1,20018,660018101,1004910,6006,99001027,"2020/10/29 15:00:00",1,"2030/04/01 14:59:59","팬텀바론 1마리를 쓰러뜨리자(NORMAL 한정)",9001,99001027
601,0,0,1,20018,660018201,1004911,6007,99001028,"2020/10/29 15:00:00",1,"2030/04/01 14:59:59","팬텀바론 1마리를 쓰러뜨리자(HARD 한정)",9001,99001028
601,0,0,1,20018,660018301,1004912,6010,99001029,"2020/10/29 15:00:00",1,"2030/04/01 14:59:59","팬텀바론 1마리를 쓰러뜨리자(VERY HARD 한정)",9001,99001029
601,0,0,1,10049,610049401,1004913,6011,99001030,"2020/10/29 15:00:00",1,"2030/04/01 14:59:59","팬텀바론 1마리를 쓰러뜨리자(SPECIAL 한정)",9001,99001030
601,0,0,1,20019,660019101,1005110,6006,99001031,"2020/11/30 15:00:00",1,"2030/04/01 14:59:59","모조 드래곤 1마리를 쓰러뜨리자(NORMAL 한정)",9001,99001031
601,0,0,1,20019,660019201,1005111,6007,99001032,"2020/11/30 15:00:00",1,"2030/04/01 14:59:59","모조 드래곤 1마리를 쓰러뜨리자(HARD 한정)",9001,99001032
601,0,0,1,20019,660019301,1005112,6010,99001033,"2020/11/30 15:00:00",1,"2030/04/01 14:59:59","모조 드래곤 1마리를 쓰러뜨리자(VERY HARD 한정)",9001,99001033
601,0,0,1,10051,610051401,1005113,6011,99001034,"2020/11/30 15:00:00",1,"2030/04/01 14:59:59","모조 드래곤 1마리를 쓰러뜨리자(SPECIAL 한정)",9001,99001034
601,0,0,1,10021,0,14,6001,99001039,"2029/11/30 15:00:00",1,"2030/12/14 14:59:59","끝말잇기 드래곤즈에서 누적 스코어를 300,000이상 획득",0,99001039
601,0,0,1,10021,0,15,6001,99001040,"2029/11/30 15:00:00",1,"2030/12/14 14:59:59","끝말잇기 드래곤즈 단어 도감에서 286 단어 모으기",0,99001040
601,0,0,1,10021,0,15,6001,99001041,"2029/11/30 15:00:00",1,"2030/12/14 14:59:59","끝말잇기 드래곤즈 단어 도감에서 572 단어 모으기",0,99001041
601,0,0,1,20020,660020101,1005510,6006,99001042,"2020/12/29 15:00:00",1,"2030/04/01 14:59:59","순록 벤데타 1마리를 쓰러뜨리자(NORMAL 한정)",9001,99001042
601,0,0,1,20020,660020201,1005511,6007,99001043,"2020/12/29 15:00:00",1,"2030/04/01 14:59:59","순록 벤데타 1마리를 쓰러뜨리자(HARD 한정)",9001,99001043
601,0,0,1,20020,660020301,1005512,6010,99001044,"2020/12/29 15:00:00",1,"2030/04/01 14:59:59","순록 벤데타 1마리를 쓰러뜨리자(VERY HARD 한정)",9001,99001044
601,0,0,1,10055,610055401,1005513,6011,99001045,"2020/12/29 15:00:00",1,"2030/04/01 14:59:59","순록 벤데타 1마리를 쓰러뜨리자(SPECIAL 한정)",9001,99001045
601,0,0,1,20021,660021101,1005710,6006,99001046,"2021/01/28 15:00:00",1,"2030/04/01 14:59:59","산신령 1마리를 쓰러뜨리자(NORMAL 한정)",9001,99001046
601,0,0,1,20021,660021201,1005711,6007,99001047,"2021/01/28 15:00:00",1,"2030/04/01 14:59:59","산신령 1마리를 쓰러뜨리자(HARD 한정)",9001,99001047
601,0,0,1,20021,660021301,1005712,6010,99001048,"2021/01/28 15:00:00",1,"2030/04/01 14:59:59","산신령 1마리를 쓰러뜨리자(VERY HARD 한정)",9001,99001048
601,0,0,1,10057,610057401,1005713,6011,99001049,"2021/01/28 15:00:00",1,"2030/04/01 14:59:59","산신령 1마리를 쓰러뜨리자(SPECIAL 한정)",9001,99001049
601,0,0,1,20022,660022101,1006010,6006,99001051,"2021/03/02 15:00:00",1,"2030/04/01 14:59:59","안티 비스트 1마리를 쓰러뜨리자(NORMAL 한정)",9001,99001051
601,0,0,1,20022,660022201,1006011,6007,99001052,"2021/03/02 15:00:00",1,"2030/04/01 14:59:59","안티 비스트 1마리를 쓰러뜨리자(HARD 한정)",9001,99001052
601,0,0,1,20022,660022301,1006012,6010,99001053,"2021/03/02 15:00:00",1,"2030/04/01 14:59:59","안티 비스트 1마리를 쓰러뜨리자(VERY HARD 한정)",9001,99001053
601,0,0,1,10060,610060401,1006013,6011,99001054,"2021/03/02 15:00:00",1,"2030/04/01 14:59:59","안티 비스트 1마리를 쓰러뜨리자(SPECIAL 한정)",9001,99001054
601,0,0,1,10062,610062101,1006210,6006,99001055,"2021/03/30 15:00:00",1,"2030/04/01 14:59:59","라우드 라팡을 1마리 쓰러뜨리자(NORMAL 한정)",9001,99001055
601,0,0,1,10062,610062201,1006211,6007,99001056,"2021/03/30 15:00:00",1,"2030/04/01 14:59:59","라우드 라팡을 1마리 쓰러뜨리자(HARD 한정)",9001,99001056
601,0,0,1,10062,610062301,1006212,6010,99001057,"2021/03/30 15:00:00",1,"2030/04/01 14:59:59","라우드 라팡을 1마리 쓰러뜨리자(VERY HARD 한정)",9001,99001057
601,0,0,1,10062,610062401,1006213,6011,99001058,"2021/03/30 15:00:00",1,"2030/04/01 14:59:59","라우드 라팡을 1마리 쓰러뜨리자(SPECIAL 한정)",9001,99001058
601,0,0,1,10063,610063101,1006310,6006,99001059,"2021/04/11 15:00:00",1,"2030/04/01 14:59:59","갈등의 덩굴 우에키를 1마리 쓰러뜨리자(NORMAL 한정)",9001,99001059
601,0,0,1,10063,610063201,1006311,6007,99001060,"2021/04/11 15:00:00",1,"2030/04/01 14:59:59","갈등의 덩굴 우에키를 1마리 쓰러뜨리자(HARD 한정)",9001,99001060
601,0,0,1,10063,610063301,1006312,6010,99001061,"2021/04/11 15:00:00",1,"2030/04/01 14:59:59","갈등의 덩굴 우에키를 1마리 쓰러뜨리자(VERY HARD 한정)",9001,99001061
601,0,0,1,10063,610063401,1006313,6011,99001062,"2021/04/11 15:00:00",1,"2030/04/01 14:59:59","갈등의 덩굴 우에키를 1마리 쓰러뜨리자(SPECIAL 한정)",9001,99001062
601,0,0,1,20023,660023101,1006510,6006,99001063,"2021/04/29 15:00:00",1,"2030/04/01 14:59:59","단짝X를 1마리 쓰러뜨리자(NORMAL 한정)",9001,99001063
601,0,0,1,20023,660023201,1006511,6007,99001064,"2021/04/29 15:00:00",1,"2030/04/01 14:59:59","단짝X를 1마리 쓰러뜨리자(HARD 한정)",9001,99001064
601,0,0,1,20023,660023301,1006512,6010,99001065,"2021/04/29 15:00:00",1,"2030/04/01 14:59:59","단짝X를 1마리 쓰러뜨리자(VERY HARD 한정)",9001,99001065
601,0,0,1,10065,610065401,1006513,6011,99001066,"2021/04/29 15:00:00",1,"2030/04/01 14:59:59","단짝X를 1마리 쓰러뜨리자(SPECIAL 한정)",9001,99001066
601,0,0,1,20024,660024101,1006710,6006,99001067,"2021/05/31 15:00:00",1,"2030/04/01 14:59:59","닌자 두목 한조를 1마리 쓰러뜨리자(NORMAL 한정)",9001,99001067
601,0,0,1,20024,660024201,1006711,6007,99001068,"2021/05/31 15:00:00",1,"2030/04/01 14:59:59","닌자 두목 한조를 1마리 쓰러뜨리자(HARD 한정)",9001,99001068
601,0,0,1,20024,660024301,1006712,6010,99001069,"2021/05/31 15:00:00",1,"2030/04/01 14:59:59","닌자 두목 한조를 1마리 쓰러뜨리자(VERY HARD 한정)",9001,99001069
601,0,0,1,10067,610067401,1006713,6011,99001070,"2021/05/31 15:00:00",1,"2030/04/01 14:59:59","닌자 두목 한조를 1마리 쓰러뜨리자(SPECIAL 한정)",9001,99001070
601,0,0,1,10040,0,14,6001,99001071,"2029/04/01 15:00:00",1,"2030/04/01 14:59:59","찍찍 패닉! 치즈 지키기 대작전! 에서 누적 점수 192,000점 이상 획득",0,99001071
601,0,0,1,10040,0,14,6001,99001072,"2029/04/01 15:00:00",1,"2030/04/01 14:59:59","찍찍 패닉! 치즈 지키기 대작전! 에서 누적 점수 480,000점 이상 획득",0,99001072
601,0,0,1,10040,0,15,6001,99001073,"2029/04/01 15:00:00",1,"2030/04/01 14:59:59","찍찍 패닉! 치즈 지키기 대작전! 에서 누적 코인 5,000개 이상 획득",0,99001073
601,0,0,1,20025,660025101,1006910,6006,99001074,"2021/07/01 15:00:00",1,"2030/04/01 14:59:59","흑의 왕 재버워크를 1마리 쓰러뜨리자(NORMAL 한정)",9001,99001074
601,0,0,1,20025,660025201,1006911,6007,99001075,"2021/07/01 15:00:00",1,"2030/04/01 14:59:59","흑의 왕 재버워크를 1마리 쓰러뜨리자(HARD 한정)",9001,99001075
601,0,0,1,20025,660025301,1006912,6010,99001076,"2021/07/01 15:00:00",1,"2030/04/01 14:59:59","흑의 왕 재버워크를 1마리 쓰러뜨리자(VERY HARD 한정)",9001,99001076
601,0,0,1,10069,610069401,1006913,6011,99001077,"2021/07/01 15:00:00",1,"2030/04/01 14:59:59","흑의 왕 재버워크를 1마리 쓰러뜨리자(SPECIAL 한정)",9001,99001077
601,0,0,1,20026,660026101,1007110,6006,99001078,"2021/08/02 15:00:00",1,"2030/04/01 14:59:59","각성 바람기 별을 1마리 쓰러뜨리자(NORMAL 한정)",9001,99001078
601,0,0,1,20026,660026201,1007111,6007,99001079,"2021/08/02 15:00:00",1,"2030/04/01 14:59:59","각성 바람기 별을 1마리 쓰러뜨리자(HARD 한정)",9001,99001079
601,0,0,1,20026,660026301,1007112,6010,99001080,"2021/08/02 15:00:00",1,"2030/04/01 14:59:59","각성 바람기 별을 1마리 쓰러뜨리자(VERY HARD 한정)",9001,99001080
601,0,0,1,10071,610071401,1007113,6011,99001081,"2021/08/02 15:00:00",1,"2030/04/01 14:59:59","각성 바람기 별을 1마리 쓰러뜨리자(SPECIAL 한정)",9001,99001081
601,0,0,1,20027,660027101,1007310,6006,99001082,"2021/09/01 15:00:00",1,"2030/04/01 14:59:59","물가의 폭군 사메키치를 1마리 쓰러뜨리자(NORMAL 한정)",9001,99001082
601,0,0,1,20027,660027201,1007311,6007,99001083,"2021/09/01 15:00:00",1,"2030/04/01 14:59:59","물가의 폭군 사메키치를 1마리 쓰러뜨리자(HARD 한정)",9001,99001083
601,0,0,1,20027,660027301,1007312,6010,99001084,"2021/09/01 15:00:00",1,"2030/04/01 14:59:59","물가의 폭군 사메키치를 1마리 쓰러뜨리자(VERY HARD 한정)",9001,99001084
601,0,0,1,10073,610073401,1007313,6011,99001085,"2021/09/01 15:00:00",1,"2030/04/01 14:59:59","물가의 폭군 사메키치를 1마리 쓰러뜨리자(SPECIAL 한정)",9001,99001085
601,0,0,1,10021,0,14,6001,99001086,"2029/04/01 15:00:00",1,"2030/04/01 14:59:59","맹훈 타격도! 미사토의 홈런 연습에서 누적 점수 50,000점 이상 획득",0,99001086
601,0,0,1,10021,0,14,6001,99001087,"2029/04/01 15:00:00",1,"2030/04/01 14:59:59","맹훈 타격도! 미사토의 홈런 연습 NORMAL에서 조건 달성",0,99001087
601,0,0,1,10021,0,14,6001,99001088,"2029/04/01 15:00:00",1,"2030/04/01 14:59:59","맹훈 타격도! 미사토의 홈런 연습 HARD에서 조건 달성",0,99001088
601,0,0,1,10021,0,14,6001,99001089,"2029/04/01 15:00:00",1,"2030/04/01 14:59:59","맹훈 타격도! 미사토의 홈런 연습 VERY HARD에서 조건 달성",0,99001089
601,0,0,1,10021,0,14,6001,99001090,"2029/04/01 15:00:00",1,"2030/04/01 14:59:59","맹훈 타격도! 미사토의 홈런 연습 EXTRA에서 조건 달성",0,99001090
601,0,0,1,20028,660028101,1007510,6006,99001091,"2021/10/02 15:00:00",1,"2030/04/01 14:59:59","폭주 이노센트 보우를 1마리 쓰러뜨리자(NORMAL 한정)",9001,99001091
601,0,0,1,20028,660028201,1007511,6007,99001092,"2021/10/02 15:00:00",1,"2030/04/01 14:59:59","폭주 이노센트 보우를 1마리 쓰러뜨리자(HARD 한정)",9001,99001092
601,0,0,1,20028,660028301,1007512,6010,99001093,"2021/10/02 15:00:00",1,"2030/04/01 14:59:59","폭주 이노센트 보우를 1마리 쓰러뜨리자(VERY HARD 한정)",9001,99001093
601,0,0,1,10075,610075401,1007513,6011,99001094,"2021/10/02 15:00:00",1,"2030/04/01 14:59:59","폭주 이노센트 보우를 1마리 쓰러뜨리자(SPECIAL 한정)",9001,99001094
601,0,0,1,20029,660029101,1007710,6006,99001095,"2021/11/01 15:00:00",1,"2030/04/01 14:59:59","소리치는 공포의 고스트 파더를 1마리 쓰러뜨리자(NORMAL 한정)",9001,99001095
601,0,0,1,20029,660029201,1007711,6007,99001096,"2021/11/01 15:00:00",1,"2030/04/01 14:59:59","소리치는 공포의 고스트 파더를 1마리 쓰러뜨리자(HARD 한정)",9001,99001096
601,0,0,1,20029,660029301,1007712,6010,99001097,"2021/11/01 15:00:00",1,"2030/04/01 14:59:59","소리치는 공포의 고스트 파더를 1마리 쓰러뜨리자(VERY HARD 한정)",9001,99001097
601,0,0,1,10077,610077401,1007713,6011,99001098,"2021/11/01 15:00:00",1,"2030/04/01 14:59:59","소리치는 공포의 고스트 파더를 1마리 쓰러뜨리자(SPECIAL 한정)",9001,99001098
601,0,0,1,20030,660030101,1007910,6006,99001099,"2021/12/01 15:00:00",1,"2030/04/01 14:59:59","안티 비스트 de M을 1마리 쓰러뜨리자(NORMAL 한정)",9001,99001099
601,0,0,1,20030,660030201,1007911,6007,99001100,"2021/12/01 15:00:00",1,"2030/04/01 14:59:59","안티 비스트 de M을 1마리 쓰러뜨리자(HARD 한정)",9001,99001100
601,0,0,1,20030,660030301,1007912,6010,99001101,"2021/12/01 15:00:00",1,"2030/04/01 14:59:59","안티 비스트 de M을 1마리 쓰러뜨리자(VERY HARD 한정)",9001,99001101
601,0,0,1,10079,610079401,1007913,6011,99001102,"2021/12/01 15:00:00",1,"2030/04/01 14:59:59","안티 비스트 de M을 1마리 쓰러뜨리자(SPECIAL 한정)",9001,99001102
601,0,0,1,20031,660031101,1008110,6006,99001103,"2021/12/30 15:00:00",1,"2030/04/01 14:59:59","도미네이티드 스노우맨을 1마리 쓰러뜨리자(NORMAL 한정)",9001,99001103
601,0,0,1,20031,660031201,1008111,6007,99001104,"2021/12/30 15:00:00",1,"2030/04/01 14:59:59","도미네이티드 스노우맨을 1마리 쓰러뜨리자(HARD 한정)",9001,99001104
601,0,0,1,20031,660031301,1008112,6010,99001105,"2021/12/30 15:00:00",1,"2030/04/01 14:59:59","도미네이티드 스노우맨을 1마리 쓰러뜨리자(VERY HARD 한정)",9001,99001105
601,0,0,1,10081,610081401,1008113,6011,99001106,"2021/12/30 15:00:00",1,"2030/04/01 14:59:59","도미네이티드 스노우맨을 1마리 쓰러뜨리자(SPECIAL 한정)",9001,99001106
601,0,0,1,20032,660032101,1008310,6006,99001107,"2022/01/28 15:00:00",1,"2030/04/01 14:59:59","그레이트 툰누스를 1마리 쓰러뜨리자(NORMAL 한정)",9001,99001107
601,0,0,1,20032,660032201,1008311,6007,99001108,"2022/01/28 15:00:00",1,"2030/04/01 14:59:59","그레이트 툰누스를 1마리 쓰러뜨리자(HARD 한정)",9001,99001108
601,0,0,1,20032,660032301,1008312,6010,99001109,"2022/01/28 15:00:00",1,"2030/04/01 14:59:59","그레이트 툰누스를 1마리 쓰러뜨리자(VERY HARD 한정)",9001,99001109
601,0,0,1,10083,610083401,1008313,6011,99001110,"2022/01/28 15:00:00",1,"2030/04/01 14:59:59","그레이트 툰누스를 1마리 쓰러뜨리자(SPECIAL 한정)",9001,99001110
601,0,0,1,20033,660033101,1008610,6006,99001111,"2022/02/28 15:00:00",1,"2030/04/01 14:59:59","제너럴 혼을 1마리 쓰러뜨리자(NORMAL 한정)",9001,99001111
601,0,0,1,20033,660033201,1008611,6007,99001112,"2022/02/28 15:00:00",1,"2030/04/01 14:59:59","제너럴 혼을 1마리 쓰러뜨리자(HARD 한정)",9001,99001112
601,0,0,1,20033,660033301,1008612,6010,99001113,"2022/02/28 15:00:00",1,"2030/04/01 14:59:59","제너럴 혼을 1마리 쓰러뜨리자(VERY HARD 한정)",9001,99001113
601,0,0,1,10086,610086401,1008613,6011,99001114,"2022/02/28 15:00:00",1,"2030/04/01 14:59:59","제너럴 혼을 1마리 쓰러뜨리자(SPECIAL 한정)",9001,99001114
601,0,0,1,20034,660034101,1008710,6006,99001115,"2022/03/10 15:00:00",1,"2030/04/01 14:59:59","흑풍의 정령을 1마리 쓰러뜨리자(NORMAL 한정)",9001,99001115
601,0,0,1,20034,660034201,1008711,6007,99001116,"2022/03/10 15:00:00",1,"2030/04/01 14:59:59","흑풍의 정령을 1마리 쓰러뜨리자(HARD 한정)",9001,99001116
601,0,0,1,20034,660034301,1008712,6010,99001117,"2022/03/10 15:00:00",1,"2030/04/01 14:59:59","흑풍의 정령을 1마리 쓰러뜨리자(VERY HARD 한정)",9001,99001117
601,0,0,1,10087,610087401,1008713,6011,99001118,"2022/03/10 15:00:00",1,"2030/04/01 14:59:59","흑풍의 정령을 1마리 쓰러뜨리자(SPECIAL 한정)",9001,99001118
601,0,0,1,20035,660035101,1008910,6006,99001119,"2022/03/28 15:00:00",1,"2030/04/01 14:59:59","마물 공주를 1마리 쓰러뜨리자(NORMAL 한정)",9001,99001119
601,0,0,1,20035,660035201,1008911,6007,99001120,"2022/03/28 15:00:00",1,"2030/04/01 14:59:59","마물 공주를 1마리 쓰러뜨리자(HARD 한정)",9001,99001120
601,0,0,1,20035,660035301,1008912,6010,99001121,"2022/03/28 15:00:00",1,"2030/04/01 14:59:59","마물 공주를 1마리 쓰러뜨리자(VERY HARD 한정)",9001,99001121
601,0,0,1,10089,610089401,1008913,6011,99001122,"2022/03/28 15:00:00",1,"2030/04/01 14:59:59","마물 공주를 1마리 쓰러뜨리자(SPECIAL 한정)",9001,99001122
601,0,0,1,20036,660036101,1009110,6006,99001123,"2022/04/28 15:00:00",1,"2030/04/01 14:59:59","이름도 없는 예술을 1마리 쓰러뜨리자(NORMAL 한정)",9001,99001123
601,0,0,1,20036,660036201,1009111,6007,99001124,"2022/04/28 15:00:00",1,"2030/04/01 14:59:59","이름도 없는 예술을 1마리 쓰러뜨리자(HARD 한정)",9001,99001124
601,0,0,1,20036,660036301,1009112,6010,99001125,"2022/04/28 15:00:00",1,"2030/04/01 14:59:59","이름도 없는 예술을 1마리 쓰러뜨리자(VERY HARD 한정)",9001,99001125
601,0,0,1,10091,610091401,1009113,6011,99001126,"2022/04/28 15:00:00",1,"2030/04/01 14:59:59","이름도 없는 예술을 1마리 쓰러뜨리자(SPECIAL 한정)",9001,99001126
601,0,0,1,20037,660037101,1009310,6006,99001127,"2022/05/30 15:00:00",1,"2030/04/01 14:59:59","버스트ㆍ타임 라베를 1마리 쓰러뜨리자(NORMAL 한정)",9001,99001127
601,0,0,1,20037,660037201,1009311,6007,99001128,"2022/05/30 15:00:00",1,"2030/04/01 14:59:59","버스트ㆍ타임 라베를 1마리 쓰러뜨리자(HARD 한정)",9001,99001128
601,0,0,1,20037,660037301,1009312,6010,99001129,"2022/05/30 15:00:00",1,"2030/04/01 14:59:59","버스트ㆍ타임 라베를 1마리 쓰러뜨리자(VERY HARD 한정)",9001,99001129
601,0,0,1,10093,610093401,1009313,6011,99001130,"2022/05/30 15:00:00",1,"2030/04/01 14:59:59","버스트ㆍ타임 라베를 1마리 쓰러뜨리자(SPECIAL 한정)",9001,99001130
601,0,0,1,10066,0,15,6001,99001131,"2029/04/01 15:00:00",1,"2030/04/01 14:59:59","끝말잇기 드래곤즈 단어 도감에서 756 단어 모으기",0,99001131
601,0,0,1,20038,660038101,1009510,6006,99001132,"2022/06/30 15:00:00",1,"2030/04/01 14:59:59","궁극의 장난감 왕 메가 토이킹 1마리를 쓰러뜨리자(NORMAL 한정)",9001,99001132
601,0,0,1,20038,660038201,1009511,6007,99001133,"2022/06/30 15:00:00",1,"2030/04/01 14:59:59","궁극의 장난감 왕 메가 토이킹 1마리를 쓰러뜨리자(HARD 한정)",9001,99001133
601,0,0,1,20038,660038301,1009512,6010,99001134,"2022/06/30 15:00:00",1,"2030/04/01 14:59:59","궁극의 장난감 왕 메가 토이킹 1마리를 쓰러뜨리자(VERY HARD 한정)",9001,99001134
601,0,0,1,10095,610095401,1009513,6011,99001135,"2022/06/30 15:00:00",1,"2030/04/01 14:59:59","궁극의 장난감 왕 메가 토이킹 1마리를 쓰러뜨리자(SPECIAL 한정)",9001,99001135
601,0,0,1,20039,660039101,1009710,6006,99001136,"2022/07/29 15:00:00",1,"2030/04/01 14:59:59","자신 있는 숙제를 1회 마치자",9001,99001136
601,0,0,1,20039,660039201,1009711,6007,99001137,"2022/07/29 15:00:00",1,"2030/04/01 14:59:59","조금 자신 없는 숙제를 1회 마치자",9001,99001137
601,0,0,1,20039,660039301,1009712,6010,99001138,"2022/07/29 15:00:00",1,"2030/04/01 14:59:59","굉장히 자신 없는 숙제를 1회 마치자",9001,99001138
601,0,0,1,10097,610097401,1009713,6011,99001139,"2022/07/29 15:00:00",1,"2030/04/01 14:59:59","여름방학 끝까지 남은 숙제를 1회 마치자",9001,99001139
601,0,0,1,10097,0,15,6001,99001140,"2029/04/01 15:00:00",1,"2030/04/01 14:59:59","여름방학 그림일기를 전부 열람하자",0,99001140
601,0,0,1,20040,660040101,1009910,6006,99001142,"2022/08/29 15:00:00",1,"2030/04/01 14:59:59","퀸 노래 해파리 1마리를 쓰러뜨리자(NORMAL 한정)",9001,99001142
601,0,0,1,20040,660040201,1009911,6007,99001143,"2022/08/29 15:00:00",1,"2030/04/01 14:59:59","퀸 노래 해파리 1마리를 쓰러뜨리자(HARD 한정)",9001,99001143
601,0,0,1,20040,660040301,1009912,6010,99001144,"2022/08/29 15:00:00",1,"2030/04/01 14:59:59","퀸 노래 해파리 1마리를 쓰러뜨리자(VERY HARD 한정)",9001,99001144
601,0,0,1,10099,610099401,1009913,6011,99001145,"2022/08/29 15:00:00",1,"2030/04/01 14:59:59","퀸 노래 해파리 1마리를 쓰러뜨리자(SPECIAL 한정)",9001,99001145
601,0,0,1,10072,0,14,6001,99001146,"2029/04/01 15:00:00",1,"2030/04/01 14:59:59","굿즈 에어리어에서 전체 굿즈의 50%를 획득하자",0,99001146
601,0,0,1,10072,0,14,6001,99001147,"2029/04/01 15:00:00",1,"2030/04/01 14:59:59","굿즈 에어리어에서 모든 종류의 굿즈를 획득하자",0,99001147
601,0,0,1,20041,660041101,1010110,6006,99001148,"2022/09/29 15:00:00",1,"2030/04/01 14:59:59","닥터 기글 1마리를 쓰러뜨리자(NORMAL 한정)",9001,99001148
601,0,0,1,20041,660041201,1010111,6007,99001149,"2022/09/29 15:00:00",1,"2030/04/01 14:59:59","닥터 기글 1마리를 쓰러뜨리자(HARD 한정)",9001,99001149
601,0,0,1,20041,660041301,1010112,6010,99001150,"2022/09/29 15:00:00",1,"2030/04/01 14:59:59","닥터 기글 1마리를 쓰러뜨리자(VERY HARD 한정)",9001,99001150
601,0,0,1,10101,610101401,1010113,6011,99001151,"2022/09/29 15:00:00",1,"2030/04/01 14:59:59","닥터 기글 1마리를 쓰러뜨리자(SPECIAL 한정)",9001,99001151
601,0,0,1,20042,660042101,1010310,6006,99001152,"2022/10/31 15:00:00",1,"2030/04/01 14:59:59","슬프고 난폭한 솜사탕 1마리를 쓰러뜨리자(NORMAL 한정)",9001,99001152
601,0,0,1,20042,660042201,1010311,6007,99001153,"2022/10/31 15:00:00",1,"2030/04/01 14:59:59","슬프고 난폭한 솜사탕 1마리를 쓰러뜨리자(HARD 한정)",9001,99001153
601,0,0,1,20042,660042301,1010312,6010,99001154,"2022/10/31 15:00:00",1,"2030/04/01 14:59:59","슬프고 난폭한 솜사탕 1마리를 쓰러뜨리자(VERY HARD 한정)",9001,99001154
601,0,0,1,10103,610103401,1010313,6011,99001155,"2022/10/31 15:00:00",1,"2030/04/01 14:59:59","슬프고 난폭한 솜사탕 1마리를 쓰러뜨리자(SPECIAL 한정)",9001,99001155
601,0,0,1,20043,660043101,1010510,6006,99001156,"2022/12/01 15:00:00",1,"2030/04/01 14:59:59","안티 비스트 트리니티를 1마리 쓰러뜨리자(NORMAL 한정)",9001,99001156
601,0,0,1,20043,660043201,1010511,6007,99001157,"2022/12/01 15:00:00",1,"2030/04/01 14:59:59","안티 비스트 트리니티를 1마리 쓰러뜨리자(HARD 한정)",9001,99001157
601,0,0,1,20043,660043301,1010512,6010,99001158,"2022/12/01 15:00:00",1,"2030/04/01 14:59:59","안티 비스트 트리니티를 1마리 쓰러뜨리자(VERY HARD 한정)",9001,99001158
601,0,0,1,10105,610105401,1010513,6011,99001159,"2022/12/01 15:00:00",1,"2030/04/01 14:59:59","안티 비스트 트리니티를 1마리 쓰러뜨리자(SPECIAL 한정)",9001,99001159
601,0,0,1,20044,660044101,1010710,6006,99001160,"2022/12/29 15:00:00",1,"2030/04/01 14:59:59","외톨이 크리스마스이브의 요정 1마리를 쓰러뜨리자(NORMAL 한정)",9001,99001160
601,0,0,1,20044,660044201,1010711,6007,99001161,"2022/12/29 15:00:00",1,"2030/04/01 14:59:59","외톨이 크리스마스이브의 요정 1마리를 쓰러뜨리자(HARD 한정)",9001,99001161
601,0,0,1,20044,660044301,1010712,6010,99001162,"2022/12/29 15:00:00",1,"2030/04/01 14:59:59","외톨이 크리스마스이브의 요정 1마리를 쓰러뜨리자(VERY HARD 한정)",9001,99001162
601,0,0,1,10107,610107401,1010713,6011,99001163,"2022/12/29 15:00:00",1,"2030/04/01 14:59:59","외톨이 크리스마스이브의 요정 1마리를 쓰러뜨리자(SPECIAL 한정)",9001,99001163
601,0,0,1,10080,0,14,6001,99001164,"2029/04/01 15:00:00",1,"2030/04/01 14:59:59","푸딩을 전체 66종류 모으자",0,99001164
601,0,0,1,10080,0,14,6001,99001165,"2029/04/01 15:00:00",1,"2030/04/01 14:59:59","푸딩 노트를 100% 완성하자",0,99001165
601,0,0,1,20045,660045101,1010910,6006,99001166,"2023/01/30 15:00:00",1,"2030/04/01 14:59:59","간악한 소의 신 모몽 1마리를 쓰러뜨리자(NORMAL 한정)",9001,99001166
601,0,0,1,20045,660045201,1010911,6007,99001167,"2023/01/30 15:00:00",1,"2030/04/01 14:59:59","간악한 소의 신 모몽 1마리를 쓰러뜨리자(HARD 한정)",9001,99001167
601,0,0,1,20045,660045301,1010912,6010,99001168,"2023/01/30 15:00:00",1,"2030/04/01 14:59:59","간악한 소의 신 모몽 1마리를 쓰러뜨리자(VERY HARD 한정)",9001,99001168
601,0,0,1,10109,610109401,1010913,6011,99001169,"2023/01/30 15:00:00",1,"2030/04/01 14:59:59","간악한 소의 신 모몽 1마리를 쓰러뜨리자(SPECIAL 한정)",9001,99001169
601,0,0,1,20046,660046101,1011210,6006,99001170,"2023/03/02 15:00:00",1,"2030/04/01 14:59:59","그레이터 골렘 1마리를 쓰러뜨리자(NORMAL 한정)",9001,99001170
601,0,0,1,20046,660046201,1011211,6007,99001171,"2023/03/02 15:00:00",1,"2030/04/01 14:59:59","그레이터 골렘 1마리를 쓰러뜨리자(HARD 한정)",9001,99001171
601,0,0,1,20046,660046301,1011212,6010,99001172,"2023/03/02 15:00:00",1,"2030/04/01 14:59:59","그레이터 골렘 1마리를 쓰러뜨리자(VERY HARD 한정)",9001,99001172
601,0,0,1,10112,610112401,1011213,6011,99001173,"2023/03/02 15:00:00",1,"2030/04/01 14:59:59","그레이터 골렘 1마리를 쓰러뜨리자(SPECIAL 한정)",9001,99001173
601,0,0,1,20047,660047101,1011310,6006,99001174,"2023/03/09 15:00:00",1,"2030/04/01 14:59:59","오버로드 포스 1마리를 쓰러뜨리자(NORMAL 한정)",9001,99001174
601,0,0,1,20047,660047201,1011311,6007,99001175,"2023/03/09 15:00:00",1,"2030/04/01 14:59:59","오버로드 포스 1마리를 쓰러뜨리자(HARD 한정)",9001,99001175
601,0,0,1,20047,660047301,1011312,6010,99001176,"2023/03/09 15:00:00",1,"2030/04/01 14:59:59","오버로드 포스 1마리를 쓰러뜨리자(VERY HARD 한정)",9001,99001176
601,0,0,1,10113,610113401,1011313,6011,99001177,"2023/03/09 15:00:00",1,"2030/04/01 14:59:59","오버로드 포스 1마리를 쓰러뜨리자(SPECIAL 한정)",9001,99001177
601,0,0,1,20048,660048101,1011510,6006,99001178,"2023/03/29 15:00:00",1,"2030/04/01 14:59:59","복수의 쥐ㆍ노발대발 츄우지 1마리를 쓰러뜨리자(NORMAL 한정)",9001,99001178
601,0,0,1,20048,660048201,1011511,6007,99001179,"2023/03/29 15:00:00",1,"2030/04/01 14:59:59","복수의 쥐ㆍ노발대발 츄우지 1마리를 쓰러뜨리자(HARD 한정)",9001,99001179
601,0,0,1,20048,660048301,1011512,6010,99001180,"2023/03/29 15:00:00",1,"2030/04/01 14:59:59","복수의 쥐ㆍ노발대발 츄우지 1마리를 쓰러뜨리자(VERY HARD 한정)",9001,99001180
601,0,0,1,10115,610115401,1011513,6011,99001181,"2023/03/29 15:00:00",1,"2030/04/01 14:59:59","복수의 쥐ㆍ노발대발 츄우지 1마리를 쓰러뜨리자(SPECIAL 한정)",9001,99001181
601,0,0,1,20049,660049101,1011710,6006,99001182,"2023/05/02 15:00:00",1,"2030/04/01 14:59:59","탐욕폭군 카지노 왕 1마리를 쓰러뜨리자(NORMAL 한정)",9001,99001182
601,0,0,1,20049,660049201,1011711,6007,99001183,"2023/05/02 15:00:00",1,"2030/04/01 14:59:59","탐욕폭군 카지노 왕 1마리를 쓰러뜨리자(HARD 한정)",9001,99001183
601,0,0,1,20049,660049301,1011712,6010,99001184,"2023/05/02 15:00:00",1,"2030/04/01 14:59:59","탐욕폭군 카지노 왕 1마리를 쓰러뜨리자(VERY HARD 한정)",9001,99001184
601,0,0,1,10117,610117401,1011713,6011,99001185,"2023/05/02 15:00:00",1,"2030/04/01 14:59:59","탐욕폭군 카지노 왕 1마리를 쓰러뜨리자(SPECIAL 한정)",9001,99001185
601,0,0,1,20050,660050101,1011910,6006,99001186,"2023/05/30 15:00:00",1,"2030/04/01 14:59:59","해방된 보물의 수호자 1마리를 쓰러뜨리자(NORMAL 한정)",9001,99001186
601,0,0,1,20050,660050201,1011911,6007,99001187,"2023/05/30 15:00:00",1,"2030/04/01 14:59:59","해방된 보물의 수호자 1마리를 쓰러뜨리자(HARD 한정)",9001,99001187
601,0,0,1,20050,660050301,1011912,6010,99001188,"2023/05/30 15:00:00",1,"2030/04/01 14:59:59","해방된 보물의 수호자 1마리를 쓰러뜨리자(VERY HARD 한정)",9001,99001188
601,0,0,1,10119,610119401,1011913,6011,99001189,"2023/05/30 15:00:00",1,"2030/04/01 14:59:59","해방된 보물의 수호자 1마리를 쓰러뜨리자(SPECIAL 한정)",9001,99001189
601,0,0,1,20051,660051101,1012110,6006,99001190,"2023/06/29 15:00:00",1,"2030/04/01 14:59:59","아스트라이아 모조 버섯 1마리를 쓰러뜨리자(NORMAL 한정)",9001,99001190
601,0,0,1,20051,660051201,1012111,6007,99001191,"2023/06/29 15:00:00",1,"2030/04/01 14:59:59","아스트라이아 모조 버섯 1마리를 쓰러뜨리자(HARD 한정)",9001,99001191
601,0,0,1,20051,660051301,1012112,6010,99001192,"2023/06/29 15:00:00",1,"2030/04/01 14:59:59","아스트라이아 모조 버섯 1마리를 쓰러뜨리자(VERY HARD 한정)",9001,99001192
601,0,0,1,10121,610121401,1012113,6011,99001193,"2023/06/29 15:00:00",1,"2030/04/01 14:59:59","아스트라이아 모조 버섯 1마리를 쓰러뜨리자(SPECIAL 한정)",9001,99001193
601,0,0,1,20052,660052101,1012310,6006,99001194,"2023/08/01 15:00:00",1,"2030/04/01 14:59:59","해상 장관 해마 커맨더 1마리를 쓰러뜨리자(NORMAL 한정)",9001,99001194
601,0,0,1,20052,660052201,1012311,6007,99001195,"2023/08/01 15:00:00",1,"2030/04/01 14:59:59","해상 장관 해마 커맨더 1마리를 쓰러뜨리자(HARD 한정)",9001,99001195
601,0,0,1,20052,660052301,1012312,6010,99001196,"2023/08/01 15:00:00",1,"2030/04/01 14:59:59","해상 장관 해마 커맨더 1마리를 쓰러뜨리자(VERY HARD 한정)",9001,99001196
601,0,0,1,10123,610123401,1012313,6011,99001197,"2023/08/01 15:00:00",1,"2030/04/01 14:59:59","해상 장관 해마 커맨더 1마리를 쓰러뜨리자(SPECIAL 한정)",9001,99001197
601,0,0,1,10096,0,14,6001,99001198,"2029/04/01 15:00:00",1,"2030/04/01 14:59:59","난이도 EXTRA에서 한 번에 스코어를 115,000점 이상 획득하자",0,99001198
601,0,0,1,10096,0,14,6001,99001199,"2029/04/01 15:00:00",1,"2030/04/01 14:59:59","난이도 EXTRA에서 한 번에 스코어를 135,000점 이상 획득하고 모든 라운드에서 1등으로 골인하자",0,99001199
601,0,0,1,20053,660053101,1012510,6006,99001200,"2023/08/30 15:00:00",1,"2030/04/01 14:59:59","문 레이 게이트 1마리를 쓰러뜨리자(NORMAL 한정)",9001,99001200
601,0,0,1,20053,660053201,1012511,6007,99001201,"2023/08/30 15:00:00",1,"2030/04/01 14:59:59","문 레이 게이트 1마리를 쓰러뜨리자(HARD 한정)",9001,99001201
601,0,0,1,20053,660053301,1012512,6010,99001202,"2023/08/30 15:00:00",1,"2030/04/01 14:59:59","문 레이 게이트 1마리를 쓰러뜨리자(VERY HARD 한정)",9001,99001202
601,0,0,1,10125,610125401,1012513,6011,99001203,"2023/08/30 15:00:00",1,"2030/04/01 14:59:59","문 레이 게이트 1마리를 쓰러뜨리자(SPECIAL 한정)",9001,99001203
601,0,0,1,10098,0,15,6001,99001204,"2029/04/01 15:00:00",1,"2030/04/01 14:59:59","뮤뮤 무럭무럭 일기를 모두 열람하자",0,99001204
601,0,0,1,20054,660054101,1012710,6006,99001205,"2023/09/25 15:00:00",1,"2030/04/01 14:59:59","애집의 바로메츠 1마리를 쓰러뜨리자(NORMAL 한정)",9001,99001205
601,0,0,1,20054,660054201,1012711,6007,99001206,"2023/09/25 15:00:00",1,"2030/04/01 14:59:59","애집의 바로메츠 1마리를 쓰러뜨리자(HARD 한정)",9001,99001206
601,0,0,1,20054,660054301,1012712,6010,99001207,"2023/09/25 15:00:00",1,"2030/04/01 14:59:59","애집의 바로메츠 1마리를 쓰러뜨리자(VERY HARD 한정)",9001,99001207
601,0,0,1,10127,610127401,1012713,6011,99001208,"2023/09/25 15:00:00",1,"2030/04/01 14:59:59","애집의 바로메츠 1마리를 쓰러뜨리자(SPECIAL 한정)",9001,99001208
601,0,0,1,20055,660055101,1012910,6006,99001209,"2023/11/02 15:00:00",1,"2030/04/01 14:59:59","광란의 스트리머ㆍ카가미를 1번 쓰러뜨리자(NORMAL 한정)",9001,99001209
601,0,0,1,20055,660055201,1012911,6007,99001210,"2023/11/02 15:00:00",1,"2030/04/01 14:59:59","광란의 스트리머ㆍ카가미를 1번 쓰러뜨리자(HARD 한정)",9001,99001210
601,0,0,1,20055,660055301,1012912,6010,99001211,"2023/11/02 15:00:00",1,"2030/04/01 14:59:59","광란의 스트리머ㆍ카가미를 1번 쓰러뜨리자(VERY HARD 한정)",9001,99001211
601,0,0,1,10129,610129401,1012913,6011,99001212,"2023/11/02 15:00:00",1,"2030/04/01 14:59:59","광란의 스트리머ㆍ카가미를 1번 쓰러뜨리자(SPECIAL 한정)",9001,99001212
601,0,0,1,20056,660056101,1013110,6006,99001213,"2023/11/30 15:00:00",1,"2030/04/01 14:59:59","흑요석 골렘 1마리를 쓰러뜨리자(NORMAL 한정)",9001,99001213
601,0,0,1,20056,660056201,1013111,6007,99001214,"2023/11/30 15:00:00",1,"2030/04/01 14:59:59","흑요석 골렘 1마리를 쓰러뜨리자(HARD 한정)",9001,99001214
601,0,0,1,20056,660056301,1013112,6010,99001215,"2023/11/30 15:00:00",1,"2030/04/01 14:59:59","흑요석 골렘 1마리를 쓰러뜨리자(VERY HARD 한정)",9001,99001215
601,0,0,1,10131,610131401,1013113,6011,99001216,"2023/11/30 15:00:00",1,"2030/04/01 14:59:59","흑요석 골렘 1마리를 쓰러뜨리자(SPECIAL 한정)",9001,99001216
601,0,0,1,20057,660057101,1013310,6006,99001217,"2023/12/28 15:00:00",1,"2030/04/01 14:59:59","언해피 트렌트 1마리를 쓰러뜨리자(NORMAL 한정)",9001,99001217
601,0,0,1,20057,660057201,1013311,6007,99001218,"2023/12/28 15:00:00",1,"2030/04/01 14:59:59","언해피 트렌트 1마리를 쓰러뜨리자(HARD 한정)",9001,99001218
601,0,0,1,20057,660057301,1013312,6010,99001219,"2023/12/28 15:00:00",1,"2030/04/01 14:59:59","언해피 트렌트 1마리를 쓰러뜨리자(VERY HARD 한정)",9001,99001219
601,0,0,1,10133,610133401,1013313,6011,99001220,"2023/12/28 15:00:00",1,"2030/04/01 14:59:59","언해피 트렌트 1마리를 쓰러뜨리자(SPECIAL 한정)",9001,99001220
601,0,0,1,20058,660058101,1013510,6006,99001221,"2024/01/30 15:00:00",1,"2030/04/01 14:59:59","추악한 온천의 신ㆍ양란 1마리를 쓰러뜨리자(NORMAL 한정)",9001,99001221
601,0,0,1,20058,660058201,1013511,6007,99001222,"2024/01/30 15:00:00",1,"2030/04/01 14:59:59","추악한 온천의 신ㆍ양란 1마리를 쓰러뜨리자(HARD 한정)",9001,99001222
601,0,0,1,20058,660058301,1013512,6010,99001223,"2024/01/30 15:00:00",1,"2030/04/01 14:59:59","추악한 온천의 신ㆍ양란 1마리를 쓰러뜨리자(VERY HARD 한정)",9001,99001223
601,0,0,1,10135,610135401,1013513,6011,99001224,"2024/01/30 15:00:00",1,"2030/04/01 14:59:59","추악한 온천의 신ㆍ양란 1마리를 쓰러뜨리자(SPECIAL 한정)",9001,99001224
601,0,0,1,20059,660059101,1013810,6006,99001225,"2024/02/29 15:00:00",1,"2030/04/01 14:59:59","낙원의 수호자 1마리를 쓰러뜨리자(NORMAL 한정)",9001,99001225
601,0,0,1,20059,660059201,1013811,6007,99001226,"2024/02/29 15:00:00",1,"2030/04/01 14:59:59","낙원의 수호자 1마리를 쓰러뜨리자(HARD 한정)",9001,99001226
601,0,0,1,20059,660059301,1013812,6010,99001227,"2024/02/29 15:00:00",1,"2030/04/01 14:59:59","낙원의 수호자 1마리를 쓰러뜨리자(VERY HARD 한정)",9001,99001227
601,0,0,1,10138,610138401,1013813,6011,99001228,"2024/02/29 15:00:00",1,"2030/04/01 14:59:59","낙원의 수호자 1마리를 쓰러뜨리자(SPECIAL 한정)",9001,99001228
601,0,0,1,20060,660060101,1013910,6006,99001229,"2024/03/07 15:00:00",1,"2030/04/01 14:59:59","영원의 정원을 형상화하는 자를 1번 쓰러뜨리자(NORMAL 한정)",9001,99001229
601,0,0,1,20060,660060201,1013911,6007,99001230,"2024/03/07 15:00:00",1,"2030/04/01 14:59:59","영원의 정원을 형상화하는 자를 1번 쓰러뜨리자(HARD 한정)",9001,99001230
601,0,0,1,20060,660060301,1013912,6010,99001231,"2024/03/07 15:00:00",1,"2030/04/01 14:59:59","영원의 정원을 형상화하는 자를 1번 쓰러뜨리자(VERY HARD 한정)",9001,99001231
601,0,0,1,10139,610139401,1013913,6011,99001232,"2024/03/07 15:00:00",1,"2030/04/01 14:59:59","영원의 정원을 형상화하는 자를 1번 쓰러뜨리자(SPECIAL 한정)",9001,99001232
601,0,0,1,10141,610141101,1014110,6006,99001233,"2024/03/30 15:00:00",1,"2030/04/01 14:59:59","재앙을 끌어당기는 복 고양이 1마리를 쓰러뜨리자(NORMAL 한정)",9001,99001233
601,0,0,1,10141,610141201,1014111,6007,99001234,"2024/03/30 15:00:00",1,"2030/04/01 14:59:59","재앙을 끌어당기는 복 고양이 1마리를 쓰러뜨리자(HARD 한정)",9001,99001234
601,0,0,1,10141,610141301,1014112,6010,99001235,"2024/03/30 15:00:00",1,"2030/04/01 14:59:59","재앙을 끌어당기는 복 고양이 1마리를 쓰러뜨리자(VERY HARD 한정)",9001,99001235
601,0,0,1,10141,610141401,1014113,6011,99001236,"2024/03/30 15:00:00",1,"2030/04/01 14:59:59","재앙을 끌어당기는 복 고양이 1마리를 쓰러뜨리자(SPECIAL 한정)",9001,99001236
601,0,0,1,10143,610143101,1014310,6006,99001237,"2024/04/30 15:00:00",1,"2030/04/01 14:59:59","대왕 성성이 1마리를 쓰러뜨리자(NORMAL 한정)",9001,99001237
601,0,0,1,10143,610143201,1014311,6007,99001238,"2024/04/30 15:00:00",1,"2030/04/01 14:59:59","대왕 성성이 1마리를 쓰러뜨리자(HARD 한정)",9001,99001238
601,0,0,1,10143,610143301,1014312,6010,99001239,"2024/04/30 15:00:00",1,"2030/04/01 14:59:59","대왕 성성이 1마리를 쓰러뜨리자(VERY HARD 한정)",9001,99001239
601,0,0,1,10143,610143401,1014313,6011,99001240,"2024/04/30 15:00:00",1,"2030/04/01 14:59:59","대왕 성성이 1마리를 쓰러뜨리자(SPECIAL 한정)",9001,99001240
601,0,0,1,10145,610145101,1014510,6006,99001241,"2024/05/28 15:00:00",1,"2030/04/01 14:59:59","예지의 연금술사ㆍ모브를 1번 쓰러뜨리자(NORMAL 한정)",9001,99001241
601,0,0,1,10145,610145201,1014511,6007,99001242,"2024/05/28 15:00:00",1,"2030/04/01 14:59:59","예지의 연금술사ㆍ모브를 1번 쓰러뜨리자(HARD 한정)",9001,99001242
601,0,0,1,10145,610145301,1014512,6010,99001243,"2024/05/28 15:00:00",1,"2030/04/01 14:59:59","예지의 연금술사ㆍ모브를 1번 쓰러뜨리자(VERY HARD 한정)",9001,99001243
601,0,0,1,10145,610145401,1014513,6011,99001244,"2024/05/28 15:00:00",1,"2030/04/01 14:59:59","예지의 연금술사ㆍ모브를 1번 쓰러뜨리자(SPECIAL 한정)",9001,99001244
601,0,0,1,10147,610147101,1014710,6006,99001245,"2024/07/02 15:00:00",1,"2030/04/01 14:59:59","변모한 종자ㆍ블라드 1마리를 쓰러뜨리자(NORMAL 한정)",9001,99001245
601,0,0,1,10147,610147201,1014711,6007,99001246,"2024/07/02 15:00:00",1,"2030/04/01 14:59:59","변모한 종자ㆍ블라드 1마리를 쓰러뜨리자(HARD 한정)",9001,99001246
601,0,0,1,10147,610147301,1014712,6010,99001247,"2024/07/02 15:00:00",1,"2030/04/01 14:59:59","변모한 종자ㆍ블라드 1마리를 쓰러뜨리자(VERY HARD 한정)",9001,99001247
601,0,0,1,10147,610147401,1014713,6011,99001248,"2024/07/02 15:00:00",1,"2030/04/01 14:59:59","변모한 종자ㆍ블라드 1마리를 쓰러뜨리자(SPECIAL 한정)",9001,99001248
601,0,0,1,10147,0,15,6001,99001249,"2029/04/01 15:00:00",1,"2030/04/01 14:59:59","유키의 심미회 스토리를 모두 열람하자",0,99001249
601,0,0,1,10149,610149101,1014910,6006,99001250,"2024/07/31 15:00:00",1,"2030/04/01 14:59:59","부활한 흰 섬고래 1마리를 쓰러뜨리자(NORMAL 한정)",9001,99001250
601,0,0,1,10149,610149201,1014911,6007,99001251,"2024/07/31 15:00:00",1,"2030/04/01 14:59:59","부활한 흰 섬고래 1마리를 쓰러뜨리자(HARD 한정)",9001,99001251
601,0,0,1,10149,610149301,1014912,6010,99001252,"2024/07/31 15:00:00",1,"2030/04/01 14:59:59","부활한 흰 섬고래 1마리를 쓰러뜨리자(VERY HARD 한정)",9001,99001252
601,0,0,1,10149,610149401,1014913,6011,99001253,"2024/07/31 15:00:00",1,"2030/04/01 14:59:59","부활한 흰 섬고래 1마리를 쓰러뜨리자(SPECIAL 한정)",9001,99001253
601,0,0,1,10151,610151101,1015110,6006,99001254,"2024/08/27 15:00:00",1,"2030/04/01 14:59:59","그루지 레이스 1마리를 쓰러뜨리자(NORMAL 한정)",9001,99001254
601,0,0,1,10151,610151201,1015111,6007,99001255,"2024/08/27 15:00:00",1,"2030/04/01 14:59:59","그루지 레이스 1마리를 쓰러뜨리자(HARD 한정)",9001,99001255
601,0,0,1,10151,610151301,1015112,6010,99001256,"2024/08/27 15:00:00",1,"2030/04/01 14:59:59","그루지 레이스 1마리를 쓰러뜨리자(VERY HARD 한정)",9001,99001256
601,0,0,1,10151,610151401,1015113,6011,99001257,"2024/08/27 15:00:00",1,"2030/04/01 14:59:59","그루지 레이스 1마리를 쓰러뜨리자(SPECIAL 한정)",9001,99001257
601,0,0,1,10155,610126101,1015510,6006,99001258,"2024/09/30 15:00:00",1,"2030/04/01 14:59:59","풀려난 폭마ㆍ아르게스 1마리를 쓰러뜨리자(NORMAL 한정)",9001,99001258
601,0,0,1,10155,610126201,1015511,6007,99001259,"2024/09/30 15:00:00",1,"2030/04/01 14:59:59","풀려난 폭마ㆍ아르게스 1마리를 쓰러뜨리자(HARD 한정)",9001,99001259
601,0,0,1,10155,610126301,1015512,6010,99001260,"2024/09/30 15:00:00",1,"2030/04/01 14:59:59","풀려난 폭마ㆍ아르게스 1마리를 쓰러뜨리자(VERY HARD 한정)",9001,99001260
601,0,0,1,10155,610126401,1015513,6011,99001261,"2024/09/30 15:00:00",1,"2030/04/01 14:59:59","풀려난 폭마ㆍ아르게스 1마리를 쓰러뜨리자(SPECIAL 한정)",9001,99001261
601,0,0,1,10155,0,14,6001,99001262,"2029/04/01 15:00:00",1,"2030/04/01 14:59:59","「방과 후 퀴즈 에듀케이션」에서 캬루와의 추억 게이지를 max로 만들자",0,99001262
601,0,0,1,10155,0,14,6001,99001263,"2029/04/01 15:00:00",1,"2030/04/01 14:59:59","「방과 후 퀴즈 에듀케이션」에서 스즈나와의 추억 게이지를 max로 만들자",0,99001263
601,0,0,1,10155,0,14,6001,99001264,"2029/04/01 15:00:00",1,"2030/04/01 14:59:59","「방과 후 퀴즈 에듀케이션」에서 아카이브를 30% 해방하자",0,99001264
601,0,0,1,10155,0,14,6001,99001265,"2029/04/01 15:00:00",1,"2030/04/01 14:59:59","「방과 후 퀴즈 에듀케이션」에서 아카이브를 60% 해방하자",0,99001265
601,0,0,1,10155,0,14,6001,99001266,"2029/04/01 15:00:00",1,"2030/04/01 14:59:59","「방과 후 퀴즈 에듀케이션」에서 아카이브를 100% 해방하자",0,99001266
601,0,0,1,10157,610128101,1015710,6006,99001267,"2024/10/30 15:00:00",1,"2030/04/01 14:59:59","카리드 1마리를 쓰러뜨리자(NORMAL 한정)",9001,99001267
601,0,0,1,10157,610128201,1015711,6007,99001268,"2024/10/30 15:00:00",1,"2030/04/01 14:59:59","카리드 1마리를 쓰러뜨리자(HARD 한정)",9001,99001268
601,0,0,1,10157,610128301,1015712,6010,99001269,"2024/10/30 15:00:00",1,"2030/04/01 14:59:59","카리드 1마리를 쓰러뜨리자(VERY HARD 한정)",9001,99001269
601,0,0,1,10157,610128401,1015713,6011,99001270,"2024/10/30 15:00:00",1,"2030/04/01 14:59:59","카리드 1마리를 쓰러뜨리자(SPECIAL 한정)",9001,99001270
601,0,0,1,10157,0,15,6001,99001271,"2029/04/01 15:00:00",1,"2030/04/01 14:59:59","몽환의 매리지 시뮬 스토리를 모두 열람한다",0,99001271
601,0,0,1,10159,1015901,1015910,6006,99001272,"2024/11/28 15:00:00",1,"2030/04/01 14:59:59","미소라를 1번 쓰러뜨리자(NORMAL 한정)",9019,99001272
601,0,0,1,10159,1015902,1015911,6007,99001273,"2024/11/28 15:00:00",1,"2030/04/01 14:59:59","미소라를 1번 쓰러뜨리자(HARD 한정)",9019,99001273
601,0,0,1,10159,1015903,1015912,6010,99001274,"2024/11/28 15:00:00",1,"2030/04/01 14:59:59","미소라를 1번 쓰러뜨리자(VERY HARD 한정)",9019,99001274
601,0,0,1,10159,1015904,1015913,6011,99001275,"2024/11/28 15:00:00",1,"2030/04/01 14:59:59","미소라를 1번 쓰러뜨리자(SPECIAL 한정)",9019,99001275
601,0,0,1,10159,0,15,6001,99001276,"2029/04/01 15:00:00",1,"2030/04/01 14:59:59","여행과 성장(과 반성)의 기록의 내용을 모두 열람한다",0,99001276
601,0,0,1,10161,610132101,1016110,6006,99001277,"2024/12/27 15:00:00",1,"2030/04/01 14:59:59","바실리스크 아로스 1마리를 쓰러뜨리자(NORMAL 한정)",9001,99001277
601,0,0,1,10161,610132201,1016111,6007,99001278,"2024/12/27 15:00:00",1,"2030/04/01 14:59:59","바실리스크 아로스 1마리를 쓰러뜨리자(HARD 한정)",9001,99001278
601,0,0,1,10161,610132301,1016112,6010,99001279,"2024/12/27 15:00:00",1,"2030/04/01 14:59:59","바실리스크 아로스 1마리를 쓰러뜨리자(VERY HARD 한정)",9001,99001279
601,0,0,1,10161,610132401,1016113,6011,99001280,"2024/12/27 15:00:00",1,"2030/04/01 14:59:59","바실리스크 아로스 1마리를 쓰러뜨리자(SPECIAL 한정)",9001,99001280
601,0,0,1,10163,610134101,1016310,6006,99001281,"2025/01/27 15:00:00",1,"2030/04/01 14:59:59","메테오 인 드림 1마리를 쓰러뜨리자(NORMAL 한정)",9001,99001281
601,0,0,1,10163,610134201,1016311,6007,99001282,"2025/01/27 15:00:00",1,"2030/04/01 14:59:59","메테오 인 드림 1마리를 쓰러뜨리자(HARD 한정)",9001,99001282
601,0,0,1,10163,610134301,1016312,6010,99001283,"2025/01/27 15:00:00",1,"2030/04/01 14:59:59","메테오 인 드림 1마리를 쓰러뜨리자(VERY HARD 한정)",9001,99001283
601,0,0,1,10163,610134401,1016313,6011,99001284,"2025/01/27 15:00:00",1,"2030/04/01 14:59:59","메테오 인 드림 1마리를 쓰러뜨리자(SPECIAL 한정)",9001,99001284
601,0,0,1,10130,0,15,6001,99001285,"2029/04/01 15:00:00",1,"2030/04/01 14:59:59","새해 첫 꿈 챌린지의 모든 스토리를 열람한다",0,99001285
601,0,0,1,10164,610136101,1016410,6006,99001286,"2025/02/27 15:00:00",1,"2030/04/01 14:59:59","붉은 안개의 정령 1마리를 쓰러뜨리자(NORMAL 한정)",9001,99001286
601,0,0,1,10164,610136201,1016411,6007,99001287,"2025/02/27 15:00:00",1,"2030/04/01 14:59:59","붉은 안개의 정령 1마리를 쓰러뜨리자(HARD 한정)",9001,99001287
601,0,0,1,10164,610136301,1016412,6010,99001288,"2025/02/27 15:00:00",1,"2030/04/01 14:59:59","붉은 안개의 정령 1마리를 쓰러뜨리자(VERY HARD 한정)",9001,99001288
601,0,0,1,10164,610136401,1016413,6011,99001289,"2025/02/27 15:00:00",1,"2030/04/01 14:59:59","붉은 안개의 정령 1마리를 쓰러뜨리자(SPECIAL 한정)",9001,99001289
601,0,0,1,10165,610137101,1016510,6006,99001290,"2025/03/06 15:00:00",1,"2030/04/01 14:59:59","드러난 고충 아이라&시나츠를 1번 쓰러뜨리자(NORMAL 한정)",9001,99001290
601,0,0,1,10165,610137201,1016511,6007,99001291,"2025/03/06 15:00:00",1,"2030/04/01 14:59:59","드러난 고충 아이라&시나츠를 1번 쓰러뜨리자(HARD 한정)",9001,99001291
601,0,0,1,10165,610137301,1016512,6010,99001292,"2025/03/06 15:00:00",1,"2030/04/01 14:59:59","드러난 고충 아이라&시나츠를 1번 쓰러뜨리자(VERY HARD 한정)",9001,99001292
601,0,0,1,10165,610137401,1016513,6011,99001293,"2025/03/06 15:00:00",1,"2030/04/01 14:59:59","드러난 고충 아이라&시나츠를 1번 쓰러뜨리자(SPECIAL 한정)",9001,99001293
601,0,0,1,10140,1014001,10,6006,99001294,"2025/03/31 15:00:00",1,"2030/04/01 14:59:59","나락의 성녀 토미에를 1번 쓰러뜨리자(NORMAL 한정)",9019,99001294
601,0,0,1,10140,1014002,11,6007,99001295,"2025/03/31 15:00:00",1,"2030/04/01 14:59:59","나락의 성녀 토미에를 1번 쓰러뜨리자(HARD 한정)",9019,99001295
601,0,0,1,10140,1014003,12,6010,99001296,"2025/03/31 15:00:00",1,"2030/04/01 14:59:59","나락의 성녀 토미에를 1번 쓰러뜨리자(VERY HARD 한정)",9019,99001296
601,0,0,1,10140,1014004,13,6011,99001297,"2025/03/31 15:00:00",1,"2030/04/01 14:59:59","나락의 성녀 토미에를 1번 쓰러뜨리자(SPECIAL 한정)",9019,99001297
601,0,0,1,10142,1014201,10,6006,99001298,"2025/04/30 15:00:00",1,"2030/04/01 14:59:59","강뇌수・라이거 혼을 1번 쓰러뜨리자(NORMAL 한정)",9019,99001298
601,0,0,1,10142,1014202,11,6007,99001299,"2025/04/30 15:00:00",1,"2030/04/01 14:59:59","강뇌수・라이거 혼을 1번 쓰러뜨리자(HARD 한정)",9019,99001299
601,0,0,1,10142,1014203,12,6010,99001300,"2025/04/30 15:00:00",1,"2030/04/01 14:59:59","강뇌수・라이거 혼을 1번 쓰러뜨리자(VERY HARD 한정)",9019,99001300
601,0,0,1,10142,1014204,13,6011,99001301,"2025/04/30 15:00:00",1,"2030/04/01 14:59:59","강뇌수・라이거 혼을 1번 쓰러뜨리자(SPECIAL 한정)",9019,99001301
601,0,0,1,10142,0,15,6001,99001302,"2029/04/01 15:00:00",1,"2030/04/01 14:59:59","「행군(March) A-Go-Go!」에서 에리코로 스코어를 누적 50,000 획득하자",0,99001302
601,0,0,1,10142,0,15,6001,99001303,"2029/04/01 15:00:00",1,"2030/04/01 14:59:59","「행군(March) A-Go-Go!」에서 마코토로 스코어를 누적 50,000 획득하자",0,99001303
601,0,0,1,10142,0,15,6001,99001304,"2029/04/01 15:00:00",1,"2030/04/01 14:59:59","「행군(March) A-Go-Go!」 CHALLENGE 모드에서 한 번에 스코어를 50,000 이상 획득하자",0,99001304
601,0,0,1,10144,1014401,10,6006,99001305,"2025/05/29 15:00:00",1,"2030/04/01 14:59:59","마물 식물・모베르베를 1번 쓰러뜨리자(NORMAL 한정)",9019,99001305
601,0,0,1,10144,1014402,11,6007,99001306,"2025/05/29 15:00:00",1,"2030/04/01 14:59:59","마물 식물・모베르베를 1번 쓰러뜨리자(HARD 한정)",9019,99001306
601,0,0,1,10144,1014403,12,6010,99001307,"2025/05/29 15:00:00",1,"2030/04/01 14:59:59","마물 식물・모베르베를 1번 쓰러뜨리자(VERY HARD 한정)",9019,99001307
601,0,0,1,10144,1014404,13,6011,99001308,"2025/05/29 15:00:00",1,"2030/04/01 14:59:59","마물 식물・모베르베를 1번 쓰러뜨리자(SPECIAL 한정)",9019,99001308
601,0,0,1,10146,1014601,10,6006,99001309,"2025/06/30 15:00:00",1,"2030/04/01 14:59:59","권토중래・지노를 1번 쓰러뜨리자(NORMAL 한정)",9019,99001309
601,0,0,1,10146,1014602,11,6007,99001310,"2025/06/30 15:00:00",1,"2030/04/01 14:59:59","권토중래・지노를 1번 쓰러뜨리자(HARD 한정)",9019,99001310
601,0,0,1,10146,1014603,12,6010,99001311,"2025/06/30 15:00:00",1,"2030/04/01 14:59:59","권토중래・지노를 1번 쓰러뜨리자(VERY HARD 한정)",9019,99001311
601,0,0,1,10146,1014604,13,6011,99001312,"2025/06/30 15:00:00",1,"2030/04/01 14:59:59","권토중래・지노를 1번 쓰러뜨리자(SPECIAL 한정)",9019,99001312
601,0,0,1,10146,0,15,6001,99001313,"2029/04/01 15:00:00",1,"2030/04/01 14:59:59","그랜드림 파크 가이드를 모두 열람한다",0,99001313
601,0,0,1,10148,1014801,10,6006,99001314,"2025/07/29 15:00:00",1,"2030/04/01 14:59:59","한여름의 버서크 슬라임을 1번 쓰러뜨리자(NORMAL 한정)",9019,99001314
601,0,0,1,10148,1014802,11,6007,99001315,"2025/07/29 15:00:00",1,"2030/04/01 14:59:59","한여름의 버서크 슬라임을 1번 쓰러뜨리자(HARD 한정)",9019,99001315
601,0,0,1,10148,1014803,12,6010,99001316,"2025/07/29 15:00:00",1,"2030/04/01 14:59:59","한여름의 버서크 슬라임을 1번 쓰러뜨리자(VERY HARD 한정)",9019,99001316
601,0,0,1,10148,1014804,13,6011,99001317,"2025/07/29 15:00:00",1,"2030/04/01 14:59:59","한여름의 버서크 슬라임을 1번 쓰러뜨리자(SPECIAL 한정)",9019,99001317
601,0,0,1,10148,0,15,6001,99001318,"2029/04/01 15:00:00",1,"2030/04/01 14:59:59","서머 포토 픽스에서 모든 사진을 복원한다",0,99001318
601,0,0,1,10150,1015001,10,6006,99001319,"2025/08/29 15:00:00",1,"2030/04/01 14:59:59","카오스 제네레이터를 1번 쓰러뜨리자(NORMAL 한정)",9019,99001319
601,0,0,1,10150,1015002,11,6007,99001320,"2025/08/29 15:00:00",1,"2030/04/01 14:59:59","카오스 제네레이터를 1번 쓰러뜨리자(HARD 한정)",9019,99001320
601,0,0,1,10150,1015003,12,6010,99001321,"2025/08/29 15:00:00",1,"2030/04/01 14:59:59","카오스 제네레이터를 1번 쓰러뜨리자(VERY HARD 한정)",9019,99001321
601,0,0,1,10150,1015004,13,6011,99001322,"2025/08/29 15:00:00",1,"2030/04/01 14:59:59","카오스 제네레이터를 1번 쓰러뜨리자(SPECIAL 한정)",9019,99001322
601,0,0,1,10150,0,15,6001,99001323,"2029/04/01 15:00:00",1,"2030/04/01 14:59:59","물의 도시 memorie 스토리를 모두 열람한다",0,99001323
601,0,0,1,10154,1015401,10,6006,99001329,"2025/10/31 15:00:00",1,"2030/04/01 14:59:59","베놈 히드라를 1번 쓰러뜨리자(NORMAL 한정)",9019,99001329
601,0,0,1,10154,1015402,11,6007,99001330,"2025/10/31 15:00:00",1,"2030/04/01 14:59:59","베놈 히드라를 1번 쓰러뜨리자(HARD 한정)",9019,99001330
601,0,0,1,10154,1015403,12,6010,99001331,"2025/10/31 15:00:00",1,"2030/04/01 14:59:59","베놈 히드라를 1번 쓰러뜨리자(VERY HARD 한정)",9019,99001331
601,0,0,1,10154,1015404,13,6011,99001332,"2025/10/31 15:00:00",1,"2030/04/01 14:59:59","베놈 히드라를 1번 쓰러뜨리자(SPECIAL 한정)",9019,99001332
601,0,0,1,10156,1015601,10,6006,99001333,"2025/12/01 15:00:00",1,"2030/04/01 14:59:59","하이퍼 대시 조를 1번 쓰러뜨리자(NORMAL 한정)",9019,99001333
601,0,0,1,10156,1015602,11,6007,99001334,"2025/12/01 15:00:00",1,"2030/04/01 14:59:59","하이퍼 대시 조를 1번 쓰러뜨리자(HARD 한정)",9019,99001334
601,0,0,1,10156,1015603,12,6010,99001335,"2025/12/01 15:00:00",1,"2030/04/01 14:59:59","하이퍼 대시 조를 1번 쓰러뜨리자(VERY HARD 한정)",9019,99001335
601,0,0,1,10156,1015604,13,6011,99001336,"2025/12/01 15:00:00",1,"2030/04/01 14:59:59","하이퍼 대시 조를 1번 쓰러뜨리자(SPECIAL 한정)",9019,99001336
601,0,0,1,10156,0,15,6001,99001337,"2029/04/01 15:00:00",1,"2030/04/01 14:59:59","「격돌! 파괴! 일리걸 탱크 워」에서 머신의 총 전력을 10000 이상으로 만들자",0,99001337
601,0,0,1,10156,0,15,6001,99001338,"2029/04/01 15:00:00",1,"2030/04/01 14:59:59","「격돌! 파괴! 일리걸 탱크 워」에서 후부키로부터 부품을 50개 획득하자",0,99001338
601,0,0,1,10156,0,15,6001,99001339,"2029/04/01 15:00:00",1,"2030/04/01 14:59:59","「격돌! 파괴! 일리걸 탱크 워」에서 퀘스트 모드의 스테이지 50을 클리어하자",0,99001339
601,0,0,1,10158,1015801,10,6006,99001340,"2025/12/31 15:00:00",1,"2030/04/01 14:59:59","고스트 키드 베로리를 1번 쓰러뜨리자(NORMAL 한정)",9019,99001340
601,0,0,1,10158,1015802,11,6007,99001341,"2025/12/31 15:00:00",1,"2030/04/01 14:59:59","고스트 키드 베로리를 1번 쓰러뜨리자(HARD 한정)",9019,99001341
601,0,0,1,10158,1015803,12,6010,99001342,"2025/12/31 15:00:00",1,"2030/04/01 14:59:59","고스트 키드 베로리를 1번 쓰러뜨리자(VERY HARD 한정)",9019,99001342
601,0,0,1,10158,1015804,13,6011,99001343,"2025/12/31 15:00:00",1,"2030/04/01 14:59:59","고스트 키드 베로리를 1번 쓰러뜨리자(SPECIAL 한정)",9019,99001343
601,0,0,1,10160,1016001,10,6006,99001344,"2026/01/30 15:00:00",1,"2030/04/01 14:59:59","속박의 큰 뱀 메두시아나를 1번 쓰러뜨리자(NORMAL 한정)",9019,99001344
601,0,0,1,10160,1016002,11,6007,99001345,"2026/01/30 15:00:00",1,"2030/04/01 14:59:59","속박의 큰 뱀 메두시아나를 1번 쓰러뜨리자(HARD 한정)",9019,99001345
601,0,0,1,10160,1016003,12,6010,99001346,"2026/01/30 15:00:00",1,"2030/04/01 14:59:59","속박의 큰 뱀 메두시아나를 1번 쓰러뜨리자(VERY HARD 한정)",9019,99001346
601,0,0,1,10160,1016004,13,6011,99001347,"2026/01/30 15:00:00",1,"2030/04/01 14:59:59","속박의 큰 뱀 메두시아나를 1번 쓰러뜨리자(SPECIAL 한정)",9019,99001347
0,0,0,0,99999,0,0,0,99900001,"2099/04/01 14:00:00",1,"2099/04/01 14:59:59","고향 납세로 사가시를 응원하자",0,99900001
0,0,0,0,99999,0,0,0,99900002,"2099/04/01 14:00:00",1,"2099/04/01 14:59:59","고향 납세로 사가시를 응원하자",0,99900002
0,0,0,0,99999,0,0,0,99900003,"2099/04/01 14:00:00",1,"2099/04/01 14:59:59","고향 납세로 사가시를 응원하자",0,99900003
