scroll_width,scroll_height,area_name,sheet_id,tutorial_param_1,map_type,map_id,area_disp,tutorial_param_2,start_time,area_id,end_time,que_id,event_id,open_tutorial_id,additional_effect
0,0,"타르굼 지방",bgm_M32,0,201,0,1,0,"2019/05/01 15:00:00",10001101,"2019/05/26 14:59:59",bgm_M32,10001,0,0
0,0,"타르굼 지방",bgm_M32,0,201,0,1,0,"2019/05/01 15:00:00",10001201,"2019/05/26 14:59:59",bgm_M32,10001,0,0
0,0,"마시나 지방",bgm_M98,0,201,0,1,0,"2019/05/29 15:00:00",10002101,"2019/06/23 14:59:59",bgm_M98_2,10002,0,0
0,0,"마시나 지방",bgm_M98,0,201,0,1,0,"2019/05/29 15:00:00",10002201,"2019/06/23 14:59:59",bgm_M98_2,10002,0,0
0,0,"랜드솔 교외",bgm_M106,0,201,0,1,0,"2019/06/27 15:00:00",10003101,"2019/07/22 14:59:59",bgm_M106,10003,0,0
0,0,"랜드솔 교외",bgm_M106,0,201,0,1,0,"2019/06/27 15:00:00",10003201,"2019/07/22 14:59:59",bgm_M106,10003,0,0
0,0,"타파스 해안 주변",bgm_M112,0,201,0,1,0,"2019/07/30 15:00:00",10004101,"2019/08/24 14:59:59",bgm_M112,10004,0,0
0,0,"타파스 해안 주변",bgm_M112,0,201,0,1,0,"2019/07/30 15:00:00",10004201,"2019/08/24 14:59:59",bgm_M112,10004,0,0
0,0,"일시온의 외딴섬",bgm_M121,0,201,0,1,0,"2019/08/29 15:00:00",10005101,"2019/09/22 14:59:59",bgm_M121,10005,0,0
0,0,"일시온의 외딴섬",bgm_M121,0,201,0,1,0,"2019/08/29 15:00:00",10005201,"2019/09/22 14:59:59",bgm_M121,10005,0,0
0,0,"왕도 랜드솔",bgm_M128,0,201,0,1,0,"2019/10/01 15:00:00",10006101,"2019/10/25 14:59:59",bgm_M128,10006,0,0
0,0,"왕도 랜드솔",bgm_M128,0,201,0,1,0,"2019/10/01 15:00:00",10006201,"2019/10/25 14:59:59",bgm_M128,10006,0,0
0,0,"랜드솔 교외",bgm_M135,0,201,1,1,0,"2019/10/30 15:00:00",10007101,"2019/11/21 14:59:59",bgm_M135,10007,0,0
0,80,"영혼의 세계",bgm_M29,202,201,2,1,208,"2019/10/30 15:00:00",10007102,"2019/11/21 14:59:59",bgm_M29,10007,1,0
0,0,"랜드솔 중심부",bgm_M135,202,201,3,1,209,"2019/10/30 15:00:00",10007103,"2019/11/21 14:59:59",bgm_M135,10007,1,1
0,0,"랜드솔 교외",bgm_M135,0,201,1,1,0,"2019/10/30 15:00:00",10007201,"2019/11/21 14:59:59",bgm_M135,10007,0,1
35,0,"랜드솔 근교",bgm_M162,0,201,0,1,0,"2019/11/28 15:00:00",10008101,"2019/12/21 14:59:59",bgm_M162,10008,0,0
0,0,"랜드솔 근교",bgm_M162,0,201,0,1,0,"2019/11/28 15:00:00",10008201,"2019/12/21 14:59:59",bgm_M162,10008,0,0
110,0,"사렌디아 구호원",bgm_M171,0,201,1,1,0,"2019/12/31 15:00:00",10009101,"2020/01/20 14:59:59",bgm_M171,10009,0,11
0,0,"왕도 랜드솔",bgm_M171,0,201,1,1,0,"2019/12/31 15:00:00",10009201,"2020/01/20 14:59:59",bgm_M171,10009,0,0
1,180,"신전으로 가는 길",bgm_M182,0,201,1,1,0,"2020/01/30 15:00:00",10010101,"2020/02/17 14:59:59",bgm_M182,10010,0,0
0,0,"신전으로 가는 길",bgm_M182,0,201,1,1,0,"2020/01/30 15:00:00",10010201,"2020/02/17 14:59:59",bgm_M182,10010,0,0
0,0,"왕도 랜드솔",bgm_M189,0,201,1,1,0,"2020/02/27 15:00:00",10011101,"2020/03/16 14:59:59",bgm_M189,10011,0,0
110,0,"키친 스타디움",bgm_M189,0,201,2,1,0,"2020/02/27 15:00:00",10011102,"2020/03/16 14:59:59",bgm_M189,10011,0,0
0,0,"키친 스타디움",bgm_M189,0,201,1,1,0,"2020/02/27 15:00:00",10011201,"2020/03/16 14:59:59",bgm_M189,10011,0,0
115,0,"왕도 랜드솔",bgm_M206,0,201,1,1,0,"2020/04/01 15:00:00",10012101,"2020/04/19 14:59:59",bgm_M206,10012,0,0
0,0,"왕도 랜드솔",bgm_M206,0,201,1,1,0,"2020/04/01 15:00:00",10012201,"2020/04/19 14:59:59",bgm_M206,10012,0,0
110,0,"가스트로스 산",bgm_M215,0,201,1,1,0,"2020/04/29 15:00:00",10013101,"2020/05/17 14:59:59",bgm_M215,10013,0,0
0,0,"빛의 틈",bgm_M215,202,201,2,1,208,"2020/04/29 15:00:00",10013102,"2020/05/17 14:59:59",bgm_M215,10013,1,11
0,0,"빛의 틈",bgm_M215,0,201,1,1,0,"2020/04/29 15:00:00",10013201,"2020/05/17 14:59:59",bgm_M215,10013,0,0
0,0,"타르굼 지방",bgm_M32,0,201,1,1,0,"2020/05/13 15:00:00",10014101,"2020/05/22 14:59:59",bgm_M32,10014,0,0
0,0,"타르굼 지방",bgm_M32,0,201,0,1,0,"2020/05/13 15:00:00",10014201,"2020/05/22 14:59:59",bgm_M32,10014,0,0
120,0,"오에도 마을",bgm_M223,0,201,1,1,0,"2020/05/28 15:00:00",10015101,"2020/06/15 14:59:59",bgm_M223,10015,0,0
0,0,"오에도 마을",bgm_M223,0,201,1,1,0,"2020/05/28 15:00:00",10015201,"2020/06/15 14:59:59",bgm_M223,10015,0,0
0,0,"마시나 지방",bgm_M98,0,201,0,1,0,"2020/06/15 15:00:00",10016101,"2020/06/24 14:59:59",bgm_M98_2,10016,0,0
0,0,"마시나 지방",bgm_M98,0,201,0,1,0,"2020/06/15 15:00:00",10016201,"2020/06/24 14:59:59",bgm_M98_2,10016,0,0
70,0,"랜드솔 근교",bgm_M228,0,201,1,1,0,"2020/06/30 15:00:00",10017101,"2020/07/18 14:59:59",bgm_M228,10017,0,0
0,0,"교외의 마을",bgm_M228,0,201,2,1,0,"2020/06/30 15:00:00",10017102,"2020/07/18 14:59:59",bgm_M228,10017,0,0
0,0,"교외의 마을",bgm_M228,0,201,1,1,0,"2020/06/30 15:00:00",10017201,"2020/07/18 14:59:59",bgm_M228,10017,0,0
0,0,"랜드솔 교외",bgm_M106,0,201,0,1,0,"2020/07/15 15:00:00",10018101,"2020/07/24 14:59:59",bgm_M106,10018,0,0
0,0,"랜드솔 교외",bgm_M106,0,201,0,1,0,"2020/07/15 15:00:00",10018201,"2020/07/24 14:59:59",bgm_M106,10018,0,0
100,0,"선레인 해변",bgm_M237,0,201,1,1,0,"2020/07/30 15:00:00",10019101,"2020/08/17 14:59:59",bgm_M237,10019,0,12
0,0,"선레인 해변",bgm_M237,0,201,0,1,0,"2020/07/30 15:00:00",10019201,"2020/08/17 14:59:59",bgm_M237,10019,0,0
0,0,"타파스 해변 주변",bgm_M112,0,201,0,1,0,"2020/08/14 15:00:00",10020101,"2020/08/23 14:59:59",bgm_M112,10020,0,0
0,0,"타파스 해변 주변",bgm_M112,0,201,0,1,0,"2020/08/14 15:00:00",10020201,"2020/08/23 14:59:59",bgm_M112,10020,0,0
150,0,"마호마호 왕국 피서지?",bgm_M245,0,201,0,1,0,"2020/08/31 15:00:00",10021101,"2020/09/18 14:59:59",bgm_M245_02,10021,0,0
0,0,"마호마호 왕국 피서지?",bgm_M245,0,201,0,1,0,"2020/08/31 15:00:00",10021201,"2020/09/18 14:59:59",bgm_M245_02,10021,0,0
0,0,"일시온의 외딴섬",bgm_M121,0,201,0,1,0,"2020/09/14 15:00:00",10022101,"2020/09/23 14:59:59",bgm_M121,10022,0,0
0,0,"일시온의 외딴섬",bgm_M121,0,201,0,1,0,"2020/09/14 15:00:00",10022201,"2020/09/23 14:59:59",bgm_M121,10022,0,0
70,0,"성 테레사 여학원",bgm_M254,0,201,1,1,0,"2020/09/29 15:00:00",10023101,"2020/10/17 14:59:59",bgm_M254,10023,0,0
0,0,"성 테레사 여학원",bgm_M254,0,201,0,1,0,"2020/09/29 15:00:00",10023201,"2020/10/17 14:59:59",bgm_M254,10023,0,0
0,0,"왕도 랜드솔",bgm_M128,0,201,0,1,0,"2020/10/15 15:00:00",10024101,"2020/10/24 14:59:59",bgm_M128,10024,0,0
0,0,"왕도 랜드솔",bgm_M128,0,201,0,1,0,"2020/10/15 15:00:00",10024201,"2020/10/24 14:59:59",bgm_M128,10024,0,0
0,0,"테라 하우스 주변",bgm_M265,0,201,1,1,0,"2020/10/29 15:00:00",10025101,"2020/11/16 14:59:59",bgm_M265_Top,10025,0,0
0,0,"고스트 글레이브",bgm_M265,202,201,2,1,0,"2020/10/29 15:00:00",10025102,"2020/11/16 14:59:59",bgm_M265_Top,10025,1,0
0,0,"고스트 글레이브",bgm_M265,0,201,1,1,0,"2020/10/29 15:00:00",10025201,"2020/11/16 14:59:59",bgm_M265_Top,10025,0,0
0,0,"랜드솔 교외",bgm_M135,0,201,1,1,0,"2020/11/16 15:00:00",10026101,"2020/11/25 14:59:59",bgm_M135,10026,0,0
0,80,"영혼의 세계",bgm_M29,202,201,2,1,208,"2020/11/16 15:00:00",10026102,"2020/11/25 14:59:59",bgm_M29,10026,1,0
0,0,"랜드솔 중심부",bgm_M135,202,201,3,1,209,"2020/11/16 15:00:00",10026103,"2020/11/25 14:59:59",bgm_M135,10026,1,1
0,0,"랜드솔 교외",bgm_M135,0,201,1,1,0,"2020/11/16 15:00:00",10026201,"2020/11/25 14:59:59",bgm_M135,10026,0,31
90,0,"엘피스 섬 개척 캠프 일대",bgm_M273,0,201,0,1,0,"2020/11/30 15:00:00",10027101,"2020/12/18 14:59:59",bgm_M273,10027,0,0
0,0,"엘피스 섬 개척 캠프 일대",bgm_M273,0,201,0,1,0,"2020/11/30 15:00:00",10027201,"2020/12/18 14:59:59",bgm_M273,10027,0,0
35,0,"랜드솔 근교",bgm_M162,0,201,0,1,0,"2020/12/15 15:00:00",10028101,"2020/12/24 14:59:59",bgm_M162,10028,0,0
0,0,"랜드솔 근교",bgm_M162,0,201,0,1,0,"2020/12/15 15:00:00",10028201,"2020/12/24 14:59:59",bgm_M162,10028,0,0
0,0,"왕도 랜드솔 교외",bgm_M281,0,201,1,1,0,"2020/12/29 15:00:00",10029101,"2021/01/16 14:59:59",bgm_M281,10029,0,0
0,0,"왕도 랜드솔 중심부",bgm_M281,0,201,2,1,0,"2020/12/29 15:00:00",10029102,"2021/01/16 14:59:59",bgm_M281,10029,0,11
0,0,"왕도 랜드솔 중심부",bgm_M281,0,201,1,1,0,"2020/12/29 15:00:00",10029201,"2021/01/16 14:59:59",bgm_M281,10029,0,0
110,0,"사렌디아 구호원",bgm_M171,0,201,1,1,0,"2021/01/14 15:00:00",10030101,"2021/01/23 14:59:59",bgm_M171,10030,0,11
0,0,"왕도 랜드솔",bgm_M171,0,201,1,1,0,"2021/01/14 15:00:00",10030201,"2021/01/23 14:59:59",bgm_M171,10030,0,0
30,0,"길드 레이스 1구역→2구역",bgm_M294,0,201,1,1,0,"2021/01/28 15:00:00",10031101,"2021/02/15 14:59:59",bgm_M294,10031,0,0
30,0,"길드 레이스 3구역→4구역",bgm_M294,0,201,2,1,0,"2021/01/28 15:00:00",10031102,"2021/02/15 14:59:59",bgm_M294,10031,0,0
0,0,"길드 레이스 3구역→4구역",bgm_M294,0,201,1,1,0,"2021/01/28 15:00:00",10031201,"2021/02/15 14:59:59",bgm_M294,10031,0,0
1,180,"신전으로 가는 길",bgm_M182,0,201,1,1,0,"2021/02/14 15:00:00",10032101,"2021/02/23 14:59:59",bgm_M182,10032,0,0
0,0,"신전으로 가는 길",bgm_M182,0,201,1,1,0,"2021/02/14 15:00:00",10032201,"2021/02/23 14:59:59",bgm_M182,10032,0,0
90,0,"왕도 랜드솔",bgm_M316,0,201,1,1,0,"2021/03/02 15:00:00",10033101,"2021/03/20 14:59:59",bgm_M316,10033,0,0
0,0,"왕도 랜드솔",bgm_M316,0,201,1,1,0,"2021/03/02 15:00:00",10033201,"2021/03/20 14:59:59",bgm_M316,10033,0,0
0,0,"왕도 랜드솔",bgm_M189,0,201,1,1,0,"2021/03/17 15:00:00",10034101,"2021/03/26 14:59:59",bgm_M189,10034,0,0
110,0,"키친 스타디움",bgm_M189,0,201,2,1,0,"2021/03/17 15:00:00",10034102,"2021/03/26 14:59:59",bgm_M189,10034,0,0
0,0,"키친 스타디움",bgm_M189,0,201,1,1,0,"2021/03/17 15:00:00",10034201,"2021/03/26 14:59:59",bgm_M189,10034,0,0
70,0,"랜드솔 근교",bgm_M330,0,201,1,1,0,"2021/03/30 15:00:00",10035101,"2021/04/24 14:59:59",bgm_M330,10035,0,0
0,0,"랜드솔 근교",bgm_M330,0,201,0,1,0,"2021/03/30 15:00:00",10035201,"2021/04/24 14:59:59",bgm_M330,10035,0,0
40,0,"무사 마을",bgm_M341,0,201,0,1,0,"2021/04/11 15:00:00",10036101,"2021/04/24 14:59:59",bgm_M341,10036,0,0
0,0,"무사 마을",bgm_M341,0,201,0,1,0,"2021/04/11 15:00:00",10036201,"2021/04/24 14:59:59",bgm_M341,10036,0,0
115,0,"왕도 랜드솔",bgm_M206,0,201,1,1,0,"2021/04/15 15:00:00",10037101,"2021/04/24 14:59:59",bgm_M206,10037,0,0
0,0,"왕도 랜드솔",bgm_M206,0,201,1,1,0,"2021/04/15 15:00:00",10037201,"2021/04/24 14:59:59",bgm_M206,10037,0,0
45,0,"성 테레사 여학원",bgm_M343,0,201,1,1,0,"2021/04/29 15:00:00",10038101,"2021/05/17 14:59:59",bgm_M343,10038,0,0
0,0,"성 테레사 여학원",bgm_M343,0,201,0,1,0,"2021/04/29 15:00:00",10038201,"2021/05/17 14:59:59",bgm_M343,10038,0,0
110,0,"가스트로스 산",bgm_M215,0,201,1,1,0,"2021/05/16 15:00:00",10039101,"2021/05/25 14:59:59",bgm_M215,10039,0,0
0,0,"빛의 틈",bgm_M215,202,201,2,1,208,"2021/05/16 15:00:00",10039102,"2021/05/25 14:59:59",bgm_M215,10039,1,11
0,0,"빛의 틈",bgm_M215,0,201,1,1,0,"2021/05/16 15:00:00",10039201,"2021/05/25 14:59:59",bgm_M215,10039,0,0
0,0,"엘리자베스 파크",bgm_M351,0,201,1,1,0,"2021/05/31 15:00:00",10040101,"2021/06/18 14:59:59",bgm_M351,10040,0,0
0,0,"왕도 랜드솔",bgm_M351,0,201,2,1,0,"2021/05/31 15:00:00",10040102,"2021/06/18 14:59:59",bgm_M351,10040,0,0
0,0,"엘리자베스 파크",bgm_M351,0,201,3,1,0,"2021/05/31 15:00:00",10040103,"2021/06/18 14:59:59",bgm_M351,10040,0,0
0,0,"엘리자베스 파크",bgm_M351,0,201,1,1,0,"2021/05/31 15:00:00",10040201,"2021/06/18 14:59:59",bgm_M351,10040,0,0
120,0,"오에도 마을",bgm_M223,0,201,1,1,0,"2021/06/17 15:00:00",10041101,"2021/06/26 14:59:59",bgm_M223,10041,0,0
0,0,"오에도 마을",bgm_M223,0,201,1,1,0,"2021/06/17 15:00:00",10041201,"2021/06/26 14:59:59",bgm_M223,10041,0,0
200,0,"이상한 나라",bgm_M375,0,201,0,1,0,"2021/07/01 15:00:00",10042101,"2021/07/19 14:59:59",bgm_M375,10042,0,0
100,0,"이상한 나라",bgm_M375,0,201,0,1,0,"2021/07/01 15:00:00",10042201,"2021/07/19 14:59:59",bgm_M375,10042,0,0
100,0,"선레인 해변",bgm_M237,0,201,1,1,0,"2021/07/16 15:00:00",10043101,"2021/07/25 14:59:59",bgm_M237,10043,0,12
0,0,"선레인 해변",bgm_M237,0,201,0,1,0,"2021/07/16 15:00:00",10043201,"2021/07/25 14:59:59",bgm_M237,10043,0,0
90,0,"위시 비치 주변",bgm_M380A,0,201,1,1,0,"2021/08/02 15:00:00",10044101,"2021/08/20 14:59:59",bgm_M380A,10044,0,0
0,0,"별이 내리는 은하수",bgm_M380B,0,201,2,1,0,"2021/08/02 15:00:00",10044102,"2021/08/20 14:59:59",bgm_M380B_02,10044,0,0
0,0,"별이 내리는 은하수",bgm_M380B,0,201,0,1,0,"2021/08/02 15:00:00",10044201,"2021/08/20 14:59:59",bgm_M380B_02,10044,0,0
150,0,"마호마호 왕국 피서지?",bgm_M245,0,201,0,1,0,"2021/08/17 15:00:00",10045101,"2021/08/26 14:59:59",bgm_M245_02,10045,0,0
0,0,"마호마호 왕국 피서지?",bgm_M245,0,201,0,1,0,"2021/08/17 15:00:00",10045201,"2021/08/26 14:59:59",bgm_M245_02,10045,0,0
122,0,"비치 볼 파크",bgm_M393,0,201,0,1,0,"2021/09/01 15:00:00",10046101,"2021/09/19 14:59:59",bgm_M393,10046,0,0
0,0,"비치 볼 파크",bgm_M393,0,201,0,1,0,"2021/09/01 15:00:00",10046201,"2021/09/19 14:59:59",bgm_M393,10046,0,0
70,0,"성 테레사 여학원",bgm_M254,0,201,1,1,0,"2021/09/17 15:00:00",10047101,"2021/09/26 14:59:59",bgm_M254,10047,0,0
0,0,"성 테레사 여학원",bgm_M254,0,201,0,1,0,"2021/09/17 15:00:00",10047201,"2021/09/26 14:59:59",bgm_M254,10047,0,0
80,0,"왕도 랜드솔",bgm_M403,0,201,1,1,0,"2021/10/02 15:00:00",10048101,"2021/10/20 14:59:59",bgm_M403,10048,0,0
0,0,"왕도 랜드솔",bgm_M403,0,201,1,1,0,"2021/10/02 15:00:00",10048201,"2021/10/20 14:59:59",bgm_M403,10048,0,0
0,0,"테라 하우스 주변",bgm_M265,0,201,1,1,0,"2021/10/19 15:00:00",10049101,"2021/10/28 14:59:59",bgm_M265_Top,10049,0,0
0,0,"고스트 글레이브",bgm_M265,202,201,2,1,0,"2021/10/19 15:00:00",10049102,"2021/10/28 14:59:59",bgm_M265_Top,10049,1,0
0,0,"고스트 글레이브",bgm_M265,0,201,1,1,0,"2021/10/19 15:00:00",10049201,"2021/10/28 14:59:59",bgm_M265_Top,10049,0,0
128,0,"할로윈 파크",bgm_M413,0,201,0,1,0,"2021/11/01 15:00:00",10050101,"2021/11/19 14:59:59",bgm_M413,10050,0,0
0,0,"할로윈 파크",bgm_M413,0,201,0,1,0,"2021/11/01 15:00:00",10050201,"2021/11/19 14:59:59",bgm_M413,10050,0,0
90,0,"엘피스 섬 개척 캠프 일대",bgm_M273,0,201,0,1,0,"2021/11/17 15:00:00",10051101,"2021/11/26 14:59:59",bgm_M273,10051,0,0
0,0,"엘피스 섬 개척 캠프 일대",bgm_M273,0,201,0,1,0,"2021/11/17 15:00:00",10051201,"2021/11/26 14:59:59",bgm_M273,10051,0,0
90,0,"왕도 랜드솔",bgm_M421,0,201,1,1,0,"2021/12/01 15:00:00",10052101,"2021/12/19 14:59:59",bgm_M421,10052,0,0
0,0,"왕도 랜드솔",bgm_M421,0,201,1,1,0,"2021/12/01 15:00:00",10052201,"2021/12/19 14:59:59",bgm_M421,10052,0,0
70,0,"랜드솔 근교",bgm_M228,0,201,1,1,0,"2021/12/10 15:00:00",10053101,"2021/12/23 14:59:59",bgm_M228,10053,0,0
0,0,"교외의 마을",bgm_M228,0,201,2,1,0,"2021/12/10 15:00:00",10053102,"2021/12/23 14:59:59",bgm_M228,10053,0,0
0,0,"교외의 마을",bgm_M228,0,201,1,1,0,"2021/12/10 15:00:00",10053201,"2021/12/23 14:59:59",bgm_M228,10053,0,0
60,0,"데뷔탕트 샹그릴라 파티장",bgm_M426,0,201,1,1,0,"2021/12/30 15:00:00",10054101,"2022/01/17 14:59:59",bgm_M426,10054,0,0
0,0,"데뷔탕트 샹그릴라 파티장",bgm_M426,0,201,1,1,0,"2021/12/30 15:00:00",10054201,"2022/01/17 14:59:59",bgm_M426,10054,0,0
0,0,"왕도 랜드솔 교외",bgm_M281,0,201,1,1,0,"2022/01/15 15:00:00",10055101,"2022/01/24 14:59:59",bgm_M281,10055,0,0
0,0,"왕도 랜드솔 중심부",bgm_M281,0,201,2,1,0,"2022/01/15 15:00:00",10055102,"2022/01/24 14:59:59",bgm_M281,10055,0,11
0,0,"왕도 랜드솔 중심부",bgm_M281,0,201,1,1,0,"2022/01/15 15:00:00",10055201,"2022/01/24 14:59:59",bgm_M281,10055,0,0
95,0,"항구 도시 오마",bgm_M435,0,201,1,1,0,"2022/01/28 15:00:00",10056101,"2022/02/15 14:59:59",bgm_M435,10056,0,0
0,0,"항구 도시 오마",bgm_M435,0,201,1,1,0,"2022/01/28 15:00:00",10056201,"2022/02/15 14:59:59",bgm_M435,10056,0,0
30,0,"길드 레이스 1구역→2구역",bgm_M294,0,201,1,1,0,"2022/02/14 15:00:00",10057101,"2022/02/23 14:59:59",bgm_M294,10057,0,0
30,0,"길드 레이스 3구역→4구역",bgm_M294,0,201,2,1,0,"2022/02/14 15:00:00",10057102,"2022/02/23 14:59:59",bgm_M294,10057,0,0
0,0,"길드 레이스 3구역→4구역",bgm_M294,0,201,1,1,0,"2022/02/14 15:00:00",10057201,"2022/02/23 14:59:59",bgm_M294,10057,0,0
70,0,"랜드솔 근교",bgm_M442A,0,201,1,1,0,"2022/02/28 15:00:00",10058101,"2022/03/24 14:59:59",bgm_M442A,10058,0,0
0,0,"랜드솔 근교",bgm_M442A,0,201,0,1,0,"2022/02/28 15:00:00",10058201,"2022/03/24 14:59:59",bgm_M442A,10058,0,0
25,0,"엘프 마을 청아한 숲",bgm_M442B,0,201,0,1,0,"2022/03/10 15:00:00",10059101,"2022/03/24 14:59:59",bgm_M442B,10059,0,0
0,0,"엘프 마을 청아한 숲",bgm_M442B,0,201,0,1,0,"2022/03/10 15:00:00",10059201,"2022/03/24 14:59:59",bgm_M442B,10059,0,0
90,0,"왕도 랜드솔",bgm_M316,0,201,1,1,0,"2022/03/16 15:00:00",10060101,"2022/03/25 14:59:59",bgm_M316,10060,0,0
0,0,"왕도 랜드솔",bgm_M316,0,201,1,1,0,"2022/03/16 15:00:00",10060201,"2022/03/25 14:59:59",bgm_M316,10060,0,0
0,0,"랜드솔 근교",bgm_M451,0,201,1,1,0,"2022/03/28 15:00:00",10061101,"2022/04/15 14:59:59",bgm_M451,10061,0,0
0,0,"변경 지역",bgm_M451,0,201,2,1,0,"2022/03/28 15:00:00",10061102,"2022/04/15 14:59:59",bgm_M451,10061,0,0
0,0,"변경 지역",bgm_M451,0,201,0,1,0,"2022/03/28 15:00:00",10061201,"2022/04/15 14:59:59",bgm_M451,10061,0,0
70,0,"랜드솔 근교",bgm_M330,0,201,1,1,0,"2022/04/07 15:00:00",10062101,"2022/04/25 14:59:59",bgm_M330,10062,0,0
0,0,"랜드솔 근교",bgm_M330,0,201,0,1,0,"2022/04/07 15:00:00",10062201,"2022/04/25 14:59:59",bgm_M330,10062,0,0
40,0,"무사 마을",bgm_M341,0,201,0,1,0,"2022/04/15 15:00:00",10063101,"2022/04/25 14:59:59",bgm_M341,10063,0,0
0,0,"무사 마을",bgm_M341,0,201,0,1,0,"2022/04/15 15:00:00",10063201,"2022/04/25 14:59:59",bgm_M341,10063,0,0
91,0,"성 테레사 여학원 성학제 현장",bgm_M457,0,201,1,1,0,"2022/04/28 15:00:00",10064101,"2022/05/16 14:59:59",bgm_M457,10064,0,0
0,0,"성 테레사 여학원 성학제 현장",bgm_M457,0,201,0,1,0,"2022/04/28 15:00:00",10064201,"2022/05/16 14:59:59",bgm_M457,10064,0,0
45,0,"성 테레사 여학원",bgm_M343,0,201,1,1,0,"2022/05/18 15:00:00",10065101,"2022/05/27 14:59:59",bgm_M343,10065,0,0
0,0,"성 테레사 여학원",bgm_M343,0,201,0,1,0,"2022/05/18 15:00:00",10065201,"2022/05/27 14:59:59",bgm_M343,10065,0,0
90,0,"다른 시간 축의 랜드솔",bgm_M467,0,201,1,1,0,"2022/05/30 15:00:00",10066101,"2022/06/17 14:59:59",bgm_M467,10066,0,0
0,0,"타임 터널",bgm_M467,0,201,2,1,0,"2022/05/30 15:00:00",10066102,"2022/06/17 14:59:59",bgm_M467,10066,0,0
0,0,"타임 터널",bgm_M467,0,201,0,1,0,"2022/05/30 15:00:00",10066201,"2022/06/17 14:59:59",bgm_M467,10066,0,0
0,0,"엘리자베스 파크",bgm_M351,0,201,1,1,0,"2022/06/17 15:00:00",10067101,"2022/06/26 14:59:59",bgm_M351,10067,0,0
0,0,"왕도 랜드솔",bgm_M351,0,201,2,1,0,"2022/06/17 15:00:00",10067102,"2022/06/26 14:59:59",bgm_M351,10067,0,0
0,0,"엘리자베스 파크",bgm_M351,0,201,3,1,0,"2022/06/17 15:00:00",10067103,"2022/06/26 14:59:59",bgm_M351,10067,0,0
0,0,"엘리자베스 파크",bgm_M351,0,201,1,1,0,"2022/06/17 15:00:00",10067201,"2022/06/26 14:59:59",bgm_M351,10067,0,0
0,40,"장난감 공장",bgm_M478,0,201,1,1,0,"2022/06/30 15:00:00",10068101,"2022/07/18 14:59:59",bgm_M478_Lofi,10068,0,0
0,0,"왕도 랜드솔",bgm_M478,0,201,2,1,0,"2022/06/30 15:00:00",10068102,"2022/07/18 14:59:59",bgm_M478_Lofi,10068,0,0
0,0,"왕도 랜드솔",bgm_M478,0,201,0,1,0,"2022/06/30 15:00:00",10068201,"2022/07/18 14:59:59",bgm_M478_Lofi,10068,0,0
200,0,"이상한 나라",bgm_M375,0,201,0,1,0,"2022/07/18 15:00:00",10069101,"2022/07/27 14:59:59",bgm_M375,10069,0,0
100,0,"이상한 나라",bgm_M375,0,201,0,1,0,"2022/07/18 15:00:00",10069201,"2022/07/27 14:59:59",bgm_M375,10069,0,0
0,0,"왕도 랜드솔",bgm_M486,0,201,1,1,0,"2022/07/29 15:00:00",10070101,"2022/08/16 14:59:59",bgm_M486,10070,0,0
58,0,"어떤 무인도",bgm_M486,0,201,2,1,0,"2022/07/29 15:00:00",10070102,"2022/08/16 14:59:59",bgm_M486,10070,0,0
0,0,"왕도 랜드솔",bgm_M486,0,201,3,1,0,"2022/07/29 15:00:00",10070103,"2022/08/16 14:59:59",bgm_M486,10070,0,0
0,0,"왕도 랜드솔",bgm_M486,0,201,0,1,0,"2022/07/29 15:00:00",10070201,"2022/08/16 14:59:59",bgm_M486,10070,0,0
90,0,"위시 비치 주변",bgm_M380A,0,201,1,1,0,"2022/08/17 15:00:00",10071101,"2022/08/26 14:59:59",bgm_M380A,10071,0,0
0,0,"별이 내리는 은하수",bgm_M380B,0,201,2,1,0,"2022/08/17 15:00:00",10071102,"2022/08/26 14:59:59",bgm_M380B_02,10071,0,0
0,0,"별이 내리는 은하수",bgm_M380B,0,201,0,1,0,"2022/08/17 15:00:00",10071201,"2022/08/26 14:59:59",bgm_M380B_02,10071,0,0
100,0,"카르미나 서머 라이브 공연장",bgm_M496,0,201,1,1,0,"2022/08/29 15:00:00",10072101,"2022/09/16 14:59:59",bgm_M496,10072,0,0
0,0,"카르미나 서머 라이브 공연장",bgm_M496,0,201,0,1,0,"2022/08/29 15:00:00",10072201,"2022/09/16 14:59:59",bgm_M496,10072,0,0
115,0,"비치 볼 파크",bgm_M393,0,201,0,1,0,"2022/09/17 15:00:00",10073101,"2022/09/26 14:59:59",bgm_M393,10073,0,0
0,0,"비치 볼 파크",bgm_M393,0,201,0,1,0,"2022/09/17 15:00:00",10073201,"2022/09/26 14:59:59",bgm_M393,10073,0,0
0,0,"왕도 랜드솔",bgm_M508,0,201,1,1,0,"2022/09/29 15:00:00",10074101,"2022/10/17 14:59:59",bgm_M508,10074,0,0
45,0,"오에도 마을",bgm_M508,0,201,2,1,0,"2022/09/29 15:00:00",10074102,"2022/10/17 14:59:59",bgm_M508,10074,0,0
0,0,"오에도 마을",bgm_M508,0,201,0,1,0,"2022/09/29 15:00:00",10074201,"2022/10/17 14:59:59",bgm_M508,10074,0,0
80,0,"왕도 랜드솔",bgm_M403,0,201,1,1,0,"2022/10/17 15:00:00",10075101,"2022/10/26 14:59:59",bgm_M403,10075,0,0
0,0,"왕도 랜드솔",bgm_M403,0,201,1,1,0,"2022/10/17 15:00:00",10075201,"2022/10/26 14:59:59",bgm_M403,10075,0,0
128,0,"왕도 랜드솔",bgm_M520,0,201,1,1,0,"2022/10/31 15:00:00",10076101,"2022/11/18 14:59:59",bgm_M520,10076,0,0
0,0,"왕도 랜드솔",bgm_M520,0,201,2,1,0,"2022/10/31 15:00:00",10076102,"2022/11/18 14:59:59",bgm_M520,10076,0,0
0,0,"왕도 랜드솔",bgm_M520,0,201,1,1,0,"2022/10/31 15:00:00",10076201,"2022/11/18 14:59:59",bgm_M520,10076,0,31
128,0,"할로윈 파크",bgm_M413,0,201,0,1,0,"2022/11/17 15:00:00",10077101,"2022/11/26 14:59:59",bgm_M413,10077,0,0
0,0,"할로윈 파크",bgm_M413,0,201,0,1,0,"2022/11/17 15:00:00",10077201,"2022/11/26 14:59:59",bgm_M413,10077,0,0
40,0,"왕도 랜드솔",bgm_M527,0,201,1,1,0,"2022/12/01 15:00:00",10078101,"2022/12/19 14:59:59",bgm_M527,10078,0,0
0,0,"랜드솔 근교",bgm_M527,0,201,2,1,0,"2022/12/01 15:00:00",10078102,"2022/12/19 14:59:59",bgm_M527,10078,0,0
0,0,"랜드솔 근교",bgm_M527,0,201,0,1,0,"2022/12/01 15:00:00",10078201,"2022/12/19 14:59:59",bgm_M527,10078,0,0
80,0,"왕도 랜드솔",bgm_M421,0,201,1,1,0,"2022/12/17 15:00:00",10079101,"2022/12/26 14:59:59",bgm_M421,10079,0,0
0,0,"왕도 랜드솔",bgm_M421,0,201,1,1,0,"2022/12/17 15:00:00",10079201,"2022/12/26 14:59:59",bgm_M421,10079,0,0
70,0,"디저트 콘테스트 대회장",bgm_M536,0,201,1,1,0,"2022/12/29 15:00:00",10080101,"2023/01/16 14:59:59",bgm_M536,10080,0,0
0,0,"디저트 콘테스트 대회장",bgm_M536,0,201,0,1,0,"2022/12/29 15:00:00",10080201,"2023/01/16 14:59:59",bgm_M536,10080,0,0
60,0,"데뷔탕트 샹그릴라 파티장",bgm_M426,0,201,1,1,0,"2023/01/15 15:00:00",10081101,"2023/01/24 14:59:59",bgm_M426,10081,0,0
0,0,"데뷔탕트 샹그릴라 파티장",bgm_M426,0,201,1,1,0,"2023/01/15 15:00:00",10081201,"2023/01/24 14:59:59",bgm_M426,10081,0,0
0,0,"랜드솔 근교",bgm_M543,0,201,1,1,0,"2023/01/30 15:00:00",10082101,"2023/02/13 14:59:59",bgm_M543,10082,0,0
0,0,"항구 도시 오마",bgm_M543,0,201,2,1,0,"2023/01/30 15:00:00",10082102,"2023/02/13 14:59:59",bgm_M543,10082,0,0
0,0,"타파스 해변 주변",bgm_M543,0,201,3,1,0,"2023/01/30 15:00:00",10082103,"2023/02/13 14:59:59",bgm_M543,10082,0,0
0,0,"가스트로스 산",bgm_M543,0,201,4,1,0,"2023/01/30 15:00:00",10082104,"2023/02/13 14:59:59",bgm_M543,10082,0,0
0,0,"가스트로스 산",bgm_M543,0,201,0,1,0,"2023/01/30 15:00:00",10082201,"2023/02/13 14:59:59",bgm_M543,10082,0,0
100,0,"항구 도시 오마",bgm_M435,0,201,1,1,0,"2023/02/17 15:00:00",10083101,"2023/02/24 14:59:59",bgm_M435,10083,0,0
0,0,"항구 도시 오마",bgm_M435,0,201,1,1,0,"2023/02/17 15:00:00",10083201,"2023/02/24 14:59:59",bgm_M435,10083,0,0
0,0,"왕도 랜드솔",bgm_M552,0,201,1,1,0,"2023/03/02 15:00:00",10084101,"2023/03/22 14:59:59",bgm_M552_03,10084,0,0
0,0,"랜드솔 근교",bgm_M552,0,201,2,1,0,"2023/03/02 15:00:00",10084102,"2023/03/22 14:59:59",bgm_M552_03,10084,0,0
0,0,"이리스 밀림",bgm_M552,0,201,3,1,0,"2023/03/02 15:00:00",10084103,"2023/03/22 14:59:59",bgm_M552_03,10084,0,0
0,0,"플로라 호수",bgm_M552,0,201,4,1,0,"2023/03/02 15:00:00",10084104,"2023/03/22 14:59:59",bgm_M552_03,10084,0,0
0,0,"플로라 호수",bgm_M552,0,201,0,1,0,"2023/03/02 15:00:00",10084201,"2023/03/22 14:59:59",bgm_M552_03,10084,0,0
40,0,"왕도 랜드솔",bgm_M553,0,201,1,1,0,"2023/03/09 15:00:00",10085101,"2023/03/22 14:59:59",bgm_M553,10085,0,0
0,0,"세계와 세계의 틈새",bgm_M553,0,201,2,1,0,"2023/03/09 15:00:00",10085102,"2023/03/22 14:59:59",bgm_M553,10085,0,0
0,0,"세계와 세계의 틈새",bgm_M553,0,201,0,1,0,"2023/03/09 15:00:00",10085201,"2023/03/22 14:59:59",bgm_M553,10085,0,0
70,0,"랜드솔 근교",bgm_M442A,0,201,1,1,0,"2023/03/12 15:00:00",10086101,"2023/03/24 14:59:59",bgm_M442A,10086,0,0
0,0,"랜드솔 근교",bgm_M442A,0,201,0,1,0,"2023/03/12 15:00:00",10086201,"2023/03/24 14:59:59",bgm_M442A,10086,0,0
25,0,"엘프 마을 청아한 숲",bgm_M442B,0,201,0,1,0,"2023/03/18 15:00:00",10087101,"2023/03/24 14:59:59",bgm_M442B,10087,0,0
0,0,"엘프 마을 청아한 숲",bgm_M442B,0,201,0,1,0,"2023/03/18 15:00:00",10087201,"2023/03/24 14:59:59",bgm_M442B,10087,0,0
0,0,"사렌디아 구호원 내부",bgm_M565,0,201,1,1,0,"2023/03/29 15:00:00",10088101,"2023/04/12 14:59:59",bgm_M565,10088,0,0
0,0,"엘리자베스 파크 목장 온천",bgm_M565,0,201,2,1,0,"2023/03/29 15:00:00",10088102,"2023/04/12 14:59:59",bgm_M565,10088,0,0
0,0,"엘리자베스 파크 목장 온천",bgm_M565,0,201,0,1,0,"2023/03/29 15:00:00",10088201,"2023/04/12 14:59:59",bgm_M565,10088,0,0
0,0,"랜드솔 근교",bgm_M451,0,201,1,1,0,"2023/04/14 15:00:00",10089101,"2023/04/21 14:59:59",bgm_M451,10089,0,0
0,0,"변경 지역",bgm_M451,0,201,2,1,0,"2023/04/14 15:00:00",10089102,"2023/04/21 14:59:59",bgm_M451,10089,0,0
0,0,"변경 지역",bgm_M451,0,201,0,1,0,"2023/04/14 15:00:00",10089201,"2023/04/21 14:59:59",bgm_M451,10089,0,0
0,0,"랜드솔 근교",bgm_M574,0,201,1,1,0,"2023/05/02 15:00:00",10090101,"2023/05/16 14:59:59",bgm_M574,10090,0,0
0,0,"카지노 홀",bgm_M574,0,201,2,1,0,"2023/05/02 15:00:00",10090102,"2023/05/16 14:59:59",bgm_M574,10090,0,0
0,0,"카지노 홀",bgm_M574,0,201,0,1,0,"2023/05/02 15:00:00",10090201,"2023/05/16 14:59:59",bgm_M574,10090,0,0
91,0,"성 테레사 여학원 성학제 현장",bgm_M457,0,201,1,1,0,"2023/05/18 15:00:00",10091101,"2023/05/25 14:59:59",bgm_M457,10091,0,0
0,0,"성 테레사 여학원 성학제 현장",bgm_M457,0,201,0,1,0,"2023/05/18 15:00:00",10091201,"2023/05/25 14:59:59",bgm_M457,10091,0,0
0,0,"저주받은 해적섬",bgm_M582,0,201,1,1,0,"2023/05/30 15:00:00",10092101,"2023/06/13 14:59:59",bgm_M582,10092,0,0
0,0,"저주받은 해적섬",bgm_M582,0,201,0,1,0,"2023/05/30 15:00:00",10092201,"2023/06/13 14:59:59",bgm_M582,10092,0,0
90,0,"다른 시간 축의 랜드솔",bgm_M467,0,201,1,1,0,"2023/06/15 15:00:00",10093101,"2023/06/22 14:59:59",bgm_M467,10093,0,0
0,0,"타임 터널",bgm_M467,0,201,2,1,0,"2023/06/15 15:00:00",10093102,"2023/06/22 14:59:59",bgm_M467,10093,0,0
0,0,"타임 터널",bgm_M467,0,201,0,1,0,"2023/06/15 15:00:00",10093201,"2023/06/22 14:59:59",bgm_M467,10093,0,0
128,0,"캠핑 필드",bgm_M595,0,201,1,1,0,"2023/06/29 15:00:00",10094101,"2023/07/13 14:59:59",bgm_M595,10094,0,0
0,0,"캠핑 필드",bgm_M595,0,201,0,1,0,"2023/06/29 15:00:00",10094201,"2023/07/13 14:59:59",bgm_M595,10094,0,0
0,40,"장난감 공장",bgm_M478,0,201,1,1,0,"2023/07/15 15:00:00",10095101,"2023/07/22 14:59:59",bgm_M478_Lofi,10095,0,0
0,0,"왕도 랜드솔",bgm_M478,0,201,2,1,0,"2023/07/15 15:00:00",10095102,"2023/07/22 14:59:59",bgm_M478_Lofi,10095,0,0
0,0,"왕도 랜드솔",bgm_M478,0,201,0,1,0,"2023/07/15 15:00:00",10095201,"2023/07/22 14:59:59",bgm_M478_Lofi,10095,0,0
0,0,"왕도 랜드솔",bgm_M601,0,201,1,1,0,"2023/08/01 15:00:00",10096101,"2023/08/15 14:59:59",bgm_M601,10096,0,0
80,0,"서머 게임 리조트",bgm_M601,0,201,2,1,0,"2023/08/01 15:00:00",10096102,"2023/08/15 14:59:59",bgm_M601,10096,0,0
0,0,"서머 게임 리조트",bgm_M601,0,201,0,1,0,"2023/08/01 15:00:00",10096201,"2023/08/15 14:59:59",bgm_M601,10096,0,0
0,0,"왕도 랜드솔",bgm_M486,0,201,1,1,0,"2023/08/17 15:00:00",10097101,"2023/08/24 14:59:59",bgm_M486,10097,0,0
58,0,"어떤 무인도",bgm_M486,0,201,2,1,0,"2023/08/17 15:00:00",10097102,"2023/08/24 14:59:59",bgm_M486,10097,0,0
0,0,"왕도 랜드솔",bgm_M486,0,201,3,1,0,"2023/08/17 15:00:00",10097103,"2023/08/24 14:59:59",bgm_M486,10097,0,0
0,0,"왕도 랜드솔",bgm_M486,0,201,0,1,0,"2023/08/17 15:00:00",10097201,"2023/08/24 14:59:59",bgm_M486,10097,0,0
0,0,"작은 만남의 해안",bgm_M608,0,201,1,1,0,"2023/08/30 15:00:00",10098101,"2023/09/13 14:59:59",bgm_M608,10098,0,0
0,0,"리틀 리리컬 비밀 기지 근처",bgm_M608,0,201,2,1,0,"2023/08/30 15:00:00",10098102,"2023/09/13 14:59:59",bgm_M608,10098,0,0
0,0,"작은 만남의 해안",bgm_M608,0,201,3,1,0,"2023/08/30 15:00:00",10098103,"2023/09/13 14:59:59",bgm_M608,10098,0,0
0,0,"작은 만남의 해안",bgm_M608,0,201,0,1,0,"2023/08/30 15:00:00",10098201,"2023/09/13 14:59:59",bgm_M608,10098,0,0
100,0,"카르미나 서머 라이브 공연장",bgm_M496,0,201,1,1,0,"2023/09/17 15:00:00",10099101,"2023/09/24 14:59:59",bgm_M496,10099,0,0
0,0,"카르미나 서머 라이브 공연장",bgm_M496,0,201,0,1,0,"2023/09/17 15:00:00",10099201,"2023/09/24 14:59:59",bgm_M496,10099,0,0
0,0,"땅끝으로 향하는 여행길",bgm_M618,0,201,1,1,0,"2023/09/25 15:00:00",10100101,"2023/10/09 14:59:59",bgm_M618,10100,0,0
30,0,"세계끝의 숲",bgm_M618,0,201,2,1,0,"2023/09/25 15:00:00",10100102,"2023/10/09 14:59:59",bgm_M618,10100,0,0
0,0,"세계끝의 숲",bgm_M618,0,201,0,1,0,"2023/09/25 15:00:00",10100201,"2023/10/09 14:59:59",bgm_M618,10100,0,0
0,0,"왕도 랜드솔",bgm_M508,0,201,1,1,0,"2023/10/17 15:00:00",10101101,"2023/10/24 14:59:59",bgm_M508,10101,0,0
45,0,"오에도 마을",bgm_M508,0,201,2,1,0,"2023/10/17 15:00:00",10101102,"2023/10/24 14:59:59",bgm_M508,10101,0,0
0,0,"오에도 마을",bgm_M508,0,201,0,1,0,"2023/10/17 15:00:00",10101201,"2023/10/24 14:59:59",bgm_M508,10101,0,0
115,0,"랜드솔 페스티벌 현장",bgm_M623,0,201,1,1,0,"2023/11/02 15:00:00",10102101,"2023/11/16 14:59:59",bgm_M623,10102,0,0
0,0,"랜드솔 페스티벌 현장",bgm_M623,0,201,1,1,0,"2023/11/02 15:00:00",10102201,"2023/11/16 14:59:59",bgm_M623,10102,0,0
128,0,"왕도 랜드솔",bgm_M520,0,201,1,1,0,"2023/11/18 15:00:00",10103101,"2023/11/25 14:59:59",bgm_M520,10103,0,0
0,0,"왕도 랜드솔",bgm_M520,0,201,2,1,0,"2023/11/18 15:00:00",10103102,"2023/11/25 14:59:59",bgm_M520,10103,0,0
0,0,"왕도 랜드솔",bgm_M520,0,201,1,1,0,"2023/11/18 15:00:00",10103201,"2023/11/25 14:59:59",bgm_M520,10103,0,31
0,0,"왕도 랜드솔",bgm_M630,0,201,1,1,0,"2023/11/30 15:00:00",10104101,"2023/12/14 14:59:59",bgm_M630,10104,0,0
30,0,"평화 교섭 활동의 길",bgm_M630,0,201,2,1,0,"2023/11/30 15:00:00",10104102,"2023/12/14 14:59:59",bgm_M630,10104,0,0
0,0,"평화 교섭 활동의 길",bgm_M630,0,201,0,1,0,"2023/11/30 15:00:00",10104201,"2023/12/14 14:59:59",bgm_M630,10104,0,0
40,0,"왕도 랜드솔",bgm_M527,0,201,1,1,0,"2023/12/16 15:00:00",10105101,"2023/12/23 14:59:59",bgm_M527,10105,0,0
0,0,"랜드솔 근교",bgm_M527,0,201,2,1,0,"2023/12/16 15:00:00",10105102,"2023/12/23 14:59:59",bgm_M527,10105,0,0
0,0,"랜드솔 근교",bgm_M527,0,201,0,1,0,"2023/12/16 15:00:00",10105201,"2023/12/23 14:59:59",bgm_M527,10105,0,0
110,0,"랜드솔 번화가",bgm_M638,0,201,1,1,0,"2023/12/28 15:00:00",10106101,"2024/01/11 14:59:59",bgm_M638,10106,0,11
0,0,"랜드솔 번화가",bgm_M638,0,201,0,1,0,"2023/12/28 15:00:00",10106201,"2024/01/11 14:59:59",bgm_M638,10106,0,0
70,0,"디저트 콘테스트 대회장",bgm_M536,0,201,1,1,0,"2024/01/16 15:00:00",10107101,"2024/01/23 14:59:59",bgm_M536,10107,0,0
0,0,"디저트 콘테스트 대회장",bgm_M536,0,201,0,1,0,"2024/01/16 15:00:00",10107201,"2024/01/23 14:59:59",bgm_M536,10107,0,0
45,0,"오에도 마을",bgm_M647,0,201,1,1,0,"2024/01/30 15:00:00",10108101,"2024/02/13 14:59:59",bgm_M647,10108,0,0
0,0,"오에도 마을",bgm_M647,0,201,0,1,0,"2024/01/30 15:00:00",10108201,"2024/02/13 14:59:59",bgm_M647,10108,0,0
0,0,"랜드솔 근교",bgm_M543,0,201,1,1,0,"2024/02/16 15:00:00",10109101,"2024/02/23 14:59:59",bgm_M543,10109,0,0
0,0,"항구 도시 오마",bgm_M543,0,201,2,1,0,"2024/02/16 15:00:00",10109102,"2024/02/23 14:59:59",bgm_M543,10109,0,0
0,0,"타파스 해안 주변",bgm_M543,0,201,3,1,0,"2024/02/16 15:00:00",10109103,"2024/02/23 14:59:59",bgm_M543,10109,0,0
0,0,"가스트로스 산",bgm_M543,0,201,4,1,0,"2024/02/16 15:00:00",10109104,"2024/02/23 14:59:59",bgm_M543,10109,0,0
0,0,"가스트로스 산",bgm_M543,0,201,0,1,0,"2024/02/16 15:00:00",10109201,"2024/02/23 14:59:59",bgm_M543,10109,0,0
85,0,"왕도 랜드솔 여신의 제전",bgm_M659,0,201,1,1,0,"2024/02/29 15:00:00",10110101,"2024/03/22 14:59:59",bgm_M659,10110,0,0
0,0,"왕도 랜드솔 여신의 제전",bgm_M659,0,201,1,1,0,"2024/02/29 15:00:00",10110201,"2024/03/22 14:59:59",bgm_M659,10110,0,0
0,0,"왕도 랜드솔 여신의 제전",bgm_M660,0,201,1,1,0,"2024/03/07 15:00:00",10111101,"2024/03/22 14:59:59",bgm_M660,10111,0,0
0,0,"추억의 낙원",bgm_M660,0,201,2,1,0,"2024/03/07 15:00:00",10111102,"2024/03/22 14:59:59",bgm_M660,10111,0,0
0,0,"추억의 낙원",bgm_M660,0,201,0,1,0,"2024/03/07 15:00:00",10111201,"2024/03/22 14:59:59",bgm_M660,10111,0,0
0,0,"왕도 랜드솔",bgm_M552,0,201,1,1,0,"2024/03/09 15:00:00",10112101,"2024/03/22 14:59:59",bgm_M552_03,10112,0,0
0,0,"랜드솔 근교",bgm_M552,0,201,2,1,0,"2024/03/09 15:00:00",10112102,"2024/03/22 14:59:59",bgm_M552_03,10112,0,0
0,0,"이리스 밀림",bgm_M552,0,201,3,1,0,"2024/03/09 15:00:00",10112103,"2024/03/22 14:59:59",bgm_M552_03,10112,0,0
0,0,"플로라 호수",bgm_M552,0,201,4,1,0,"2024/03/09 15:00:00",10112104,"2024/03/22 14:59:59",bgm_M552_03,10112,0,0
0,0,"플로라 호수",bgm_M552,0,201,0,1,0,"2024/03/09 15:00:00",10112201,"2024/03/22 14:59:59",bgm_M552_03,10112,0,0
40,0,"왕도 랜드솔",bgm_M553,0,201,1,1,0,"2024/03/14 15:00:00",10113101,"2024/03/22 14:59:59",bgm_M553,10113,0,0
0,0,"세계와 세계의 틈새",bgm_M553,0,201,2,1,0,"2024/03/14 15:00:00",10113102,"2024/03/22 14:59:59",bgm_M553,10113,0,0
0,0,"세계와 세계의 틈새",bgm_M553,0,201,0,1,0,"2024/03/14 15:00:00",10113201,"2024/03/22 14:59:59",bgm_M553,10113,0,0
108,0,"랜드솔 시가지",bgm_M668,0,201,1,1,0,"2024/03/30 15:00:00",10114101,"2024/04/13 14:59:59",bgm_M668,10114,0,0
0,0,"랜드솔 시가지",bgm_M668,0,201,1,1,0,"2024/03/30 15:00:00",10114201,"2024/04/13 14:59:59",bgm_M668,10114,0,0
20,0,"사렌디아 구호원 내부",bgm_M565,0,201,1,1,0,"2024/04/16 15:00:00",10115101,"2024/04/23 14:59:59",bgm_M565,10115,0,0
0,0,"엘리자베스 파크 목장 온천",bgm_M565,0,201,2,1,0,"2024/04/16 15:00:00",10115102,"2024/04/23 14:59:59",bgm_M565,10115,0,0
0,0,"엘리자베스 파크 목장 온천",bgm_M565,0,201,0,1,0,"2024/04/16 15:00:00",10115201,"2024/04/23 14:59:59",bgm_M565,10115,0,0
128,0,"레인저 합숙소 주변",bgm_MC017,0,201,1,1,0,"2024/04/30 15:00:00",10116101,"2024/05/14 14:59:59",bgm_MC017,10116,0,0
0,0,"레인저 합숙소 주변",bgm_MC017,0,201,0,1,0,"2024/04/30 15:00:00",10116201,"2024/05/14 14:59:59",bgm_MC017,10116,0,0
0,0,"랜드솔 교외",bgm_M574,0,201,1,1,0,"2024/05/16 15:00:00",10117101,"2024/05/23 14:59:59",bgm_M574,10117,0,0
0,0,"카지노 홀",bgm_M574,0,201,2,1,0,"2024/05/16 15:00:00",10117102,"2024/05/23 14:59:59",bgm_M574,10117,0,0
0,0,"카지노 홀",bgm_M574,0,201,0,1,0,"2024/05/16 15:00:00",10117201,"2024/05/23 14:59:59",bgm_M574,10117,0,0
0,0,"플리 마켓 현장",bgm_MC026,0,201,1,1,0,"2024/05/28 15:00:00",10118101,"2024/06/11 14:59:59",bgm_MC026,10118,0,0
110,0,"예지의 숲 주변",bgm_MC026,0,201,2,1,0,"2024/05/28 15:00:00",10118102,"2024/06/11 14:59:59",bgm_MC026,10118,0,0
0,0,"예지의 숲 주변",bgm_MC026,0,201,0,1,0,"2024/05/28 15:00:00",10118201,"2024/06/11 14:59:59",bgm_MC026,10118,0,0
0,0,"저주받은 해적섬",bgm_M582,0,201,1,1,0,"2024/06/14 15:00:00",10119101,"2024/06/21 14:59:59",bgm_M582,10119,0,0
0,0,"저주받은 해적섬",bgm_M582,0,201,0,1,0,"2024/06/14 15:00:00",10119201,"2024/06/21 14:59:59",bgm_M582,10119,0,0
45,0,"마족 마을",bgm_MC036,0,201,1,1,0,"2024/07/02 15:00:00",10120101,"2024/07/16 14:59:59",bgm_MC036,10120,0,0
0,0,"마족 마을",bgm_MC036,0,201,0,1,0,"2024/07/02 15:00:00",10120201,"2024/07/16 14:59:59",bgm_MC036,10120,0,0
128,0,"캠핑 필드",bgm_M595,0,201,1,1,0,"2024/07/16 15:00:00",10121101,"2024/07/23 14:59:59",bgm_M595,10121,0,0
0,0,"캠핑 필드",bgm_M595,0,201,0,1,0,"2024/07/16 15:00:00",10121201,"2024/07/23 14:59:59",bgm_M595,10121,0,0
0,0,"랜드솔 근교",bgm_MC046,0,201,1,1,0,"2024/07/31 15:00:00",10122101,"2024/08/14 14:59:59",bgm_MC046,10122,0,0
110,0,"여름 오마",bgm_MC046,0,201,2,1,0,"2024/07/31 15:00:00",10122102,"2024/08/14 14:59:59",bgm_MC046,10122,0,0
0,0,"여름 오마",bgm_MC046,0,201,1,1,0,"2024/07/31 15:00:00",10122201,"2024/08/14 14:59:59",bgm_MC046,10122,0,0
0,0,"왕도 랜드솔",bgm_M601,0,201,1,1,0,"2024/08/17 15:00:00",10123101,"2024/08/24 14:59:59",bgm_M601,10123,0,0
80,0,"서머 게임 리조트",bgm_M601,0,201,2,1,0,"2024/08/17 15:00:00",10123102,"2024/08/24 14:59:59",bgm_M601,10123,0,0
0,0,"서머 게임 리조트",bgm_M601,0,201,0,1,0,"2024/08/17 15:00:00",10123201,"2024/08/24 14:59:59",bgm_M601,10123,0,0
0,0,"뷔 랜드솔",bgm_MC056,0,201,1,1,0,"2024/08/27 15:00:00",10124101,"2024/09/10 14:59:59",bgm_MC056,10124,0,0
110,0,"뷔 랜드솔",bgm_MC056,0,201,2,1,0,"2024/08/27 15:00:00",10124102,"2024/09/10 14:59:59",bgm_MC056,10124,0,0
0,0,"뷔 랜드솔",bgm_MC056,0,201,0,1,0,"2024/08/27 15:00:00",10124201,"2024/09/10 14:59:59",bgm_MC056,10124,0,0
0,0,"작은 만남의 해안",bgm_M608,0,201,1,1,0,"2024/09/14 15:00:00",10125101,"2024/09/21 14:59:59",bgm_M608,10125,0,0
0,0,"리틀 리리컬 비밀 기지 근처",bgm_M608,0,201,2,1,0,"2024/09/14 15:00:00",10125102,"2024/09/21 14:59:59",bgm_M608,10125,0,0
0,0,"작은 만남의 해안",bgm_M608,0,201,3,1,0,"2024/09/14 15:00:00",10125103,"2024/09/21 14:59:59",bgm_M608,10125,0,0
0,0,"작은 만남의 해안",bgm_M608,0,201,0,1,0,"2024/09/14 15:00:00",10125201,"2024/09/21 14:59:59",bgm_M608,10125,0,0
128,0,"앰브로즈 마법 학원",bgm_MC063,0,201,1,1,0,"2024/09/30 15:00:00",10126101,"2024/10/14 14:59:59",bgm_MC063,10126,0,0
0,0,"앰브로즈 마법 학원",bgm_MC063,0,201,0,1,0,"2024/09/30 15:00:00",10126201,"2024/10/14 14:59:59",bgm_MC063,10126,0,0
0,0,"땅끝으로 향하는 여행길",bgm_M618,0,201,1,1,0,"2024/10/16 15:00:00",10127101,"2024/10/23 14:59:59",bgm_M618,10127,0,0
30,0,"세계끝의 숲",bgm_M618,0,201,2,1,0,"2024/10/16 15:00:00",10127102,"2024/10/23 14:59:59",bgm_M618,10127,0,0
0,0,"세계끝의 숲",bgm_M618,0,201,0,1,0,"2024/10/16 15:00:00",10127201,"2024/10/23 14:59:59",bgm_M618,10127,0,0
128,0,"사막의 나라 사라사리아 주변",bgm_MC075,0,201,1,1,0,"2024/10/30 15:00:00",10128101,"2024/11/13 14:59:59",bgm_MC075,10128,0,0
0,0,"사막의 나라 사라사리아 주변",bgm_MC075,0,201,0,1,0,"2024/10/30 15:00:00",10128201,"2024/11/13 14:59:59",bgm_MC075,10128,0,0
115,0,"랜드솔 페스티벌 현장",bgm_M623,0,201,1,1,0,"2024/11/17 15:00:00",10129101,"2024/11/24 14:59:59",bgm_M623,10129,0,0
0,0,"랜드솔 페스티벌 현장",bgm_M623,0,201,1,1,0,"2024/11/17 15:00:00",10129201,"2024/11/24 14:59:59",bgm_M623,10129,0,0
0,0,"왕도 랜드솔",bgm_MC082,0,201,1,1,0,"2024/11/28 15:00:00",10130101,"2024/12/12 14:59:59",bgm_MC082,10130,0,0
0,0,"왕도 랜드솔",bgm_MC082,0,201,0,1,0,"2024/11/28 15:00:00",10130201,"2024/12/12 14:59:59",bgm_MC082,10130,0,0
0,0,"왕도 랜드솔",bgm_M630,0,201,1,1,0,"2024/12/14 15:00:00",10131101,"2024/12/21 14:59:59",bgm_M630,10131,0,0
30,0,"평화 교섭 활동의 길",bgm_M630,0,201,2,1,0,"2024/12/14 15:00:00",10131102,"2024/12/21 14:59:59",bgm_M630,10131,0,0
0,0,"평화 교섭 활동의 길",bgm_M630,0,201,0,1,0,"2024/12/14 15:00:00",10131201,"2024/12/21 14:59:59",bgm_M630,10131,0,0
50,0,"랜드솔 번화가",bgm_MC091,0,201,1,1,0,"2024/12/27 15:00:00",10132101,"2025/01/10 14:59:59",bgm_MC091,10132,0,0
0,0,"랜드솔 번화가",bgm_MC091,0,201,0,1,0,"2024/12/27 15:00:00",10132201,"2025/01/10 14:59:59",bgm_MC091,10132,0,0
110,0,"랜드솔 번화가",bgm_M638,0,201,1,1,0,"2025/01/16 15:00:00",10133101,"2025/01/23 14:59:59",bgm_M638,10133,0,11
0,0,"랜드솔 번화가",bgm_M638,0,201,0,1,0,"2025/01/16 15:00:00",10133201,"2025/01/23 14:59:59",bgm_M638,10133,0,0
0,0,"엘프의 숲 주변",bgm_MC099,0,201,1,1,0,"2025/01/27 15:00:00",10134101,"2025/02/10 14:59:59",bgm_MC099,10134,0,0
0,0,"섣달그믐날의 왕도 랜드솔",bgm_MC099,0,201,2,1,0,"2025/01/27 15:00:00",10134102,"2025/02/10 14:59:59",bgm_MC099,10134,0,0
0,0,"섣달그믐날의 왕도 랜드솔",bgm_MC099,0,201,0,1,0,"2025/01/27 15:00:00",10134201,"2025/02/10 14:59:59",bgm_MC099,10134,0,0
45,0,"오에도 마을",bgm_M647,0,201,1,1,0,"2025/02/17 15:00:00",10135101,"2025/02/24 14:59:59",bgm_M647,10135,0,0
0,0,"오에도 마을",bgm_M647,0,201,0,1,0,"2025/02/17 15:00:00",10135201,"2025/02/24 14:59:59",bgm_M647,10135,0,0
85,0,"붉게 물든 랜드솔",bgm_MC110,0,201,1,1,0,"2025/02/27 15:00:00",10136101,"2025/03/25 14:59:59",bgm_MC110_02,10136,0,0
0,0,"붉게 물든 랜드솔",bgm_MC110,0,201,1,1,0,"2025/02/27 15:00:00",10136201,"2025/03/25 14:59:59",bgm_MC110_02,10136,0,0
85,0,"검은 장미가 피어나는 곳으로",bgm_MC111,0,201,1,1,0,"2025/03/06 15:00:00",10137101,"2025/03/25 14:59:59",bgm_MC111,10137,0,0
0,0,"검은 장미가 피어나는 곳으로",bgm_MC111,0,201,0,1,0,"2025/03/06 15:00:00",10137201,"2025/03/25 14:59:59",bgm_MC111,10137,0,0
85,0,"왕도 랜드솔 여신의 제전",bgm_M659,0,201,1,1,0,"2025/03/08 15:00:00",10138101,"2025/03/21 14:59:59",bgm_M659,10138,0,0
0,0,"왕도 랜드솔 여신의 제전",bgm_M659,0,201,1,1,0,"2025/03/08 15:00:00",10138201,"2025/03/21 14:59:59",bgm_M659,10138,0,0
0,0,"왕도 랜드솔 여신의 제전",bgm_M660,0,201,1,1,0,"2025/03/13 15:00:00",10139101,"2025/03/21 14:59:59",bgm_M660,10139,0,0
0,0,"추억의 낙원",bgm_M660,0,201,2,1,0,"2025/03/13 15:00:00",10139102,"2025/03/21 14:59:59",bgm_M660,10139,0,0
0,0,"추억의 낙원",bgm_M660,0,201,0,1,0,"2025/03/13 15:00:00",10139201,"2025/03/21 14:59:59",bgm_M660,10139,0,0
0,0,"테미스 설산",bgm_MC124,0,201,1,1,0,"2025/03/31 15:00:00",10140101,"2025/04/14 14:59:59",bgm_MC124,10140,0,0
0,0,"성 테레사 여학원",bgm_MC124,0,201,2,1,0,"2025/03/31 15:00:00",10140102,"2025/04/14 14:59:59",bgm_MC124,10140,0,0
0,0,"성 테레사 여학원",bgm_MC124,0,201,0,1,0,"2025/03/31 15:00:00",10140201,"2025/04/14 14:59:59",bgm_MC124,10140,0,0
108,0,"랜드솔 시가지",bgm_M668,0,201,1,1,0,"2025/04/15 15:00:00",10141101,"2025/04/22 14:59:59",bgm_M668,10141,0,0
0,0,"랜드솔 시가지",bgm_M668,0,201,1,1,0,"2025/04/15 15:00:00",10141201,"2025/04/22 14:59:59",bgm_M668,10141,0,0
50,0,"훈련 캠프",bgm_MC136,0,201,1,1,0,"2025/04/30 15:00:00",10142101,"2025/05/14 14:59:59",bgm_MC136,10142,0,0
0,0,"훈련 캠프",bgm_MC136,0,201,0,1,0,"2025/04/30 15:00:00",10142201,"2025/05/14 14:59:59",bgm_MC136,10142,0,0
128,0,"레인저 합숙소 주변",bgm_MC017,0,201,1,1,0,"2025/05/15 15:00:00",10143101,"2025/05/22 14:59:59",bgm_MC017,10143,0,0
0,0,"레인저 합숙소 주변",bgm_MC017,0,201,0,1,0,"2025/05/15 15:00:00",10143201,"2025/05/22 14:59:59",bgm_MC017,10143,0,0
50,0,"플라워 빌리지 주변",bgm_MC143,0,201,1,1,0,"2025/05/29 15:00:00",10144101,"2025/06/12 14:59:59",bgm_MC143,10144,0,0
0,0,"플라워 빌리지 주변",bgm_MC143,0,201,0,1,0,"2025/05/29 15:00:00",10144201,"2025/06/12 14:59:59",bgm_MC143,10144,0,0
0,0,"플리 마켓 현장",bgm_MC026,0,201,1,1,0,"2025/06/13 15:00:00",10145101,"2025/06/20 14:59:59",bgm_MC026,10145,0,0
110,0,"예지의 숲 주변",bgm_MC026,0,201,2,1,0,"2025/06/13 15:00:00",10145102,"2025/06/20 14:59:59",bgm_MC026,10145,0,0
0,0,"예지의 숲 주변",bgm_MC026,0,201,0,1,0,"2025/06/13 15:00:00",10145201,"2025/06/20 14:59:59",bgm_MC026,10145,0,0
0,64,"그랜드림 파크",bgm_MC147,0,201,1,1,0,"2025/06/30 15:00:00",10146101,"2025/07/14 14:59:59",bgm_MC147_03,10146,0,0
0,0,"그랜드림 파크",bgm_MC147,0,201,0,1,0,"2025/06/30 15:00:00",10146201,"2025/07/14 14:59:59",bgm_MC147_03,10146,0,0
45,0,"마족 마을",bgm_MC036,0,201,1,1,0,"2025/07/15 15:00:00",10147101,"2025/07/22 14:59:59",bgm_MC036,10147,0,0
0,0,"마족 마을",bgm_MC036,0,201,0,1,0,"2025/07/15 15:00:00",10147201,"2025/07/22 14:59:59",bgm_MC036,10147,0,0
0,0,"렛츠 고, 착한 일 클럽!",bgm_MC156,0,201,0,1,0,"2025/07/29 15:00:00",10148101,"2025/08/12 14:59:59",bgm_MC156,10148,0,0
0,0,"렛츠 고, 착한 일 클럽!",bgm_MC156,0,201,0,1,0,"2025/07/29 15:00:00",10148201,"2025/08/12 14:59:59",bgm_MC156,10148,0,0
0,0,"랜드솔 근교",bgm_MC046,0,201,1,1,0,"2025/08/13 15:00:00",10149101,"2025/08/20 14:59:59",bgm_MC046,10149,0,0
110,0,"여름 오마",bgm_MC046,0,201,2,1,0,"2025/08/13 15:00:00",10149102,"2025/08/20 14:59:59",bgm_MC046,10149,0,0
0,0,"여름 오마",bgm_MC046,0,201,1,1,0,"2025/08/13 15:00:00",10149201,"2025/08/20 14:59:59",bgm_MC046,10149,0,0
50,0,"물의 도시 랜드솔",bgm_MC162,0,201,1,1,0,"2025/08/29 15:00:00",10150101,"2025/09/12 14:59:59",bgm_MC162_02,10150,0,0
0,0,"물의 도시 랜드솔",bgm_MC162,0,201,0,1,0,"2025/08/29 15:00:00",10150201,"2025/09/12 14:59:59",bgm_MC162_02,10150,0,0
0,0,"뷔 랜드솔",bgm_MC056,0,201,1,1,0,"2025/09/15 15:00:00",10151101,"2025/09/22 14:59:59",bgm_MC056,10151,0,0
110,0,"뷔 랜드솔",bgm_MC056,0,201,2,1,0,"2025/09/15 15:00:00",10151102,"2025/09/22 14:59:59",bgm_MC056,10151,0,0
0,0,"뷔 랜드솔",bgm_MC056,0,201,0,1,0,"2025/09/15 15:00:00",10151201,"2025/09/22 14:59:59",bgm_MC056,10151,0,0
70,0,"일일 점장의 궤적",bgm_MC186,0,201,1,1,0,"2025/10/31 15:00:00",10154101,"2025/11/14 14:59:59",bgm_MC186,10154,0,0
0,0,"일일 점장의 궤적",bgm_MC186,0,201,0,1,0,"2025/10/31 15:00:00",10154201,"2025/11/14 14:59:59",bgm_MC186,10154,0,0
128,0,"앰브로즈 마법 학원",bgm_MC063,0,201,1,1,0,"2025/10/01 15:00:00",10155101,"2025/10/15 14:59:59",bgm_MC063,10155,0,0
0,0,"앰브로즈 마법 학원",bgm_MC063,0,201,0,1,0,"2025/10/01 15:00:00",10155201,"2025/10/15 14:59:59",bgm_MC063,10155,0,0
50,0,"염국의 데스 로드",bgm_MC194,0,201,1,1,0,"2025/12/01 15:00:00",10156101,"2025/12/15 14:59:59",bgm_MC194,10156,0,0
0,0,"염국의 데스 로드",bgm_MC194,0,201,0,0,0,"2025/12/01 15:00:00",10156201,"2025/12/15 14:59:59",bgm_MC194,10156,0,0
128,0,"사막의 나라 사라사리아 주변",bgm_MC075,0,201,1,1,0,"2025/10/16 15:00:00",10157101,"2025/10/23 14:59:59",bgm_MC075,10157,0,0
0,0,"사막의 나라 사라사리아 주변",bgm_MC075,0,201,0,1,0,"2025/10/16 15:00:00",10157201,"2025/10/23 14:59:59",bgm_MC075,10157,0,0
0,0,"사랑을 잃어버린 랜드솔",bgm_MC213,0,201,1,1,0,"2025/12/31 15:00:00",10158101,"2026/01/14 14:59:59",bgm_MC213,10158,0,0
0,0,"사랑을 잃어버린 랜드솔",bgm_MC213,0,201,2,1,0,"2025/12/31 15:00:00",10158102,"2026/01/14 14:59:59",bgm_MC213,10158,0,0
0,0,"사랑을 잃어버린 랜드솔",bgm_MC213,0,201,0,1,0,"2025/12/31 15:00:00",10158201,"2026/01/14 14:59:59",bgm_MC213,10158,0,0
0,0,"왕도 랜드솔",bgm_MC082,0,201,1,1,0,"2025/11/18 15:00:00",10159101,"2025/11/25 14:59:59",bgm_MC082,10159,0,0
0,0,"왕도 랜드솔",bgm_MC082,0,201,0,1,0,"2025/11/18 15:00:00",10159201,"2025/11/25 14:59:59",bgm_MC082,10159,0,0
0,0,"영춘 지오 게헤나",bgm_MC215B,0,201,1,1,0,"2026/01/30 15:00:00",10160101,"2026/02/13 14:59:59",bgm_MC215B,10160,0,0
0,0,"영춘 랜드솔",bgm_MC215B,0,201,2,1,0,"2026/01/30 15:00:00",10160102,"2026/02/13 14:59:59",bgm_MC215B,10160,0,0
0,0,"영춘 랜드솔",bgm_MC215B,0,201,0,1,0,"2026/01/30 15:00:00",10160201,"2026/02/13 14:59:59",bgm_MC215B,10160,0,0
50,0,"랜드솔 번화가",bgm_MC091,0,201,1,1,0,"2025/12/19 15:00:00",10161101,"2025/12/26 14:59:59",bgm_MC091,10161,0,0
0,0,"랜드솔 번화가",bgm_MC091,0,201,0,1,0,"2025/12/19 15:00:00",10161201,"2025/12/26 14:59:59",bgm_MC091,10161,0,0
0,0,"엘프의 숲 주변",bgm_MC099,0,201,1,1,0,"2026/01/15 15:00:00",10163101,"2026/01/22 14:59:59",bgm_MC099,10163,0,0
0,0,"섣달그믐날의 왕도 랜드솔",bgm_MC099,0,201,2,1,0,"2026/01/15 15:00:00",10163102,"2026/01/22 14:59:59",bgm_MC099,10163,0,0
0,0,"섣달그믐날의 왕도 랜드솔",bgm_MC099,0,201,0,1,0,"2026/01/15 15:00:00",10163201,"2026/01/22 14:59:59",bgm_MC099,10163,0,0
85,0,"붉게 물든 랜드솔",bgm_MC110,0,201,1,1,0,"2026/02/13 15:00:00",10164101,"2026/02/26 14:59:59",bgm_MC110_02,10164,0,0
0,0,"붉게 물든 랜드솔",bgm_MC110,0,201,1,1,0,"2026/02/13 15:00:00",10164201,"2026/02/26 14:59:59",bgm_MC110_02,10164,0,0
85,0,"검은 장미가 피어나는 곳으로",bgm_MC111,0,201,1,1,0,"2026/02/18 15:00:00",10165101,"2026/02/26 14:59:59",bgm_MC111,10165,0,0
0,0,"검은 장미가 피어나는 곳으로",bgm_MC111,0,201,0,1,0,"2026/02/18 15:00:00",10165201,"2026/02/26 14:59:59",bgm_MC111,10165,0,0
