story_end,reward_value_2,reward_type_3,requirement_id,unlock_quest_id,lock_all_text,love_level,title,start_time,reward_type_1,end_time,story_id,reward_value_3,reward_id_1,story_quest_id,reward_id_2,reward_type_2,story_group_id,sub_title,reward_value_1,pre_story_id,reward_id_3,visible_type,can_bookmark
0,0,0,108,0,0,0,"루나의 탑 제1장 오프닝","2019/10/15 15:00:00",8,"2030/04/24 14:59:59",7001000,0,91002,0,0,0,7001,"탐색 시작! 루나의 탑",20,0,0,2,1
0,0,0,108,71010020,0,0,"루나의 탑 제1장 제1화","2019/10/15 15:00:00",8,"2030/04/24 14:59:59",7001001,0,91002,0,0,0,7001,"조사는 계속된다, 어디까지든",20,7001000,0,2,1
0,0,0,108,71010040,0,0,"루나의 탑 제1장 제2화","2019/10/15 15:00:00",8,"2030/04/24 14:59:59",7001002,0,91002,0,0,0,7001,"애교의 고수가 연애를 지배한다",20,7001001,0,2,1
0,0,0,108,71010050,0,0,"루나의 탑 제1장 제3화","2019/10/15 15:00:00",8,"2030/04/24 14:59:59",7001003,0,91002,0,0,0,7001,"오해받은 명탐정",20,7001002,0,2,1
0,0,0,108,71010060,0,0,"루나의 탑 제1장 제4화","2019/10/15 15:00:00",8,"2030/04/24 14:59:59",7001004,0,91002,0,0,0,7001,"침묵으로 일관하는 관계",20,7001003,0,2,1
0,0,0,108,71010070,0,0,"루나의 탑 제1장 제5화","2019/10/15 15:00:00",8,"2030/04/24 14:59:59",7001005,0,91002,0,0,0,7001,"기쁘고 창피한 도시락",20,7001004,0,2,1
0,0,0,108,71010070,0,0,"루나의 탑 제2장 오프닝","2019/11/12 15:00:00",8,"2030/04/24 14:59:59",7002000,0,91002,0,0,0,7002,"자매의 결의",20,7001005,0,2,1
0,0,0,108,71020075,0,0,"루나의 탑 제2장 제1화","2019/11/12 15:00:00",8,"2030/04/24 14:59:59",7002001,0,91002,0,0,0,7002,"솔직해지지 못해서",20,7002000,0,2,1
0,0,0,108,71020080,0,0,"루나의 탑 제2장 제2화","2019/11/12 15:00:00",8,"2030/04/24 14:59:59",7002002,0,91002,0,0,0,7002,"은밀한 질투",20,7002001,0,2,1
0,0,0,108,71020090,0,0,"루나의 탑 제2장 제3화","2019/11/12 15:00:00",8,"2030/04/24 14:59:59",7002003,0,91002,0,0,0,7002,"세상에서 제일 귀여워지고 싶어",20,7002002,0,2,1
0,0,0,108,71020100,0,0,"루나의 탑 제2장 제4화","2019/11/12 15:00:00",8,"2030/04/24 14:59:59",7002004,0,91002,0,0,0,7002,"잠깐의 휴식은 게임과 함께",20,7002003,0,2,1
0,0,0,108,71020110,0,0,"루나의 탑 제2장 제5화","2019/11/12 15:00:00",8,"2030/04/24 14:59:59",7002005,0,91002,0,0,0,7002,"천진난만한 자매애",20,7002004,0,2,1
0,0,0,108,71020110,0,0,"루나의 탑 제3장 오프닝","2019/12/19 15:00:00",8,"2030/04/24 14:59:59",7003000,0,91002,0,0,0,7003,"톱모델과 아이돌",20,7002005,0,2,1
0,0,0,108,71030120,0,0,"루나의 탑 제3장 제1화","2019/12/19 15:00:00",8,"2030/04/24 14:59:59",7003001,0,91002,0,0,0,7003,"구구단으로 잘 부탁해!",20,7003000,0,2,1
0,0,0,108,71030130,0,0,"루나의 탑 제3장 제2화","2019/12/19 15:00:00",8,"2030/04/24 14:59:59",7003002,0,91002,0,0,0,7003,"네가 그렇게 상냥하니까",20,7003001,0,2,1
0,0,0,108,71030130,0,0,"루나의 탑 제3장 제3화","2020/01/16 15:00:00",8,"2030/04/24 14:59:59",7003003,0,91002,0,0,0,7003,"데이트 광소곡",20,7003002,0,2,1
0,0,0,108,71040140,0,0,"루나의 탑 제3장 제4화","2020/01/16 15:00:00",8,"2030/04/24 14:59:59",7003004,0,91002,0,0,0,7003,"사랑의 거짓 웃음",20,7003003,0,2,1
0,0,0,108,71040150,0,0,"루나의 탑 제3장 제5화","2020/01/16 15:00:00",8,"2030/04/24 14:59:59",7003005,0,91002,0,0,0,7003,"결의와 희망의 스테이지",20,7003004,0,2,1
0,0,0,108,71040150,0,0,"루나의 탑 제4장 오프닝","2020/02/13 15:00:00",8,"2030/04/24 14:59:59",7004000,0,91002,0,0,0,7004,"개막, 오빠 쟁탈전!",20,7003005,0,2,1
0,0,0,108,71050160,0,0,"루나의 탑 제4장 제1화","2020/02/13 15:00:00",8,"2030/04/24 14:59:59",7004001,0,91002,0,0,0,7004,"위험한 술래잡기",20,7004000,0,2,1
0,0,0,108,71050170,0,0,"루나의 탑 제4장 제2화","2020/02/13 15:00:00",8,"2030/04/24 14:59:59",7004002,0,91002,0,0,0,7004,"무궁화 꽃은 피지 않는다",20,7004001,0,2,1
0,0,0,108,71050170,0,0,"루나의 탑 제4장 제3화","2020/03/12 15:00:00",8,"2030/04/24 14:59:59",7004003,0,91002,0,0,0,7004,"의리 없는 피구",20,7004002,0,2,1
0,0,0,108,71060180,0,0,"루나의 탑 제4장 제4화","2020/03/12 15:00:00",8,"2030/04/24 14:59:59",7004004,0,91002,0,0,0,7004,"숨바꼭질로 찾은 것",20,7004003,0,2,1
0,0,0,108,71060190,0,0,"루나의 탑 제4장 제5화","2020/03/12 15:00:00",8,"2030/04/24 14:59:59",7004005,0,91002,0,0,0,7004,"모두의 오빠",20,7004004,0,2,1
0,0,0,108,71060190,0,0,"루나의 탑 제5장 오프닝","2020/04/16 15:00:00",8,"2030/04/24 14:59:59",7005000,0,91002,0,0,0,7005,"레이 님의 호위자",20,7004005,0,2,1
0,0,0,108,71070200,0,0,"루나의 탑 제5장 제1화","2020/04/16 15:00:00",8,"2030/04/24 14:59:59",7005001,0,91002,0,0,0,7005,"남자는 모두 늑대인간?",20,7005000,0,2,1
0,0,0,108,71070210,0,0,"루나의 탑 제5장 제2화","2020/04/16 15:00:00",8,"2030/04/24 14:59:59",7005002,0,91002,0,0,0,7005,"받아들일 수 있는 사람",20,7005001,0,2,1
0,0,0,108,71070210,0,0,"루나의 탑 제5장 제3화","2020/05/14 15:00:00",8,"2030/04/24 14:59:59",7005003,0,91002,0,0,0,7005,"가까워지는 거리감",20,7005002,0,2,1
0,0,0,108,71080220,0,0,"루나의 탑 제5장 제4화","2020/05/14 15:00:00",8,"2030/04/24 14:59:59",7005004,0,91002,0,0,0,7005,"받쳐줬을 뿐인데……",20,7005003,0,2,1
0,0,0,108,71080230,0,0,"루나의 탑 제5장 제5화","2020/05/14 15:00:00",8,"2030/04/24 14:59:59",7005005,0,91002,0,0,0,7005,"파란만장한 축제",20,7005004,0,2,1
0,0,0,108,71080230,0,0,"루나의 탑 제6장 오프닝","2020/06/11 15:00:00",8,"2030/04/24 14:59:59",7006000,0,91002,0,0,0,7006,"부딪치는 소녀의 마음",20,7005005,0,2,1
0,0,0,108,71090240,0,0,"루나의 탑 제6장 제1화","2020/06/11 15:00:00",8,"2030/04/24 14:59:59",7006001,0,91002,0,0,0,7006,"양보할 수 없는 주장과 우정",20,7006000,0,2,1
0,0,0,108,71090250,0,0,"루나의 탑 제6장 제2화","2020/06/11 15:00:00",8,"2030/04/24 14:59:59",7006002,0,91002,0,0,0,7006,"위스타리아의 신념",20,7006001,0,2,1
0,0,0,108,71090250,0,0,"루나의 탑 제6장 제3화","2020/07/14 15:00:00",8,"2030/04/24 14:59:59",7006003,0,91002,0,0,0,7006,"긍지와 신념의 쌍격",20,7006002,0,2,1
0,0,0,108,71100260,0,0,"루나의 탑 제6장 제4화","2020/07/14 15:00:00",8,"2030/04/24 14:59:59",7006004,0,91002,0,0,0,7006,"목표로 해야 할 이상",20,7006003,0,2,1
0,0,0,108,71100270,0,0,"루나의 탑 제6장 제5화","2020/07/14 15:00:00",8,"2030/04/24 14:59:59",7006005,0,91002,0,0,0,7006,"지금 이곳에 있는 인연",20,7006004,0,2,1
0,0,0,108,71100270,0,0,"루나의 탑 제7장 오프닝","2020/08/13 15:00:00",8,"2030/04/24 14:59:59",7007000,0,91002,0,0,0,7007,"질풍의 명희와 전설의 흡혈귀",20,7006005,0,2,1
0,0,0,108,71110280,0,0,"루나의 탑 제7장 제1화","2020/08/13 15:00:00",8,"2030/04/24 14:59:59",7007001,0,91002,0,0,0,7007,"진실의 흡혈귀",20,7007000,0,2,1
0,0,0,108,71110290,0,0,"루나의 탑 제7장 제2화","2020/08/13 15:00:00",8,"2030/04/24 14:59:59",7007002,0,91002,0,0,0,7007,"권속들의 향연",20,7007001,0,2,1
0,0,0,108,71110290,0,0,"루나의 탑 제7장 제3화","2020/09/15 15:00:00",8,"2030/04/24 14:59:59",7007003,0,91002,0,0,0,7007,"명풍을 아는 자",20,7007002,0,2,1
0,0,0,108,71120300,0,0,"루나의 탑 제7장 제4화","2020/09/15 15:00:00",8,"2030/04/24 14:59:59",7007004,0,91002,0,0,0,7007,"마안 해방!",20,7007003,0,2,1
0,0,0,108,71120310,0,0,"루나의 탑 제7장 제5화","2020/09/15 15:00:00",8,"2030/04/24 14:59:59",7007005,0,91002,0,0,0,7007,"마서를 둘러싼 싸움",20,7007004,0,2,1
0,0,0,108,71120310,0,0,"루나의 탑 제8장 오프닝","2020/10/14 15:00:00",8,"2030/04/24 14:59:59",7008000,0,91002,0,0,0,7008,"여동생들의 비밀 계획",20,7007005,0,2,1
0,0,0,108,71130320,0,0,"루나의 탑 제8장 제1화","2020/10/14 15:00:00",8,"2030/04/24 14:59:59",7008001,0,91002,0,0,0,7008,"신나는 언니 이야기",20,7008000,0,2,1
0,0,0,108,71130330,0,0,"루나의 탑 제8장 제2화","2020/10/14 15:00:00",8,"2030/04/24 14:59:59",7008002,0,91002,0,0,0,7008,"틀리게 말한 게 아니에요",20,7008001,0,2,1
0,0,0,108,71130330,0,0,"루나의 탑 제8장 제3화","2020/11/13 15:00:00",8,"2030/04/24 14:59:59",7008003,0,91002,0,0,0,7008,"포상으로 하이텐션",20,7008002,0,2,1
0,0,0,108,71140340,0,0,"루나의 탑 제8장 제4화","2020/11/13 15:00:00",8,"2030/04/24 14:59:59",7008004,0,91002,0,0,0,7008,"논스톱 목말",20,7008003,0,2,1
0,0,0,108,71140350,0,0,"루나의 탑 제8장 제5화","2020/11/13 15:00:00",8,"2030/04/24 14:59:59",7008005,0,91002,0,0,0,7008,"꿈의 디저트 파라다이스",20,7008004,0,2,1
0,0,0,108,71140350,0,0,"루나의 탑 제9장 오프닝","2020/12/15 15:00:00",8,"2030/04/24 14:59:59",7009000,0,91002,0,0,0,7009,"백마? 와 공주님",20,7008005,0,2,1
0,0,0,108,71150355,0,0,"루나의 탑 제9장 제1화","2020/12/15 15:00:00",8,"2030/04/24 14:59:59",7009001,0,91002,0,0,0,7009,"왕국에 피는 한 송이의 리마",20,7009000,0,2,1
0,0,0,108,71150360,0,0,"루나의 탑 제9장 제2화","2020/12/15 15:00:00",8,"2030/04/24 14:59:59",7009002,0,91002,0,0,0,7009,"마호마호 왕국과 유니콘",20,7009001,0,2,1
0,0,0,108,71150360,0,0,"루나의 탑 제9장 제3화","2021/01/15 15:00:00",8,"2030/04/24 14:59:59",7009003,0,91002,0,0,0,7009,"상냥한 허그를 해줘",20,7009002,0,2,1
0,0,0,108,71160365,0,0,"루나의 탑 제9장 제4화","2021/01/15 15:00:00",8,"2030/04/24 14:59:59",7009004,0,91002,0,0,0,7009,"마호 공주와 리마 공주",20,7009003,0,2,1
0,0,0,108,71160370,0,0,"루나의 탑 제9장 제5화","2021/01/15 15:00:00",8,"2030/04/24 14:59:59",7009005,0,91002,0,0,0,7009,"프린세스 퍼레이드",20,7009004,0,2,1
0,0,0,108,71160370,0,0,"루나의 탑 제10장 오프닝","2021/02/11 15:00:00",8,"2030/04/24 14:59:59",7010000,0,91002,0,0,0,7010,"과외 수업 시작",20,7009005,0,2,1
0,0,0,108,71170375,0,0,"루나의 탑 제10장 제1화","2021/02/11 15:00:00",8,"2030/04/24 14:59:59",7010001,0,91002,0,0,0,7010,"넘치는 매력은 무한대",20,7010000,0,2,1
0,0,0,108,71170380,0,0,"루나의 탑 제10장 제2화","2021/02/11 15:00:00",8,"2030/04/24 14:59:59",7010002,0,91002,0,0,0,7010,"생각지 못한 조언",20,7010001,0,2,1
0,0,0,108,71170380,0,0,"루나의 탑 제10장 제3화","2021/03/16 15:00:00",8,"2030/04/24 14:59:59",7010003,0,91002,0,0,0,7010,"선생님의 길도 한 걸음씩",20,7010002,0,2,1
0,0,0,108,71180385,0,0,"루나의 탑 제10장 제4화","2021/03/16 15:00:00",8,"2030/04/24 14:59:59",7010004,0,91002,0,0,0,7010,"언젠가 둥지를 떠날 날까지",20,7010003,0,2,1
0,0,0,108,71180390,0,0,"루나의 탑 제10장 제5화","2021/03/16 15:00:00",8,"2030/04/24 14:59:59",7010005,0,91002,0,0,0,7010,"교사와 보육 교사의 특별 실습",20,7010004,0,2,1
0,0,0,108,71180390,0,0,"루나의 탑 제11장 오프닝","2021/04/11 15:00:00",8,"2030/04/24 14:59:59",7011000,0,91002,0,0,0,7011,"떠들썩한 개막",20,7010005,0,2,1
0,0,0,108,71190395,0,0,"루나의 탑 제11장 제1화","2021/04/11 15:00:00",8,"2030/04/24 14:59:59",7011001,0,91002,0,0,0,7011,"인법과 검의 뛰어남",20,7011000,0,2,1
0,0,0,108,71190400,0,0,"루나의 탑 제11장 제2화","2021/04/11 15:00:00",8,"2030/04/24 14:59:59",7011002,0,91002,0,0,0,7011,"길드 잡담",20,7011001,0,2,1
0,0,0,108,71190400,0,0,"루나의 탑 제11장 제3화","2021/05/13 15:00:00",8,"2030/04/24 14:59:59",7011003,0,91002,0,0,0,7011,"동국 마니아는 이렇게 말했다",20,7011002,0,2,1
0,0,0,108,71200405,0,0,"루나의 탑 제11장 제4화","2021/05/13 15:00:00",8,"2030/04/24 14:59:59",7011004,0,91002,0,0,0,7011,"검이 맺어준 인연",20,7011003,0,2,1
0,0,0,108,71200410,0,0,"루나의 탑 제11장 제5화","2021/05/13 15:00:00",8,"2030/04/24 14:59:59",7011005,0,91002,0,0,0,7011,"싱싱한 인어지교",20,7011004,0,2,1
0,0,0,108,71200410,0,0,"루나의 탑 제12장 오프닝","2021/06/14 15:00:00",8,"2030/04/24 14:59:59",7012000,0,91002,0,0,0,7012,"파괴사를 바라보는 눈동자",20,7011005,0,2,1
0,0,0,108,71210415,0,0,"루나의 탑 제12장 제1화","2021/06/14 15:00:00",8,"2030/04/24 14:59:59",7012001,0,91002,0,0,0,7012,"수습 걸 아유미",20,7012000,0,2,1
0,0,0,108,71210420,0,0,"루나의 탑 제12장 제2화","2021/06/14 15:00:00",8,"2030/04/24 14:59:59",7012002,0,91002,0,0,0,7012,"바라보는 소녀가 뻗은 손",20,7012001,0,2,1
0,0,0,108,71210420,0,0,"루나의 탑 제12장 제3화","2021/07/15 15:00:00",8,"2030/04/24 14:59:59",7012003,0,91002,0,0,0,7012,"수상한 소녀, 상냥한 여성",20,7012002,0,2,1
0,0,0,108,71220425,0,0,"루나의 탑 제12장 제4화","2021/07/15 15:00:00",8,"2030/04/24 14:59:59",7012004,0,91002,0,0,0,7012,"착각 스파이럴",20,7012003,0,2,1
0,0,0,108,71220430,0,0,"루나의 탑 제12장 제5화","2021/07/15 15:00:00",8,"2030/04/24 14:59:59",7012005,0,91002,0,0,0,7012,"엇갈리는 두 사람의 거리",20,7012004,0,2,1
0,0,0,108,71220430,0,0,"루나의 탑 제13장 오프닝","2021/08/16 15:00:00",8,"2030/04/24 14:59:59",7013000,0,91002,0,0,0,7013,"물과 기름의 행방",20,7012005,0,2,1
0,0,0,108,71230435,0,0,"루나의 탑 제13장 제1화","2021/08/16 15:00:00",8,"2030/04/24 14:59:59",7013001,0,91002,0,0,0,7013,"린을 찾아라",20,7013000,0,2,1
0,0,0,108,71230440,0,0,"루나의 탑 제13장 제2화","2021/08/16 15:00:00",8,"2030/04/24 14:59:59",7013002,0,91002,0,0,0,7013,"탑의 탐색은 끝나지 않는다",20,7013001,0,2,1
0,0,0,108,71230440,0,0,"루나의 탑 제13장 제3화","2021/09/15 15:00:00",8,"2030/04/24 14:59:59",7013003,0,91002,0,0,0,7013,"휴식 휴식 또 휴식",20,7013002,0,2,1
0,0,0,108,71240445,0,0,"루나의 탑 제13장 제4화","2021/09/15 15:00:00",8,"2030/04/24 14:59:59",7013004,0,91002,0,0,0,7013,"휴식의 진수는 노동에 있다",20,7013003,0,2,1
0,0,0,108,71240450,0,0,"루나의 탑 제13장 제5화","2021/09/15 15:00:00",8,"2030/04/24 14:59:59",7013005,0,91002,0,0,0,7013,"언젠가 일할게, 지금은 아니야",20,7013004,0,2,1
0,0,0,108,71240450,0,0,"루나의 탑 제14장 오프닝","2021/10/17 15:00:00",8,"2030/04/24 14:59:59",7014000,0,91002,0,0,0,7014,"이상과의 만남",20,7013005,0,2,1
0,0,0,108,71250455,0,0,"루나의 탑 제14장 제1화","2021/10/17 15:00:00",8,"2030/04/24 14:59:59",7014001,0,91002,0,0,0,7014,"숙녀는 알고 싶어 한다",20,7014000,0,2,1
0,0,0,108,71250460,0,0,"루나의 탑 제14장 제2화","2021/10/17 15:00:00",8,"2030/04/24 14:59:59",7014002,0,91002,0,0,0,7014,"똑똑한 어른의 휴대 식량",20,7014001,0,2,1
0,0,0,108,71250460,0,0,"루나의 탑 제14장 제3화","2021/11/15 15:00:00",8,"2030/04/24 14:59:59",7014003,0,91002,0,0,0,7014,"숙녀가 아는 진실",20,7014002,0,2,1
0,0,0,108,71260465,0,0,"루나의 탑 제14장 제4화","2021/11/15 15:00:00",8,"2030/04/24 14:59:59",7014004,0,91002,0,0,0,7014,"이상적인 어른이 아니어도",20,7014003,0,2,1
0,0,0,108,71260470,0,0,"루나의 탑 제14장 제5화","2021/11/15 15:00:00",8,"2030/04/24 14:59:59",7014005,0,91002,0,0,0,7014,"건배로 통하는 마음",20,7014004,0,2,1
0,0,0,108,71260470,0,0,"루나의 탑 제15장 오프닝","2021/12/18 15:00:00",8,"2030/04/24 14:59:59",7015000,0,91002,0,0,0,7015,"이단 선배와 무적의 보호자",20,7014005,0,2,1
0,0,0,108,71270475,0,0,"루나의 탑 제15장 제1화","2021/12/18 15:00:00",8,"2030/04/24 14:59:59",7015001,0,91002,0,0,0,7015,"본증 : 나는 그의 누나이다",20,7015000,0,2,1
0,0,0,108,71270480,0,0,"루나의 탑 제15장 제2화","2021/12/18 15:00:00",8,"2030/04/24 14:59:59",7015002,0,91002,0,0,0,7015,"반증 : 자네와 그는 남남이다",20,7015001,0,2,1
0,0,0,108,71270480,0,0,"루나의 탑 제15장 제3화","2022/01/17 15:00:00",8,"2030/04/24 14:59:59",7015003,0,91002,0,0,0,7015,"강의는 춤춘다, 그러나 진전은 없다",20,7015002,0,2,1
0,0,0,108,71280485,0,0,"루나의 탑 제15장 제4화","2022/01/17 15:00:00",8,"2030/04/24 14:59:59",7015004,0,91002,0,0,0,7015,"교차하는 평행선",20,7015003,0,2,1
0,0,0,108,71280490,0,0,"루나의 탑 제15장 제5화","2022/01/17 15:00:00",8,"2030/04/24 14:59:59",7015005,0,91002,0,0,0,7015,"뒤얽힌 평행선",20,7015004,0,2,1
0,0,0,108,71280490,0,0,"루나의 탑 제16장 오프닝","2022/02/17 15:00:00",8,"2030/04/24 14:59:59",7016000,0,91002,0,0,0,7016,"창환술사와 살며시 다가오는 그림자",20,7015005,0,2,1
0,0,0,108,71290495,0,0,"루나의 탑 제16장 제1화","2022/02/17 15:00:00",8,"2030/04/24 14:59:59",7016001,0,91002,0,0,0,7016,"푸딩 도둑의 정체",20,7016000,0,2,1
0,0,0,108,71290500,0,0,"루나의 탑 제16장 제2화","2022/02/17 15:00:00",8,"2030/04/24 14:59:59",7016002,0,91002,0,0,0,7016,"카르미나의 새로운 멤버!?",20,7016001,0,2,1
0,0,0,108,71290500,0,0,"루나의 탑 제16장 제3화","2022/03/18 15:00:00",8,"2030/04/24 14:59:59",7016003,0,91002,0,0,0,7016,"가출의 진상",20,7016002,0,2,1
0,0,0,108,71300505,0,0,"루나의 탑 제16장 제4화","2022/03/18 15:00:00",8,"2030/04/24 14:59:59",7016004,0,91002,0,0,0,7016,"맛있는 푸딩을 위해서",20,7016003,0,2,1
0,0,0,108,71300510,0,0,"루나의 탑 제16장 제5화","2022/03/18 15:00:00",8,"2030/04/24 14:59:59",7016005,0,91002,0,0,0,7016,"인연을 자아내는 선율",20,7016004,0,2,1
0,0,0,108,71300510,0,0,"루나의 탑 제17장 오프닝","2022/04/17 15:00:00",8,"2030/04/24 14:59:59",7017000,0,91002,0,0,0,7017,"일촉즉발의 해후",20,7016005,0,2,1
0,0,0,108,71310515,0,0,"루나의 탑 제17장 제1화","2022/04/17 15:00:00",8,"2030/04/24 14:59:59",7017001,0,91002,0,0,0,7017,"각자의 독무대",20,7017000,0,2,1
0,0,0,108,71310520,0,0,"루나의 탑 제17장 제2화","2022/04/17 15:00:00",8,"2030/04/24 14:59:59",7017002,0,91002,0,0,0,7017,"재색겸비의 증명",20,7017001,0,2,1
0,0,0,108,71310520,0,0,"루나의 탑 제17장 제3화","2022/05/16 15:00:00",8,"2030/04/24 14:59:59",7017003,0,91002,0,0,0,7017,"빛나는 무대로의 초대",20,7017002,0,2,1
0,0,0,108,71320525,0,0,"루나의 탑 제17장 제4화","2022/05/16 15:00:00",8,"2030/04/24 14:59:59",7017004,0,91002,0,0,0,7017,"두려움 없이 한 걸음 앞으로",20,7017003,0,2,1
0,0,0,108,71320530,0,0,"루나의 탑 제17장 제5화","2022/05/16 15:00:00",8,"2030/04/24 14:59:59",7017005,0,91002,0,0,0,7017,"끝없는 연회를 함께",20,7017004,0,2,1
0,0,0,108,71320530,0,0,"루나의 탑 제18장 오프닝","2022/06/16 15:00:00",8,"2030/04/24 14:59:59",7018000,0,91002,0,0,0,7018,"불길한 징조",20,7017005,0,2,1
0,0,0,108,71330535,0,0,"루나의 탑 제18장 제1화","2022/06/16 15:00:00",8,"2030/04/24 14:59:59",7018001,0,91002,0,0,0,7018,"악령이 씌어서 운이 없다?",20,7018000,0,2,1
0,0,0,108,71330540,0,0,"루나의 탑 제18장 제2화","2022/06/16 15:00:00",8,"2030/04/24 14:59:59",7018002,0,91002,0,0,0,7018,"노려지는 자, 지키는 자",20,7018001,0,2,1
0,0,0,108,71330540,0,0,"루나의 탑 제18장 제3화","2022/07/17 15:00:00",8,"2030/04/24 14:59:59",7018003,0,91002,0,0,0,7018,"자나 깨나 불조심",20,7018002,0,2,1
0,0,0,108,71340545,0,0,"루나의 탑 제18장 제4화","2022/07/17 15:00:00",8,"2030/04/24 14:59:59",7018004,0,91002,0,0,0,7018,"지키고 싶은 미소",20,7018003,0,2,1
0,0,0,108,71340550,0,0,"루나의 탑 제18장 제5화","2022/07/17 15:00:00",8,"2030/04/24 14:59:59",7018005,0,91002,0,0,0,7018,"악령 퇴치! 덜렁이 졸업?",20,7018004,0,2,1
0,0,0,108,71340550,0,0,"루나의 탑 제19장 오프닝","2022/08/15 15:00:00",8,"2030/04/24 14:59:59",7019000,0,91002,0,0,0,7019,"엇갈리는 군인들",20,7018005,0,2,1
0,0,0,108,71350555,0,0,"루나의 탑 제19장 제1화","2022/08/15 15:00:00",8,"2030/04/24 14:59:59",7019001,0,91002,0,0,0,7019,"단장의 착각",20,7019000,0,2,1
0,0,0,108,71350560,0,0,"루나의 탑 제19장 제2화","2022/08/15 15:00:00",8,"2030/04/24 14:59:59",7019002,0,91002,0,0,0,7019,"동경을 좇아서",20,7019001,0,2,1
0,0,0,108,71350560,0,0,"루나의 탑 제19장 제3화","2022/09/15 15:00:00",8,"2030/04/24 14:59:59",7019003,0,91002,0,0,0,7019,"마음을 나누는 동지로서",20,7019002,0,2,1
0,0,0,108,71360565,0,0,"루나의 탑 제19장 제4화","2022/09/15 15:00:00",8,"2030/04/24 14:59:59",7019004,0,91002,0,0,0,7019,"오르는 계단과 늘어선 뒷모습",20,7019003,0,2,1
0,0,0,108,71360570,0,0,"루나의 탑 제19장 제5화","2022/09/15 15:00:00",8,"2030/04/24 14:59:59",7019005,0,91002,0,0,0,7019,"히어로와 히어로",20,7019004,0,2,1
0,0,0,108,71360570,0,0,"루나의 탑 제20장 오프닝","2022/10/16 15:00:00",8,"2030/04/24 14:59:59",7020000,0,91002,0,0,0,7020,"가라, 개그 붕어빵 부대",20,7019005,0,2,1
0,0,0,108,71370575,0,0,"루나의 탑 제20장 제1화","2022/10/16 15:00:00",8,"2030/04/24 14:59:59",7020001,0,91002,0,0,0,7020,"최고의 재료, 지고의 재능",20,7020000,0,2,1
0,0,0,108,71370580,0,0,"루나의 탑 제20장 제2화","2022/10/16 15:00:00",8,"2030/04/24 14:59:59",7020002,0,91002,0,0,0,7020,"운명의 파트너?",20,7020001,0,2,1
0,0,0,108,71370580,0,0,"루나의 탑 제20장 제3화","2022/11/16 15:00:00",8,"2030/04/24 14:59:59",7020003,0,91002,0,0,0,7020,"가능성은 무한대",20,7020002,0,2,1
0,0,0,108,71380585,0,0,"루나의 탑 제20장 제4화","2022/11/16 15:00:00",8,"2030/04/24 14:59:59",7020004,0,91002,0,0,0,7020,"정열은 일심동체",20,7020003,0,2,1
0,0,0,108,71380590,0,0,"루나의 탑 제20장 제5화","2022/11/16 15:00:00",8,"2030/04/24 14:59:59",7020005,0,91002,0,0,0,7020,"모두를 웃는 얼굴로 만들기 위해서",20,7020004,0,2,1
0,0,0,108,71380590,0,0,"루나의 탑 제21장 오프닝","2022/12/17 15:00:00",8,"2030/04/24 14:59:59",7021000,0,91002,0,0,0,7021,"그녀는 요주의 인물",20,7020005,0,2,1
0,0,0,108,71390595,0,0,"루나의 탑 제21장 제1화","2022/12/17 15:00:00",8,"2030/04/24 14:59:59",7021001,0,91002,0,0,0,7021,"악행은 봐줄 수 없지만",20,7021000,0,2,1
0,0,0,108,71390600,0,0,"루나의 탑 제21장 제2화","2022/12/17 15:00:00",8,"2030/04/24 14:59:59",7021002,0,91002,0,0,0,7021,"속을 알 수 없는 상대",20,7021001,0,2,1
0,0,0,108,71390600,0,0,"루나의 탑 제21장 제3화","2023/01/14 15:00:00",8,"2030/04/24 14:59:59",7021003,0,91002,0,0,0,7021,"독도 약도 쓰기 나름",20,7021002,0,2,1
0,0,0,108,71400605,0,0,"루나의 탑 제21장 제4화","2023/01/14 15:00:00",8,"2030/04/24 14:59:59",7021004,0,91002,0,0,0,7021,"믿고 있기에",20,7021003,0,2,1
0,0,0,108,71400610,0,0,"루나의 탑 제21장 제5화","2023/01/14 15:00:00",8,"2030/04/24 14:59:59",7021005,0,91002,0,0,0,7021,"놀리면서, 이어지며",20,7021004,0,2,1
0,0,0,108,71400610,0,0,"루나의 탑 제22장 오프닝","2023/02/15 15:00:00",8,"2030/04/24 14:59:59",7022000,0,91002,0,0,0,7022,"잠자는 공주와 마법 소녀",20,7021005,0,2,1
0,0,0,108,71410615,0,0,"루나의 탑 제22장 제1화","2023/02/15 15:00:00",8,"2030/04/24 14:59:59",7022001,0,91002,0,0,0,7022,"마법 소녀여, 건전해라",20,7022000,0,2,1
0,0,0,108,71410620,0,0,"루나의 탑 제22장 제2화","2023/02/15 15:00:00",8,"2030/04/24 14:59:59",7022002,0,91002,0,0,0,7022,"완전한 이해는 오해",20,7022001,0,2,1
0,0,0,108,71410620,0,0,"루나의 탑 제22장 제3화","2023/03/18 15:00:00",8,"2030/04/24 14:59:59",7022003,0,91002,0,0,0,7022,"뒤바뀌기 사변",20,7022002,0,2,1
0,0,0,108,71420625,0,0,"루나의 탑 제22장 제4화","2023/03/18 15:00:00",8,"2030/04/24 14:59:59",7022004,0,91002,0,0,0,7022,"시행착오를 겪는 새 마법",20,7022003,0,2,1
0,0,0,108,71420630,0,0,"루나의 탑 제22장 제5화","2023/03/18 15:00:00",8,"2030/04/24 14:59:59",7022005,0,91002,0,0,0,7022,"행복한 마법은 비밀과 함께",20,7022004,0,2,1
0,0,0,108,71420630,0,0,"루나의 탑 제23장 오프닝","2023/04/15 15:00:00",8,"2030/04/24 14:59:59",7023000,0,91002,0,0,0,7023,"호랑이들의 해후",20,7022005,0,2,1
0,0,0,108,71430635,0,0,"루나의 탑 제23장 제1화","2023/04/15 15:00:00",8,"2030/04/24 14:59:59",7023001,0,91002,0,0,0,7023,"극적 탄생, 더블 히어로?",20,7023000,0,2,1
0,0,0,108,71430640,0,0,"루나의 탑 제23장 제2화","2023/04/15 15:00:00",8,"2030/04/24 14:59:59",7023002,0,91002,0,0,0,7023,"숨길 수 없는 재능",20,7023001,0,2,1
0,0,0,108,71430640,0,0,"루나의 탑 제23장 제3화","2023/05/17 15:00:00",8,"2030/04/24 14:59:59",7023003,0,91002,0,0,0,7023,"비밀의 타이거 동료?",20,7023002,0,2,1
0,0,0,108,71440645,0,0,"루나의 탑 제23장 제4화","2023/05/17 15:00:00",8,"2030/04/24 14:59:59",7023004,0,91002,0,0,0,7023,"솟아나는 용기",20,7023003,0,2,1
0,0,0,108,71440650,0,0,"루나의 탑 제23장 제5화","2023/05/17 15:00:00",8,"2030/04/24 14:59:59",7023005,0,91002,0,0,0,7023,"트리플 히어로 등장!",20,7023004,0,2,1
0,0,0,108,71440650,0,0,"루나의 탑 제24장 오프닝","2023/07/16 15:00:00",8,"2030/04/24 14:59:59",7024000,0,91002,0,0,0,7024,"4명이나 있다!?",20,7023005,0,2,1
0,0,0,108,71450655,0,0,"루나의 탑 제24장 제1화","2023/07/16 15:00:00",8,"2030/04/24 14:59:59",7024001,0,91002,0,0,0,7024,"수수께끼의 비서 2호",20,7024000,0,2,1
0,0,0,108,71450660,0,0,"루나의 탑 제24장 제2화","2023/07/16 15:00:00",8,"2030/04/24 14:59:59",7024002,0,91002,0,0,0,7024,"헤드헌팅",20,7024001,0,2,1
0,0,0,108,71450660,0,0,"루나의 탑 제24장 제3화","2023/09/15 15:00:00",8,"2030/04/24 14:59:59",7024003,0,91002,0,0,0,7024,"「마법사」의 정체는",20,7024002,0,2,1
0,0,0,108,71460665,0,0,"루나의 탑 제24장 제4화","2023/09/15 15:00:00",8,"2030/04/24 14:59:59",7024004,0,91002,0,0,0,7024,"언더도그의 충의",20,7024003,0,2,1
0,0,0,108,71460670,0,0,"루나의 탑 제24장 제5화","2023/09/15 15:00:00",8,"2030/04/24 14:59:59",7024005,0,91002,0,0,0,7024,"두 사람의 에코노미카",20,7024004,0,2,1
0,0,0,108,71460670,0,0,"루나의 탑 제25장 오프닝","2023/11/18 15:00:00",8,"2030/04/24 14:59:59",7025000,0,91002,0,0,0,7025,"드래곤족과 수인족, 모이다",20,7024005,0,2,1
0,0,0,108,71470675,0,0,"루나의 탑 제25장 제1화","2023/11/18 15:00:00",8,"2030/04/24 14:59:59",7025001,0,91002,0,0,0,7025,"능력 있는 수인족은 주먹을 숨긴다",20,7025000,0,2,1
0,0,0,108,71470680,0,0,"루나의 탑 제25장 제2화","2023/11/18 15:00:00",8,"2030/04/24 14:59:59",7025002,0,91002,0,0,0,7025,"감미로운 잠깐의 휴식",20,7025001,0,2,1
0,0,0,108,71470680,0,0,"루나의 탑 제25장 제3화","2024/01/18 15:00:00",8,"2030/04/24 14:59:59",7025003,0,91002,0,0,0,7025,"용수상박",20,7025002,0,2,1
0,0,0,108,71480685,0,0,"루나의 탑 제25장 제4화","2024/01/18 15:00:00",8,"2030/04/24 14:59:59",7025004,0,91002,0,0,0,7025,"그것은 뜨거운 수호의 쌍주먹",20,7025003,0,2,1
0,0,0,108,71480690,0,0,"루나의 탑 제25장 제5화","2024/01/18 15:00:00",8,"2030/04/24 14:59:59",7025005,0,91002,0,0,0,7025,"공수도 소녀들의 속마음",20,7025004,0,2,1
0,0,0,108,71480690,0,0,"루나의 탑 제26장 오프닝","2024/04/17 15:00:00",8,"2030/04/24 14:59:59",7026000,0,91002,0,0,0,7026,"맞지 않는 시선",20,7025005,0,2,1
0,0,0,108,71490695,0,0,"루나의 탑 제26장 제1화","2024/04/17 15:00:00",8,"2030/04/24 14:59:59",7026001,0,91002,0,0,0,7026,"달콤한 이상과 무자비한 현실",20,7026000,0,2,1
0,0,0,108,71490700,0,0,"루나의 탑 제26장 제2화","2024/04/17 15:00:00",8,"2030/04/24 14:59:59",7026002,0,91002,0,0,0,7026,"엇갈리는 두 마음",20,7026001,0,2,1
0,0,0,108,71490700,0,0,"루나의 탑 제26장 제3화","2024/07/17 15:00:00",8,"2030/04/24 14:59:59",7026003,0,91002,0,0,0,7026,"나아가고 물러섰다가, 다시 앞으로",20,7026002,0,2,1
0,0,0,108,71500705,0,0,"루나의 탑 제26장 제4화","2024/07/17 15:00:00",8,"2030/04/24 14:59:59",7026004,0,91002,0,0,0,7026,"인형이 이어 준 계기",20,7026003,0,2,1
0,0,0,108,71500710,0,0,"루나의 탑 제26장 제5화","2024/07/17 15:00:00",8,"2030/04/24 14:59:59",7026005,0,91002,0,0,0,7026,"마음의 결실",20,7026004,0,2,1
0,0,0,108,71500710,0,0,"루나의 탑 제27장 오프닝","2024/10/15 15:00:00",8,"2030/04/24 14:59:59",7027000,0,91002,0,0,0,7027,"자칭 빅 보스와 대악당",20,7026005,0,2,1
0,0,0,108,71510715,0,0,"루나의 탑 제27장 제1화","2024/10/15 15:00:00",8,"2030/04/24 14:59:59",7027001,0,91002,0,0,0,7027,"과거의 약속",20,7027000,0,2,1
0,0,0,108,71510720,0,0,"루나의 탑 제27장 제2화","2024/10/15 15:00:00",8,"2030/04/24 14:59:59",7027002,0,91002,0,0,0,7027,"나쁜 녀석, 좋은 녀석",20,7027001,0,2,1
0,0,0,108,71510720,0,0,"루나의 탑 제27장 제3화","2025/01/17 15:00:00",8,"2030/04/24 14:59:59",7027003,0,91002,0,0,0,7027,"아무리 상대가 강해도",20,7027002,0,2,1
0,0,0,108,71520725,0,0,"루나의 탑 제27장 제4화","2025/01/17 15:00:00",8,"2030/04/24 14:59:59",7027004,0,91002,0,0,0,7027,"보물보다도 중요한 것",20,7027003,0,2,1
0,0,0,108,71520730,0,0,"루나의 탑 제27장 제5화","2025/01/17 15:00:00",8,"2030/04/24 14:59:59",7027005,0,91002,0,0,0,7027,"빅 보스가 태어난 날",20,7027004,0,2,1
0,0,0,108,71520730,0,0,"루나의 탑 제28장 오프닝","2025/05/16 15:00:00",8,"2030/04/24 14:59:59",7028000,0,91002,0,0,0,7028,"루나의 탑을 분석하라",20,7027005,0,2,1
0,0,0,108,71530735,0,0,"루나의 탑 제28장 제1화","2025/05/16 15:00:00",8,"2030/04/24 14:59:59",7028001,0,91002,0,0,0,7028,"수호자 뱀파이어",20,7028000,0,2,1
0,0,0,108,71530740,0,0,"루나의 탑 제28장 제2화","2025/05/16 15:00:00",8,"2030/04/24 14:59:59",7028002,0,91002,0,0,0,7028,"거탑에 숨어 있는 수수께끼",20,7028001,0,2,1
0,0,0,108,71530740,0,0,"루나의 탑 제28장 제3화","2025/09/16 15:00:00",8,"2030/04/24 14:59:59",7028003,0,91002,0,0,0,7028,"신비를 규명하는 눈동자",20,7028002,0,2,1
0,0,0,108,71540745,0,0,"루나의 탑 제28장 제4화","2025/09/16 15:00:00",8,"2030/04/24 14:59:59",7028004,0,91002,0,0,0,7028,"흡혈 공주가 좋아하는 것은?",20,7028003,0,2,1
0,0,0,108,71540750,0,0,"루나의 탑 제28장 제5화","2025/09/16 15:00:00",8,"2030/04/24 14:59:59",7028005,0,91002,0,0,0,7028,"한밤중, 불꽃, 도피행",20,7028004,0,2,1
